CREATE DATABASE  IF NOT EXISTS `finance_back` /*!40100 DEFAULT CHARACTER SET latin1 */;
USE `finance_back`;
-- MySQL dump 10.13  Distrib 5.7.20, for Linux (x86_64)
--
-- Host: 127.0.0.1    Database: finance_back
-- ------------------------------------------------------
-- Server version	5.7.20-0ubuntu0.17.10.1

/*!40101 SET @OLD_CHARACTER_SET_CLIENT=@@CHARACTER_SET_CLIENT */;
/*!40101 SET @OLD_CHARACTER_SET_RESULTS=@@CHARACTER_SET_RESULTS */;
/*!40101 SET @OLD_COLLATION_CONNECTION=@@COLLATION_CONNECTION */;
/*!40101 SET NAMES utf8 */;
/*!40103 SET @OLD_TIME_ZONE=@@TIME_ZONE */;
/*!40103 SET TIME_ZONE='+00:00' */;
/*!40014 SET @OLD_UNIQUE_CHECKS=@@UNIQUE_CHECKS, UNIQUE_CHECKS=0 */;
/*!40014 SET @OLD_FOREIGN_KEY_CHECKS=@@FOREIGN_KEY_CHECKS, FOREIGN_KEY_CHECKS=0 */;
/*!40101 SET @OLD_SQL_MODE=@@SQL_MODE, SQL_MODE='NO_AUTO_VALUE_ON_ZERO' */;
/*!40111 SET @OLD_SQL_NOTES=@@SQL_NOTES, SQL_NOTES=0 */;

--
-- Table structure for table `activities`
--

DROP TABLE IF EXISTS `activities`;
/*!40101 SET @saved_cs_client     = @@character_set_client */;
/*!40101 SET character_set_client = utf8 */;
CREATE TABLE `activities` (
  `id` int(10) unsigned NOT NULL AUTO_INCREMENT,
  `created_at` timestamp NULL DEFAULT NULL,
  `updated_at` timestamp NULL DEFAULT NULL,
  `name` varchar(255) COLLATE utf8mb4_unicode_ci NOT NULL,
  PRIMARY KEY (`id`)
) ENGINE=InnoDB AUTO_INCREMENT=3 DEFAULT CHARSET=utf8mb4 COLLATE=utf8mb4_unicode_ci;
/*!40101 SET character_set_client = @saved_cs_client */;

--
-- Dumping data for table `activities`
--

LOCK TABLES `activities` WRITE;
/*!40000 ALTER TABLE `activities` DISABLE KEYS */;
INSERT INTO `activities` VALUES (1,NULL,NULL,'Actividad 1'),(2,NULL,NULL,'Actividad 2');
/*!40000 ALTER TABLE `activities` ENABLE KEYS */;
UNLOCK TABLES;

--
-- Table structure for table `iibb_perceptions`
--

DROP TABLE IF EXISTS `iibb_perceptions`;
/*!40101 SET @saved_cs_client     = @@character_set_client */;
/*!40101 SET character_set_client = utf8 */;
CREATE TABLE `iibb_perceptions` (
  `id` int(10) unsigned NOT NULL AUTO_INCREMENT,
  `created_at` timestamp NULL DEFAULT NULL,
  `updated_at` timestamp NULL DEFAULT NULL,
  `name` varchar(255) COLLATE utf8mb4_unicode_ci NOT NULL,
  `code` varchar(255) COLLATE utf8mb4_unicode_ci NOT NULL,
  PRIMARY KEY (`id`)
) ENGINE=InnoDB DEFAULT CHARSET=utf8mb4 COLLATE=utf8mb4_unicode_ci;
/*!40101 SET character_set_client = @saved_cs_client */;

--
-- Dumping data for table `iibb_perceptions`
--

LOCK TABLES `iibb_perceptions` WRITE;
/*!40000 ALTER TABLE `iibb_perceptions` DISABLE KEYS */;
/*!40000 ALTER TABLE `iibb_perceptions` ENABLE KEYS */;
UNLOCK TABLES;

--
-- Table structure for table `migrations`
--

DROP TABLE IF EXISTS `migrations`;
/*!40101 SET @saved_cs_client     = @@character_set_client */;
/*!40101 SET character_set_client = utf8 */;
CREATE TABLE `migrations` (
  `id` int(10) unsigned NOT NULL AUTO_INCREMENT,
  `migration` varchar(255) COLLATE utf8mb4_unicode_ci NOT NULL,
  `batch` int(11) NOT NULL,
  PRIMARY KEY (`id`)
) ENGINE=InnoDB AUTO_INCREMENT=22 DEFAULT CHARSET=utf8mb4 COLLATE=utf8mb4_unicode_ci;
/*!40101 SET character_set_client = @saved_cs_client */;

--
-- Dumping data for table `migrations`
--

LOCK TABLES `migrations` WRITE;
/*!40000 ALTER TABLE `migrations` DISABLE KEYS */;
INSERT INTO `migrations` VALUES (2,'2014_10_12_000000_create_users_table',1),(3,'2014_10_12_100000_create_password_resets_table',1),(4,'2017_09_15_221521_create_modules_table',1),(5,'2017_09_15_224048_create_usermodules_table',1),(6,'2017_12_04_172644_CreateTableActivitites',1),(7,'2017_12_04_181801_CreateTableReceiptTable',1),(8,'2017_12_04_182416_CreateTableRetentionType',1),(9,'2017_12_04_190828_CreateTableTypes',1),(10,'2017_12_04_191413_CreateTableRetentions',1),(11,'2017_12_04_191537_CreateTableIIBBRetentions',1),(12,'2017_12_04_192126_CreateTableSystemTaxes',1),(13,'2017_12_04_194827_CreateTableOtherTaxes',1),(14,'2017_12_04_202132_CreateTableZones',1),(15,'2017_12_07_200000_CreateTableTaxAccounts',1),(16,'2017_12_07_202200_CreateTableStatus',1),(17,'2017_12_07_204438_CreateTablePersons',1),(18,'2017_12_07_205029_CreateTablePeriods',1),(19,'2017_12_07_205700_CreateTableReceipts',1),(20,'2017_12_07_205819_CreateTableReceiptTaxes',1),(21,'2017_12_16_025744_CreateTableUserPersons',1);
/*!40000 ALTER TABLE `migrations` ENABLE KEYS */;
UNLOCK TABLES;

--
-- Table structure for table `other_taxes`
--

DROP TABLE IF EXISTS `other_taxes`;
/*!40101 SET @saved_cs_client     = @@character_set_client */;
/*!40101 SET character_set_client = utf8 */;
CREATE TABLE `other_taxes` (
  `id` int(10) unsigned NOT NULL AUTO_INCREMENT,
  `created_at` timestamp NULL DEFAULT NULL,
  `updated_at` timestamp NULL DEFAULT NULL,
  `name` varchar(255) COLLATE utf8mb4_unicode_ci NOT NULL,
  `apply_to` varchar(255) COLLATE utf8mb4_unicode_ci NOT NULL,
  `percent_tax` decimal(16,2) NOT NULL DEFAULT '0.00',
  `zone_id` int(10) unsigned DEFAULT NULL,
  `aliases` varchar(255) COLLATE utf8mb4_unicode_ci DEFAULT NULL,
  PRIMARY KEY (`id`)
) ENGINE=InnoDB AUTO_INCREMENT=1014 DEFAULT CHARSET=utf8mb4 COLLATE=utf8mb4_unicode_ci;
/*!40101 SET character_set_client = @saved_cs_client */;

--
-- Dumping data for table `other_taxes`
--

LOCK TABLES `other_taxes` WRITE;
/*!40000 ALTER TABLE `other_taxes` DISABLE KEYS */;
INSERT INTO `other_taxes` VALUES (1000,NULL,NULL,'IIBB CABA','iibb',0.00,NULL,NULL),(1001,NULL,NULL,'IIBB Bs. As.','iibb',0.00,NULL,NULL),(1002,NULL,NULL,'Percepcion IIBB Tucuman','iibb',0.00,NULL,NULL),(1003,NULL,NULL,'Perc IIBB Cordoba','iibb',0.00,NULL,NULL),(1004,NULL,NULL,'Perc IIBB Misiones','iibb',0.00,NULL,NULL),(1005,NULL,NULL,'Pec IIBB La Pampa','iibb',0.00,NULL,NULL),(1006,NULL,NULL,'Perc IIBB Rio Negro','iibb',0.00,NULL,NULL),(1007,NULL,NULL,'Perc IIBB Corrientes','iibb',0.00,NULL,NULL),(1008,NULL,NULL,'Perc IIBB Santiago del Estero','iibb',0.00,NULL,NULL),(1009,NULL,NULL,'Perc IVA -RG3337','iva',0.00,NULL,NULL),(1010,NULL,NULL,'Imps. Internos','iva',0.00,NULL,NULL),(1011,NULL,NULL,'Imp. Gasoil','iva',0.00,NULL,NULL),(1012,NULL,NULL,'Imp. Hídricos','iva',0.00,NULL,NULL),(1013,NULL,NULL,'ITC','iva',0.00,NULL,NULL);
/*!40000 ALTER TABLE `other_taxes` ENABLE KEYS */;
UNLOCK TABLES;

--
-- Table structure for table `password_resets`
--

DROP TABLE IF EXISTS `password_resets`;
/*!40101 SET @saved_cs_client     = @@character_set_client */;
/*!40101 SET character_set_client = utf8 */;
CREATE TABLE `password_resets` (
  `email` varchar(180) COLLATE utf8mb4_unicode_ci NOT NULL,
  `token` varchar(180) COLLATE utf8mb4_unicode_ci NOT NULL,
  `created_at` timestamp NULL DEFAULT NULL,
  UNIQUE KEY `password_resets_email_token_unique` (`email`,`token`),
  KEY `password_resets_email_index` (`email`)
) ENGINE=InnoDB DEFAULT CHARSET=utf8mb4 COLLATE=utf8mb4_unicode_ci;
/*!40101 SET character_set_client = @saved_cs_client */;

--
-- Dumping data for table `password_resets`
--

LOCK TABLES `password_resets` WRITE;
/*!40000 ALTER TABLE `password_resets` DISABLE KEYS */;
/*!40000 ALTER TABLE `password_resets` ENABLE KEYS */;
UNLOCK TABLES;

--
-- Table structure for table `periods`
--

DROP TABLE IF EXISTS `periods`;
/*!40101 SET @saved_cs_client     = @@character_set_client */;
/*!40101 SET character_set_client = utf8 */;
CREATE TABLE `periods` (
  `id` int(10) unsigned NOT NULL AUTO_INCREMENT,
  `code` varchar(20) COLLATE utf8mb4_unicode_ci NOT NULL,
  `year` int(10) unsigned NOT NULL,
  `period_number` int(10) unsigned NOT NULL,
  `date_from` date NOT NULL,
  `date_to` date NOT NULL,
  `perception_amount` decimal(16,2) NOT NULL DEFAULT '0.00',
  `previous_period_balance` decimal(16,2) NOT NULL DEFAULT '0.00',
  `free_balance` decimal(16,2) NOT NULL DEFAULT '0.00',
  `created_at` timestamp NULL DEFAULT NULL,
  `updated_at` timestamp NULL DEFAULT NULL,
  `person_id` int(10) unsigned NOT NULL,
  PRIMARY KEY (`id`),
  KEY `periods_person_id_foreign` (`person_id`),
  CONSTRAINT `periods_person_id_foreign` FOREIGN KEY (`person_id`) REFERENCES `persons` (`id`)
) ENGINE=InnoDB AUTO_INCREMENT=3006 DEFAULT CHARSET=utf8mb4 COLLATE=utf8mb4_unicode_ci;
/*!40101 SET character_set_client = @saved_cs_client */;

--
-- Dumping data for table `periods`
--

LOCK TABLES `periods` WRITE;
/*!40000 ALTER TABLE `periods` DISABLE KEYS */;
INSERT INTO `periods` VALUES (1,'2018-01',2018,1,'2018-01-01','2018-01-31',0.00,0.00,0.00,NULL,NULL,1),(2,'2018-01',2018,1,'2018-01-01','2018-01-31',0.00,0.00,0.00,NULL,NULL,2),(3,'2018-01',2018,1,'2018-01-01','2018-01-31',0.00,0.00,0.00,NULL,NULL,3),(4,'2018-01',2018,1,'2018-01-01','2018-01-31',0.00,0.00,0.00,NULL,NULL,4),(5,'2018-01',2018,1,'2018-01-01','2018-01-31',0.00,0.00,0.00,NULL,NULL,5),(6,'2018-01',2018,1,'2018-01-01','2018-01-31',0.00,0.00,0.00,NULL,NULL,6),(7,'2018-01',2018,1,'2018-01-01','2018-01-31',0.00,0.00,0.00,NULL,NULL,7),(8,'2018-01',2018,1,'2018-01-01','2018-01-31',0.00,0.00,0.00,NULL,NULL,8),(9,'2018-01',2018,1,'2018-01-01','2018-01-31',0.00,0.00,0.00,NULL,NULL,9),(10,'2018-01',2018,1,'2018-01-01','2018-01-31',0.00,0.00,0.00,NULL,NULL,10),(11,'2018-01',2018,1,'2018-01-01','2018-01-31',0.00,0.00,0.00,NULL,NULL,11),(12,'2018-01',2018,1,'2018-01-01','2018-01-31',0.00,0.00,0.00,NULL,NULL,12),(13,'2018-01',2018,1,'2018-01-01','2018-01-31',0.00,0.00,0.00,NULL,NULL,13),(14,'2018-01',2018,1,'2018-01-01','2018-01-31',0.00,0.00,0.00,NULL,NULL,14),(15,'2018-01',2018,1,'2018-01-01','2018-01-31',0.00,0.00,0.00,NULL,NULL,15),(16,'2018-01',2018,1,'2018-01-01','2018-01-31',0.00,0.00,0.00,NULL,NULL,16),(17,'2018-01',2018,1,'2018-01-01','2018-01-31',0.00,0.00,0.00,NULL,NULL,17),(18,'2018-01',2018,1,'2018-01-01','2018-01-31',0.00,0.00,0.00,NULL,NULL,18),(19,'2018-01',2018,1,'2018-01-01','2018-01-31',0.00,0.00,0.00,NULL,NULL,19),(20,'2018-01',2018,1,'2018-01-01','2018-01-31',0.00,0.00,0.00,NULL,NULL,20),(21,'2018-01',2018,1,'2018-01-01','2018-01-31',0.00,0.00,0.00,NULL,NULL,21),(22,'2018-01',2018,1,'2018-01-01','2018-01-31',0.00,0.00,0.00,NULL,NULL,22),(23,'2018-01',2018,1,'2018-01-01','2018-01-31',0.00,0.00,0.00,NULL,NULL,23),(24,'2018-01',2018,1,'2018-01-01','2018-01-31',0.00,0.00,0.00,NULL,NULL,24),(25,'2018-01',2018,1,'2018-01-01','2018-01-31',0.00,0.00,0.00,NULL,NULL,25),(26,'2018-01',2018,1,'2018-01-01','2018-01-31',0.00,0.00,0.00,NULL,NULL,26),(27,'2018-01',2018,1,'2018-01-01','2018-01-31',0.00,0.00,0.00,NULL,NULL,27),(28,'2018-01',2018,1,'2018-01-01','2018-01-31',0.00,0.00,0.00,NULL,NULL,28),(29,'2018-01',2018,1,'2018-01-01','2018-01-31',0.00,0.00,0.00,NULL,NULL,29),(30,'2018-01',2018,1,'2018-01-01','2018-01-31',0.00,0.00,0.00,NULL,NULL,30),(31,'2018-01',2018,1,'2018-01-01','2018-01-31',0.00,0.00,0.00,NULL,NULL,31),(32,'2018-01',2018,1,'2018-01-01','2018-01-31',0.00,0.00,0.00,NULL,NULL,32),(33,'2018-01',2018,1,'2018-01-01','2018-01-31',0.00,0.00,0.00,NULL,NULL,33),(34,'2018-01',2018,1,'2018-01-01','2018-01-31',0.00,0.00,0.00,NULL,NULL,34),(35,'2018-01',2018,1,'2018-01-01','2018-01-31',0.00,0.00,0.00,NULL,NULL,35),(36,'2018-01',2018,1,'2018-01-01','2018-01-31',0.00,0.00,0.00,NULL,NULL,36),(37,'2018-01',2018,1,'2018-01-01','2018-01-31',0.00,0.00,0.00,NULL,NULL,37),(38,'2018-01',2018,1,'2018-01-01','2018-01-31',0.00,0.00,0.00,NULL,NULL,38),(39,'2018-01',2018,1,'2018-01-01','2018-01-31',0.00,0.00,0.00,NULL,NULL,39),(40,'2018-01',2018,1,'2018-01-01','2018-01-31',0.00,0.00,0.00,NULL,NULL,40),(41,'2018-01',2018,1,'2018-01-01','2018-01-31',0.00,0.00,0.00,NULL,NULL,41),(42,'2018-01',2018,1,'2018-01-01','2018-01-31',0.00,0.00,0.00,NULL,NULL,42),(43,'2018-01',2018,1,'2018-01-01','2018-01-31',0.00,0.00,0.00,NULL,NULL,43),(44,'2018-01',2018,1,'2018-01-01','2018-01-31',0.00,0.00,0.00,NULL,NULL,44),(45,'2018-01',2018,1,'2018-01-01','2018-01-31',0.00,0.00,0.00,NULL,NULL,45),(46,'2018-01',2018,1,'2018-01-01','2018-01-31',0.00,0.00,0.00,NULL,NULL,46),(47,'2018-01',2018,1,'2018-01-01','2018-01-31',0.00,0.00,0.00,NULL,NULL,47),(48,'2018-01',2018,1,'2018-01-01','2018-01-31',0.00,0.00,0.00,NULL,NULL,48),(49,'2018-01',2018,1,'2018-01-01','2018-01-31',0.00,0.00,0.00,NULL,NULL,49),(50,'2018-01',2018,1,'2018-01-01','2018-01-31',0.00,0.00,0.00,NULL,NULL,50),(51,'2018-01',2018,1,'2018-01-01','2018-01-31',0.00,0.00,0.00,NULL,NULL,51),(52,'2018-01',2018,1,'2018-01-01','2018-01-31',0.00,0.00,0.00,NULL,NULL,52),(53,'2018-01',2018,1,'2018-01-01','2018-01-31',0.00,0.00,0.00,NULL,NULL,53),(54,'2018-01',2018,1,'2018-01-01','2018-01-31',0.00,0.00,0.00,NULL,NULL,54),(55,'2018-01',2018,1,'2018-01-01','2018-01-31',0.00,0.00,0.00,NULL,NULL,55),(56,'2018-01',2018,1,'2018-01-01','2018-01-31',0.00,0.00,0.00,NULL,NULL,56),(57,'2018-01',2018,1,'2018-01-01','2018-01-31',0.00,0.00,0.00,NULL,NULL,57),(58,'2018-01',2018,1,'2018-01-01','2018-01-31',0.00,0.00,0.00,NULL,NULL,58),(59,'2018-01',2018,1,'2018-01-01','2018-01-31',0.00,0.00,0.00,NULL,NULL,59),(60,'2018-01',2018,1,'2018-01-01','2018-01-31',0.00,0.00,0.00,NULL,NULL,60),(61,'2018-01',2018,1,'2018-01-01','2018-01-31',0.00,0.00,0.00,NULL,NULL,61),(62,'2018-01',2018,1,'2018-01-01','2018-01-31',0.00,0.00,0.00,NULL,NULL,62),(63,'2018-01',2018,1,'2018-01-01','2018-01-31',0.00,0.00,0.00,NULL,NULL,63),(64,'2018-01',2018,1,'2018-01-01','2018-01-31',0.00,0.00,0.00,NULL,NULL,64),(65,'2018-01',2018,1,'2018-01-01','2018-01-31',0.00,0.00,0.00,NULL,NULL,65),(66,'2018-01',2018,1,'2018-01-01','2018-01-31',0.00,0.00,0.00,NULL,NULL,66),(67,'2018-01',2018,1,'2018-01-01','2018-01-31',0.00,0.00,0.00,NULL,NULL,67),(68,'2018-01',2018,1,'2018-01-01','2018-01-31',0.00,0.00,0.00,NULL,NULL,68),(69,'2018-01',2018,1,'2018-01-01','2018-01-31',0.00,0.00,0.00,NULL,NULL,69),(70,'2018-01',2018,1,'2018-01-01','2018-01-31',0.00,0.00,0.00,NULL,NULL,70),(71,'2018-01',2018,1,'2018-01-01','2018-01-31',0.00,0.00,0.00,NULL,NULL,71),(72,'2018-01',2018,1,'2018-01-01','2018-01-31',0.00,0.00,0.00,NULL,NULL,72),(73,'2018-01',2018,1,'2018-01-01','2018-01-31',0.00,0.00,0.00,NULL,NULL,73),(74,'2018-01',2018,1,'2018-01-01','2018-01-31',0.00,0.00,0.00,NULL,NULL,74),(75,'2018-01',2018,1,'2018-01-01','2018-01-31',0.00,0.00,0.00,NULL,NULL,75),(76,'2018-01',2018,1,'2018-01-01','2018-01-31',0.00,0.00,0.00,NULL,NULL,76),(77,'2018-01',2018,1,'2018-01-01','2018-01-31',0.00,0.00,0.00,NULL,NULL,77),(78,'2018-01',2018,1,'2018-01-01','2018-01-31',0.00,0.00,0.00,NULL,NULL,78),(79,'2018-01',2018,1,'2018-01-01','2018-01-31',0.00,0.00,0.00,NULL,NULL,79),(80,'2018-01',2018,1,'2018-01-01','2018-01-31',0.00,0.00,0.00,NULL,NULL,80),(81,'2018-01',2018,1,'2018-01-01','2018-01-31',0.00,0.00,0.00,NULL,NULL,81),(82,'2018-01',2018,1,'2018-01-01','2018-01-31',0.00,0.00,0.00,NULL,NULL,82),(83,'2018-01',2018,1,'2018-01-01','2018-01-31',0.00,0.00,0.00,NULL,NULL,83),(84,'2018-01',2018,1,'2018-01-01','2018-01-31',0.00,0.00,0.00,NULL,NULL,84),(85,'2018-01',2018,1,'2018-01-01','2018-01-31',0.00,0.00,0.00,NULL,NULL,85),(86,'2018-01',2018,1,'2018-01-01','2018-01-31',0.00,0.00,0.00,NULL,NULL,86),(87,'2018-01',2018,1,'2018-01-01','2018-01-31',0.00,0.00,0.00,NULL,NULL,87),(88,'2018-01',2018,1,'2018-01-01','2018-01-31',0.00,0.00,0.00,NULL,NULL,88),(89,'2018-01',2018,1,'2018-01-01','2018-01-31',0.00,0.00,0.00,NULL,NULL,89),(90,'2018-01',2018,1,'2018-01-01','2018-01-31',0.00,0.00,0.00,NULL,NULL,90),(91,'2018-01',2018,1,'2018-01-01','2018-01-31',0.00,0.00,0.00,NULL,NULL,91),(92,'2018-01',2018,1,'2018-01-01','2018-01-31',0.00,0.00,0.00,NULL,NULL,92),(93,'2018-01',2018,1,'2018-01-01','2018-01-31',0.00,0.00,0.00,NULL,NULL,93),(94,'2018-01',2018,1,'2018-01-01','2018-01-31',0.00,0.00,0.00,NULL,NULL,94),(95,'2018-01',2018,1,'2018-01-01','2018-01-31',0.00,0.00,0.00,NULL,NULL,95),(96,'2018-01',2018,1,'2018-01-01','2018-01-31',0.00,0.00,0.00,NULL,NULL,96),(97,'2018-01',2018,1,'2018-01-01','2018-01-31',0.00,0.00,0.00,NULL,NULL,97),(98,'2018-01',2018,1,'2018-01-01','2018-01-31',0.00,0.00,0.00,NULL,NULL,98),(99,'2018-01',2018,1,'2018-01-01','2018-01-31',0.00,0.00,0.00,NULL,NULL,99),(100,'2018-01',2018,1,'2018-01-01','2018-01-31',0.00,0.00,0.00,NULL,NULL,100),(101,'2018-01',2018,1,'2018-01-01','2018-01-31',0.00,0.00,0.00,NULL,NULL,101),(102,'2018-01',2018,1,'2018-01-01','2018-01-31',0.00,0.00,0.00,NULL,NULL,102),(103,'2018-01',2018,1,'2018-01-01','2018-01-31',0.00,0.00,0.00,NULL,NULL,103),(104,'2018-01',2018,1,'2018-01-01','2018-01-31',0.00,0.00,0.00,NULL,NULL,104),(105,'2018-01',2018,1,'2018-01-01','2018-01-31',0.00,0.00,0.00,NULL,NULL,105),(106,'2018-01',2018,1,'2018-01-01','2018-01-31',0.00,0.00,0.00,NULL,NULL,106),(107,'2018-01',2018,1,'2018-01-01','2018-01-31',0.00,0.00,0.00,NULL,NULL,107),(108,'2018-01',2018,1,'2018-01-01','2018-01-31',0.00,0.00,0.00,NULL,NULL,108),(109,'2018-01',2018,1,'2018-01-01','2018-01-31',0.00,0.00,0.00,NULL,NULL,109),(110,'2018-01',2018,1,'2018-01-01','2018-01-31',0.00,0.00,0.00,NULL,NULL,110),(111,'2018-01',2018,1,'2018-01-01','2018-01-31',0.00,0.00,0.00,NULL,NULL,111),(112,'2018-01',2018,1,'2018-01-01','2018-01-31',0.00,0.00,0.00,NULL,NULL,112),(113,'2018-01',2018,1,'2018-01-01','2018-01-31',0.00,0.00,0.00,NULL,NULL,113),(114,'2018-01',2018,1,'2018-01-01','2018-01-31',0.00,0.00,0.00,NULL,NULL,114),(115,'2018-01',2018,1,'2018-01-01','2018-01-31',0.00,0.00,0.00,NULL,NULL,115),(116,'2018-01',2018,1,'2018-01-01','2018-01-31',0.00,0.00,0.00,NULL,NULL,116),(117,'2018-01',2018,1,'2018-01-01','2018-01-31',0.00,0.00,0.00,NULL,NULL,117),(118,'2018-01',2018,1,'2018-01-01','2018-01-31',0.00,0.00,0.00,NULL,NULL,118),(119,'2018-01',2018,1,'2018-01-01','2018-01-31',0.00,0.00,0.00,NULL,NULL,119),(120,'2018-01',2018,1,'2018-01-01','2018-01-31',0.00,0.00,0.00,NULL,NULL,120),(121,'2018-01',2018,1,'2018-01-01','2018-01-31',0.00,0.00,0.00,NULL,NULL,121),(122,'2018-01',2018,1,'2018-01-01','2018-01-31',0.00,0.00,0.00,NULL,NULL,122),(123,'2018-01',2018,1,'2018-01-01','2018-01-31',0.00,0.00,0.00,NULL,NULL,123),(124,'2018-01',2018,1,'2018-01-01','2018-01-31',0.00,0.00,0.00,NULL,NULL,124),(125,'2018-01',2018,1,'2018-01-01','2018-01-31',0.00,0.00,0.00,NULL,NULL,125),(126,'2018-01',2018,1,'2018-01-01','2018-01-31',0.00,0.00,0.00,NULL,NULL,126),(127,'2018-01',2018,1,'2018-01-01','2018-01-31',0.00,0.00,0.00,NULL,NULL,127),(128,'2018-01',2018,1,'2018-01-01','2018-01-31',0.00,0.00,0.00,NULL,NULL,128),(129,'2018-01',2018,1,'2018-01-01','2018-01-31',0.00,0.00,0.00,NULL,NULL,129),(130,'2018-01',2018,1,'2018-01-01','2018-01-31',0.00,0.00,0.00,NULL,NULL,130),(131,'2018-01',2018,1,'2018-01-01','2018-01-31',0.00,0.00,0.00,NULL,NULL,131),(132,'2018-01',2018,1,'2018-01-01','2018-01-31',0.00,0.00,0.00,NULL,NULL,132),(133,'2018-01',2018,1,'2018-01-01','2018-01-31',0.00,0.00,0.00,NULL,NULL,133),(134,'2018-01',2018,1,'2018-01-01','2018-01-31',0.00,0.00,0.00,NULL,NULL,134),(135,'2018-01',2018,1,'2018-01-01','2018-01-31',0.00,0.00,0.00,NULL,NULL,135),(136,'2018-01',2018,1,'2018-01-01','2018-01-31',0.00,0.00,0.00,NULL,NULL,136),(137,'2018-01',2018,1,'2018-01-01','2018-01-31',0.00,0.00,0.00,NULL,NULL,137),(138,'2018-01',2018,1,'2018-01-01','2018-01-31',0.00,0.00,0.00,NULL,NULL,138),(139,'2018-01',2018,1,'2018-01-01','2018-01-31',0.00,0.00,0.00,NULL,NULL,139),(140,'2018-01',2018,1,'2018-01-01','2018-01-31',0.00,0.00,0.00,NULL,NULL,140),(141,'2018-01',2018,1,'2018-01-01','2018-01-31',0.00,0.00,0.00,NULL,NULL,141),(142,'2018-01',2018,1,'2018-01-01','2018-01-31',0.00,0.00,0.00,NULL,NULL,142),(143,'2018-01',2018,1,'2018-01-01','2018-01-31',0.00,0.00,0.00,NULL,NULL,143),(144,'2018-01',2018,1,'2018-01-01','2018-01-31',0.00,0.00,0.00,NULL,NULL,144),(145,'2018-01',2018,1,'2018-01-01','2018-01-31',0.00,0.00,0.00,NULL,NULL,145),(146,'2018-01',2018,1,'2018-01-01','2018-01-31',0.00,0.00,0.00,NULL,NULL,146),(147,'2018-01',2018,1,'2018-01-01','2018-01-31',0.00,0.00,0.00,NULL,NULL,147),(148,'2018-01',2018,1,'2018-01-01','2018-01-31',0.00,0.00,0.00,NULL,NULL,148),(149,'2018-01',2018,1,'2018-01-01','2018-01-31',0.00,0.00,0.00,NULL,NULL,149),(150,'2018-01',2018,1,'2018-01-01','2018-01-31',0.00,0.00,0.00,NULL,NULL,150),(151,'2018-01',2018,1,'2018-01-01','2018-01-31',0.00,0.00,0.00,NULL,NULL,151),(152,'2018-01',2018,1,'2018-01-01','2018-01-31',0.00,0.00,0.00,NULL,NULL,152),(153,'2018-01',2018,1,'2018-01-01','2018-01-31',0.00,0.00,0.00,NULL,NULL,153),(154,'2018-01',2018,1,'2018-01-01','2018-01-31',0.00,0.00,0.00,NULL,NULL,154),(155,'2018-01',2018,1,'2018-01-01','2018-01-31',0.00,0.00,0.00,NULL,NULL,155),(156,'2018-01',2018,1,'2018-01-01','2018-01-31',0.00,0.00,0.00,NULL,NULL,156),(157,'2018-01',2018,1,'2018-01-01','2018-01-31',0.00,0.00,0.00,NULL,NULL,157),(158,'2018-01',2018,1,'2018-01-01','2018-01-31',0.00,0.00,0.00,NULL,NULL,158),(159,'2018-01',2018,1,'2018-01-01','2018-01-31',0.00,0.00,0.00,NULL,NULL,159),(160,'2018-01',2018,1,'2018-01-01','2018-01-31',0.00,0.00,0.00,NULL,NULL,160),(161,'2018-01',2018,1,'2018-01-01','2018-01-31',0.00,0.00,0.00,NULL,NULL,161),(162,'2018-01',2018,1,'2018-01-01','2018-01-31',0.00,0.00,0.00,NULL,NULL,162),(163,'2018-01',2018,1,'2018-01-01','2018-01-31',0.00,0.00,0.00,NULL,NULL,163),(164,'2018-01',2018,1,'2018-01-01','2018-01-31',0.00,0.00,0.00,NULL,NULL,164),(165,'2018-01',2018,1,'2018-01-01','2018-01-31',0.00,0.00,0.00,NULL,NULL,165),(166,'2018-01',2018,1,'2018-01-01','2018-01-31',0.00,0.00,0.00,NULL,NULL,166),(167,'2018-01',2018,1,'2018-01-01','2018-01-31',0.00,0.00,0.00,NULL,NULL,167),(168,'2018-01',2018,1,'2018-01-01','2018-01-31',0.00,0.00,0.00,NULL,NULL,168),(169,'2018-01',2018,1,'2018-01-01','2018-01-31',0.00,0.00,0.00,NULL,NULL,169),(170,'2018-01',2018,1,'2018-01-01','2018-01-31',0.00,0.00,0.00,NULL,NULL,170),(171,'2018-01',2018,1,'2018-01-01','2018-01-31',0.00,0.00,0.00,NULL,NULL,171),(172,'2018-01',2018,1,'2018-01-01','2018-01-31',0.00,0.00,0.00,NULL,NULL,172),(173,'2018-01',2018,1,'2018-01-01','2018-01-31',0.00,0.00,0.00,NULL,NULL,173),(174,'2018-01',2018,1,'2018-01-01','2018-01-31',0.00,0.00,0.00,NULL,NULL,174),(175,'2018-01',2018,1,'2018-01-01','2018-01-31',0.00,0.00,0.00,NULL,NULL,175),(176,'2018-01',2018,1,'2018-01-01','2018-01-31',0.00,0.00,0.00,NULL,NULL,176),(177,'2018-01',2018,1,'2018-01-01','2018-01-31',0.00,0.00,0.00,NULL,NULL,177),(178,'2018-01',2018,1,'2018-01-01','2018-01-31',0.00,0.00,0.00,NULL,NULL,178),(179,'2018-01',2018,1,'2018-01-01','2018-01-31',0.00,0.00,0.00,NULL,NULL,179),(180,'2018-01',2018,1,'2018-01-01','2018-01-31',0.00,0.00,0.00,NULL,NULL,180),(181,'2018-01',2018,1,'2018-01-01','2018-01-31',0.00,0.00,0.00,NULL,NULL,181),(182,'2018-01',2018,1,'2018-01-01','2018-01-31',0.00,0.00,0.00,NULL,NULL,182),(183,'2018-01',2018,1,'2018-01-01','2018-01-31',0.00,0.00,0.00,NULL,NULL,183),(184,'2018-01',2018,1,'2018-01-01','2018-01-31',0.00,0.00,0.00,NULL,NULL,184),(185,'2018-01',2018,1,'2018-01-01','2018-01-31',0.00,0.00,0.00,NULL,NULL,185),(186,'2018-01',2018,1,'2018-01-01','2018-01-31',0.00,0.00,0.00,NULL,NULL,186),(187,'2018-01',2018,1,'2018-01-01','2018-01-31',0.00,0.00,0.00,NULL,NULL,187),(188,'2018-01',2018,1,'2018-01-01','2018-01-31',0.00,0.00,0.00,NULL,NULL,188),(189,'2018-01',2018,1,'2018-01-01','2018-01-31',0.00,0.00,0.00,NULL,NULL,189),(190,'2018-01',2018,1,'2018-01-01','2018-01-31',0.00,0.00,0.00,NULL,NULL,190),(191,'2018-01',2018,1,'2018-01-01','2018-01-31',0.00,0.00,0.00,NULL,NULL,191),(192,'2018-01',2018,1,'2018-01-01','2018-01-31',0.00,0.00,0.00,NULL,NULL,192),(193,'2018-01',2018,1,'2018-01-01','2018-01-31',0.00,0.00,0.00,NULL,NULL,193),(194,'2018-01',2018,1,'2018-01-01','2018-01-31',0.00,0.00,0.00,NULL,NULL,194),(195,'2018-01',2018,1,'2018-01-01','2018-01-31',0.00,0.00,0.00,NULL,NULL,195),(196,'2018-01',2018,1,'2018-01-01','2018-01-31',0.00,0.00,0.00,NULL,NULL,196),(197,'2018-01',2018,1,'2018-01-01','2018-01-31',0.00,0.00,0.00,NULL,NULL,197),(198,'2018-01',2018,1,'2018-01-01','2018-01-31',0.00,0.00,0.00,NULL,NULL,198),(199,'2018-01',2018,1,'2018-01-01','2018-01-31',0.00,0.00,0.00,NULL,NULL,199),(200,'2018-01',2018,1,'2018-01-01','2018-01-31',0.00,0.00,0.00,NULL,NULL,200),(256,'2018-2',2018,2,'2018-02-01','2018-02-28',0.00,0.00,0.00,NULL,NULL,1),(257,'2018-2',2018,2,'2018-02-01','2018-02-28',0.00,0.00,0.00,NULL,NULL,2),(258,'2018-2',2018,2,'2018-02-01','2018-02-28',0.00,0.00,0.00,NULL,NULL,3),(259,'2018-2',2018,2,'2018-02-01','2018-02-28',0.00,0.00,0.00,NULL,NULL,4),(260,'2018-2',2018,2,'2018-02-01','2018-02-28',0.00,0.00,0.00,NULL,NULL,5),(261,'2018-2',2018,2,'2018-02-01','2018-02-28',0.00,0.00,0.00,NULL,NULL,6),(262,'2018-2',2018,2,'2018-02-01','2018-02-28',0.00,0.00,0.00,NULL,NULL,7),(263,'2018-2',2018,2,'2018-02-01','2018-02-28',0.00,0.00,0.00,NULL,NULL,8),(264,'2018-2',2018,2,'2018-02-01','2018-02-28',0.00,0.00,0.00,NULL,NULL,9),(265,'2018-2',2018,2,'2018-02-01','2018-02-28',0.00,0.00,0.00,NULL,NULL,10),(266,'2018-2',2018,2,'2018-02-01','2018-02-28',0.00,0.00,0.00,NULL,NULL,11),(267,'2018-2',2018,2,'2018-02-01','2018-02-28',0.00,0.00,0.00,NULL,NULL,12),(268,'2018-2',2018,2,'2018-02-01','2018-02-28',0.00,0.00,0.00,NULL,NULL,13),(269,'2018-2',2018,2,'2018-02-01','2018-02-28',0.00,0.00,0.00,NULL,NULL,14),(270,'2018-2',2018,2,'2018-02-01','2018-02-28',0.00,0.00,0.00,NULL,NULL,15),(271,'2018-2',2018,2,'2018-02-01','2018-02-28',0.00,0.00,0.00,NULL,NULL,16),(272,'2018-2',2018,2,'2018-02-01','2018-02-28',0.00,0.00,0.00,NULL,NULL,17),(273,'2018-2',2018,2,'2018-02-01','2018-02-28',0.00,0.00,0.00,NULL,NULL,18),(274,'2018-2',2018,2,'2018-02-01','2018-02-28',0.00,0.00,0.00,NULL,NULL,19),(275,'2018-2',2018,2,'2018-02-01','2018-02-28',0.00,0.00,0.00,NULL,NULL,20),(276,'2018-2',2018,2,'2018-02-01','2018-02-28',0.00,0.00,0.00,NULL,NULL,21),(277,'2018-2',2018,2,'2018-02-01','2018-02-28',0.00,0.00,0.00,NULL,NULL,22),(278,'2018-2',2018,2,'2018-02-01','2018-02-28',0.00,0.00,0.00,NULL,NULL,23),(279,'2018-2',2018,2,'2018-02-01','2018-02-28',0.00,0.00,0.00,NULL,NULL,24),(280,'2018-2',2018,2,'2018-02-01','2018-02-28',0.00,0.00,0.00,NULL,NULL,25),(281,'2018-2',2018,2,'2018-02-01','2018-02-28',0.00,0.00,0.00,NULL,NULL,26),(282,'2018-2',2018,2,'2018-02-01','2018-02-28',0.00,0.00,0.00,NULL,NULL,27),(283,'2018-2',2018,2,'2018-02-01','2018-02-28',0.00,0.00,0.00,NULL,NULL,28),(284,'2018-2',2018,2,'2018-02-01','2018-02-28',0.00,0.00,0.00,NULL,NULL,29),(285,'2018-2',2018,2,'2018-02-01','2018-02-28',0.00,0.00,0.00,NULL,NULL,30),(286,'2018-2',2018,2,'2018-02-01','2018-02-28',0.00,0.00,0.00,NULL,NULL,31),(287,'2018-2',2018,2,'2018-02-01','2018-02-28',0.00,0.00,0.00,NULL,NULL,32),(288,'2018-2',2018,2,'2018-02-01','2018-02-28',0.00,0.00,0.00,NULL,NULL,33),(289,'2018-2',2018,2,'2018-02-01','2018-02-28',0.00,0.00,0.00,NULL,NULL,34),(290,'2018-2',2018,2,'2018-02-01','2018-02-28',0.00,0.00,0.00,NULL,NULL,35),(291,'2018-2',2018,2,'2018-02-01','2018-02-28',0.00,0.00,0.00,NULL,NULL,36),(292,'2018-2',2018,2,'2018-02-01','2018-02-28',0.00,0.00,0.00,NULL,NULL,37),(293,'2018-2',2018,2,'2018-02-01','2018-02-28',0.00,0.00,0.00,NULL,NULL,38),(294,'2018-2',2018,2,'2018-02-01','2018-02-28',0.00,0.00,0.00,NULL,NULL,39),(295,'2018-2',2018,2,'2018-02-01','2018-02-28',0.00,0.00,0.00,NULL,NULL,40),(296,'2018-2',2018,2,'2018-02-01','2018-02-28',0.00,0.00,0.00,NULL,NULL,41),(297,'2018-2',2018,2,'2018-02-01','2018-02-28',0.00,0.00,0.00,NULL,NULL,42),(298,'2018-2',2018,2,'2018-02-01','2018-02-28',0.00,0.00,0.00,NULL,NULL,43),(299,'2018-2',2018,2,'2018-02-01','2018-02-28',0.00,0.00,0.00,NULL,NULL,44),(300,'2018-2',2018,2,'2018-02-01','2018-02-28',0.00,0.00,0.00,NULL,NULL,45),(301,'2018-2',2018,2,'2018-02-01','2018-02-28',0.00,0.00,0.00,NULL,NULL,46),(302,'2018-2',2018,2,'2018-02-01','2018-02-28',0.00,0.00,0.00,NULL,NULL,47),(303,'2018-2',2018,2,'2018-02-01','2018-02-28',0.00,0.00,0.00,NULL,NULL,48),(304,'2018-2',2018,2,'2018-02-01','2018-02-28',0.00,0.00,0.00,NULL,NULL,49),(305,'2018-2',2018,2,'2018-02-01','2018-02-28',0.00,0.00,0.00,NULL,NULL,50),(306,'2018-2',2018,2,'2018-02-01','2018-02-28',0.00,0.00,0.00,NULL,NULL,51),(307,'2018-2',2018,2,'2018-02-01','2018-02-28',0.00,0.00,0.00,NULL,NULL,52),(308,'2018-2',2018,2,'2018-02-01','2018-02-28',0.00,0.00,0.00,NULL,NULL,53),(309,'2018-2',2018,2,'2018-02-01','2018-02-28',0.00,0.00,0.00,NULL,NULL,54),(310,'2018-2',2018,2,'2018-02-01','2018-02-28',0.00,0.00,0.00,NULL,NULL,55),(311,'2018-2',2018,2,'2018-02-01','2018-02-28',0.00,0.00,0.00,NULL,NULL,56),(312,'2018-2',2018,2,'2018-02-01','2018-02-28',0.00,0.00,0.00,NULL,NULL,57),(313,'2018-2',2018,2,'2018-02-01','2018-02-28',0.00,0.00,0.00,NULL,NULL,58),(314,'2018-2',2018,2,'2018-02-01','2018-02-28',0.00,0.00,0.00,NULL,NULL,59),(315,'2018-2',2018,2,'2018-02-01','2018-02-28',0.00,0.00,0.00,NULL,NULL,60),(316,'2018-2',2018,2,'2018-02-01','2018-02-28',0.00,0.00,0.00,NULL,NULL,61),(317,'2018-2',2018,2,'2018-02-01','2018-02-28',0.00,0.00,0.00,NULL,NULL,62),(318,'2018-2',2018,2,'2018-02-01','2018-02-28',0.00,0.00,0.00,NULL,NULL,63),(319,'2018-2',2018,2,'2018-02-01','2018-02-28',0.00,0.00,0.00,NULL,NULL,64),(320,'2018-2',2018,2,'2018-02-01','2018-02-28',0.00,0.00,0.00,NULL,NULL,65),(321,'2018-2',2018,2,'2018-02-01','2018-02-28',0.00,0.00,0.00,NULL,NULL,66),(322,'2018-2',2018,2,'2018-02-01','2018-02-28',0.00,0.00,0.00,NULL,NULL,67),(323,'2018-2',2018,2,'2018-02-01','2018-02-28',0.00,0.00,0.00,NULL,NULL,68),(324,'2018-2',2018,2,'2018-02-01','2018-02-28',0.00,0.00,0.00,NULL,NULL,69),(325,'2018-2',2018,2,'2018-02-01','2018-02-28',0.00,0.00,0.00,NULL,NULL,70),(326,'2018-2',2018,2,'2018-02-01','2018-02-28',0.00,0.00,0.00,NULL,NULL,71),(327,'2018-2',2018,2,'2018-02-01','2018-02-28',0.00,0.00,0.00,NULL,NULL,72),(328,'2018-2',2018,2,'2018-02-01','2018-02-28',0.00,0.00,0.00,NULL,NULL,73),(329,'2018-2',2018,2,'2018-02-01','2018-02-28',0.00,0.00,0.00,NULL,NULL,74),(330,'2018-2',2018,2,'2018-02-01','2018-02-28',0.00,0.00,0.00,NULL,NULL,75),(331,'2018-2',2018,2,'2018-02-01','2018-02-28',0.00,0.00,0.00,NULL,NULL,76),(332,'2018-2',2018,2,'2018-02-01','2018-02-28',0.00,0.00,0.00,NULL,NULL,77),(333,'2018-2',2018,2,'2018-02-01','2018-02-28',0.00,0.00,0.00,NULL,NULL,78),(334,'2018-2',2018,2,'2018-02-01','2018-02-28',0.00,0.00,0.00,NULL,NULL,79),(335,'2018-2',2018,2,'2018-02-01','2018-02-28',0.00,0.00,0.00,NULL,NULL,80),(336,'2018-2',2018,2,'2018-02-01','2018-02-28',0.00,0.00,0.00,NULL,NULL,81),(337,'2018-2',2018,2,'2018-02-01','2018-02-28',0.00,0.00,0.00,NULL,NULL,82),(338,'2018-2',2018,2,'2018-02-01','2018-02-28',0.00,0.00,0.00,NULL,NULL,83),(339,'2018-2',2018,2,'2018-02-01','2018-02-28',0.00,0.00,0.00,NULL,NULL,84),(340,'2018-2',2018,2,'2018-02-01','2018-02-28',0.00,0.00,0.00,NULL,NULL,85),(341,'2018-2',2018,2,'2018-02-01','2018-02-28',0.00,0.00,0.00,NULL,NULL,86),(342,'2018-2',2018,2,'2018-02-01','2018-02-28',0.00,0.00,0.00,NULL,NULL,87),(343,'2018-2',2018,2,'2018-02-01','2018-02-28',0.00,0.00,0.00,NULL,NULL,88),(344,'2018-2',2018,2,'2018-02-01','2018-02-28',0.00,0.00,0.00,NULL,NULL,89),(345,'2018-2',2018,2,'2018-02-01','2018-02-28',0.00,0.00,0.00,NULL,NULL,90),(346,'2018-2',2018,2,'2018-02-01','2018-02-28',0.00,0.00,0.00,NULL,NULL,91),(347,'2018-2',2018,2,'2018-02-01','2018-02-28',0.00,0.00,0.00,NULL,NULL,92),(348,'2018-2',2018,2,'2018-02-01','2018-02-28',0.00,0.00,0.00,NULL,NULL,93),(349,'2018-2',2018,2,'2018-02-01','2018-02-28',0.00,0.00,0.00,NULL,NULL,94),(350,'2018-2',2018,2,'2018-02-01','2018-02-28',0.00,0.00,0.00,NULL,NULL,95),(351,'2018-2',2018,2,'2018-02-01','2018-02-28',0.00,0.00,0.00,NULL,NULL,96),(352,'2018-2',2018,2,'2018-02-01','2018-02-28',0.00,0.00,0.00,NULL,NULL,97),(353,'2018-2',2018,2,'2018-02-01','2018-02-28',0.00,0.00,0.00,NULL,NULL,98),(354,'2018-2',2018,2,'2018-02-01','2018-02-28',0.00,0.00,0.00,NULL,NULL,99),(355,'2018-2',2018,2,'2018-02-01','2018-02-28',0.00,0.00,0.00,NULL,NULL,100),(356,'2018-2',2018,2,'2018-02-01','2018-02-28',0.00,0.00,0.00,NULL,NULL,101),(357,'2018-2',2018,2,'2018-02-01','2018-02-28',0.00,0.00,0.00,NULL,NULL,102),(358,'2018-2',2018,2,'2018-02-01','2018-02-28',0.00,0.00,0.00,NULL,NULL,103),(359,'2018-2',2018,2,'2018-02-01','2018-02-28',0.00,0.00,0.00,NULL,NULL,104),(360,'2018-2',2018,2,'2018-02-01','2018-02-28',0.00,0.00,0.00,NULL,NULL,105),(361,'2018-2',2018,2,'2018-02-01','2018-02-28',0.00,0.00,0.00,NULL,NULL,106),(362,'2018-2',2018,2,'2018-02-01','2018-02-28',0.00,0.00,0.00,NULL,NULL,107),(363,'2018-2',2018,2,'2018-02-01','2018-02-28',0.00,0.00,0.00,NULL,NULL,108),(364,'2018-2',2018,2,'2018-02-01','2018-02-28',0.00,0.00,0.00,NULL,NULL,109),(365,'2018-2',2018,2,'2018-02-01','2018-02-28',0.00,0.00,0.00,NULL,NULL,110),(366,'2018-2',2018,2,'2018-02-01','2018-02-28',0.00,0.00,0.00,NULL,NULL,111),(367,'2018-2',2018,2,'2018-02-01','2018-02-28',0.00,0.00,0.00,NULL,NULL,112),(368,'2018-2',2018,2,'2018-02-01','2018-02-28',0.00,0.00,0.00,NULL,NULL,113),(369,'2018-2',2018,2,'2018-02-01','2018-02-28',0.00,0.00,0.00,NULL,NULL,114),(370,'2018-2',2018,2,'2018-02-01','2018-02-28',0.00,0.00,0.00,NULL,NULL,115),(371,'2018-2',2018,2,'2018-02-01','2018-02-28',0.00,0.00,0.00,NULL,NULL,116),(372,'2018-2',2018,2,'2018-02-01','2018-02-28',0.00,0.00,0.00,NULL,NULL,117),(373,'2018-2',2018,2,'2018-02-01','2018-02-28',0.00,0.00,0.00,NULL,NULL,118),(374,'2018-2',2018,2,'2018-02-01','2018-02-28',0.00,0.00,0.00,NULL,NULL,119),(375,'2018-2',2018,2,'2018-02-01','2018-02-28',0.00,0.00,0.00,NULL,NULL,120),(376,'2018-2',2018,2,'2018-02-01','2018-02-28',0.00,0.00,0.00,NULL,NULL,121),(377,'2018-2',2018,2,'2018-02-01','2018-02-28',0.00,0.00,0.00,NULL,NULL,122),(378,'2018-2',2018,2,'2018-02-01','2018-02-28',0.00,0.00,0.00,NULL,NULL,123),(379,'2018-2',2018,2,'2018-02-01','2018-02-28',0.00,0.00,0.00,NULL,NULL,124),(380,'2018-2',2018,2,'2018-02-01','2018-02-28',0.00,0.00,0.00,NULL,NULL,125),(381,'2018-2',2018,2,'2018-02-01','2018-02-28',0.00,0.00,0.00,NULL,NULL,126),(382,'2018-2',2018,2,'2018-02-01','2018-02-28',0.00,0.00,0.00,NULL,NULL,127),(383,'2018-2',2018,2,'2018-02-01','2018-02-28',0.00,0.00,0.00,NULL,NULL,128),(384,'2018-2',2018,2,'2018-02-01','2018-02-28',0.00,0.00,0.00,NULL,NULL,129),(385,'2018-2',2018,2,'2018-02-01','2018-02-28',0.00,0.00,0.00,NULL,NULL,130),(386,'2018-2',2018,2,'2018-02-01','2018-02-28',0.00,0.00,0.00,NULL,NULL,131),(387,'2018-2',2018,2,'2018-02-01','2018-02-28',0.00,0.00,0.00,NULL,NULL,132),(388,'2018-2',2018,2,'2018-02-01','2018-02-28',0.00,0.00,0.00,NULL,NULL,133),(389,'2018-2',2018,2,'2018-02-01','2018-02-28',0.00,0.00,0.00,NULL,NULL,134),(390,'2018-2',2018,2,'2018-02-01','2018-02-28',0.00,0.00,0.00,NULL,NULL,135),(391,'2018-2',2018,2,'2018-02-01','2018-02-28',0.00,0.00,0.00,NULL,NULL,136),(392,'2018-2',2018,2,'2018-02-01','2018-02-28',0.00,0.00,0.00,NULL,NULL,137),(393,'2018-2',2018,2,'2018-02-01','2018-02-28',0.00,0.00,0.00,NULL,NULL,138),(394,'2018-2',2018,2,'2018-02-01','2018-02-28',0.00,0.00,0.00,NULL,NULL,139),(395,'2018-2',2018,2,'2018-02-01','2018-02-28',0.00,0.00,0.00,NULL,NULL,140),(396,'2018-2',2018,2,'2018-02-01','2018-02-28',0.00,0.00,0.00,NULL,NULL,141),(397,'2018-2',2018,2,'2018-02-01','2018-02-28',0.00,0.00,0.00,NULL,NULL,142),(398,'2018-2',2018,2,'2018-02-01','2018-02-28',0.00,0.00,0.00,NULL,NULL,143),(399,'2018-2',2018,2,'2018-02-01','2018-02-28',0.00,0.00,0.00,NULL,NULL,144),(400,'2018-2',2018,2,'2018-02-01','2018-02-28',0.00,0.00,0.00,NULL,NULL,145),(401,'2018-2',2018,2,'2018-02-01','2018-02-28',0.00,0.00,0.00,NULL,NULL,146),(402,'2018-2',2018,2,'2018-02-01','2018-02-28',0.00,0.00,0.00,NULL,NULL,147),(403,'2018-2',2018,2,'2018-02-01','2018-02-28',0.00,0.00,0.00,NULL,NULL,148),(404,'2018-2',2018,2,'2018-02-01','2018-02-28',0.00,0.00,0.00,NULL,NULL,149),(405,'2018-2',2018,2,'2018-02-01','2018-02-28',0.00,0.00,0.00,NULL,NULL,150),(406,'2018-2',2018,2,'2018-02-01','2018-02-28',0.00,0.00,0.00,NULL,NULL,151),(407,'2018-2',2018,2,'2018-02-01','2018-02-28',0.00,0.00,0.00,NULL,NULL,152),(408,'2018-2',2018,2,'2018-02-01','2018-02-28',0.00,0.00,0.00,NULL,NULL,153),(409,'2018-2',2018,2,'2018-02-01','2018-02-28',0.00,0.00,0.00,NULL,NULL,154),(410,'2018-2',2018,2,'2018-02-01','2018-02-28',0.00,0.00,0.00,NULL,NULL,155),(411,'2018-2',2018,2,'2018-02-01','2018-02-28',0.00,0.00,0.00,NULL,NULL,156),(412,'2018-2',2018,2,'2018-02-01','2018-02-28',0.00,0.00,0.00,NULL,NULL,157),(413,'2018-2',2018,2,'2018-02-01','2018-02-28',0.00,0.00,0.00,NULL,NULL,158),(414,'2018-2',2018,2,'2018-02-01','2018-02-28',0.00,0.00,0.00,NULL,NULL,159),(415,'2018-2',2018,2,'2018-02-01','2018-02-28',0.00,0.00,0.00,NULL,NULL,160),(416,'2018-2',2018,2,'2018-02-01','2018-02-28',0.00,0.00,0.00,NULL,NULL,161),(417,'2018-2',2018,2,'2018-02-01','2018-02-28',0.00,0.00,0.00,NULL,NULL,162),(418,'2018-2',2018,2,'2018-02-01','2018-02-28',0.00,0.00,0.00,NULL,NULL,163),(419,'2018-2',2018,2,'2018-02-01','2018-02-28',0.00,0.00,0.00,NULL,NULL,164),(420,'2018-2',2018,2,'2018-02-01','2018-02-28',0.00,0.00,0.00,NULL,NULL,165),(421,'2018-2',2018,2,'2018-02-01','2018-02-28',0.00,0.00,0.00,NULL,NULL,166),(422,'2018-2',2018,2,'2018-02-01','2018-02-28',0.00,0.00,0.00,NULL,NULL,167),(423,'2018-2',2018,2,'2018-02-01','2018-02-28',0.00,0.00,0.00,NULL,NULL,168),(424,'2018-2',2018,2,'2018-02-01','2018-02-28',0.00,0.00,0.00,NULL,NULL,169),(425,'2018-2',2018,2,'2018-02-01','2018-02-28',0.00,0.00,0.00,NULL,NULL,170),(426,'2018-2',2018,2,'2018-02-01','2018-02-28',0.00,0.00,0.00,NULL,NULL,171),(427,'2018-2',2018,2,'2018-02-01','2018-02-28',0.00,0.00,0.00,NULL,NULL,172),(428,'2018-2',2018,2,'2018-02-01','2018-02-28',0.00,0.00,0.00,NULL,NULL,173),(429,'2018-2',2018,2,'2018-02-01','2018-02-28',0.00,0.00,0.00,NULL,NULL,174),(430,'2018-2',2018,2,'2018-02-01','2018-02-28',0.00,0.00,0.00,NULL,NULL,175),(431,'2018-2',2018,2,'2018-02-01','2018-02-28',0.00,0.00,0.00,NULL,NULL,176),(432,'2018-2',2018,2,'2018-02-01','2018-02-28',0.00,0.00,0.00,NULL,NULL,177),(433,'2018-2',2018,2,'2018-02-01','2018-02-28',0.00,0.00,0.00,NULL,NULL,178),(434,'2018-2',2018,2,'2018-02-01','2018-02-28',0.00,0.00,0.00,NULL,NULL,179),(435,'2018-2',2018,2,'2018-02-01','2018-02-28',0.00,0.00,0.00,NULL,NULL,180),(436,'2018-2',2018,2,'2018-02-01','2018-02-28',0.00,0.00,0.00,NULL,NULL,181),(437,'2018-2',2018,2,'2018-02-01','2018-02-28',0.00,0.00,0.00,NULL,NULL,182),(438,'2018-2',2018,2,'2018-02-01','2018-02-28',0.00,0.00,0.00,NULL,NULL,183),(439,'2018-2',2018,2,'2018-02-01','2018-02-28',0.00,0.00,0.00,NULL,NULL,184),(440,'2018-2',2018,2,'2018-02-01','2018-02-28',0.00,0.00,0.00,NULL,NULL,185),(441,'2018-2',2018,2,'2018-02-01','2018-02-28',0.00,0.00,0.00,NULL,NULL,186),(442,'2018-2',2018,2,'2018-02-01','2018-02-28',0.00,0.00,0.00,NULL,NULL,187),(443,'2018-2',2018,2,'2018-02-01','2018-02-28',0.00,0.00,0.00,NULL,NULL,188),(444,'2018-2',2018,2,'2018-02-01','2018-02-28',0.00,0.00,0.00,NULL,NULL,189),(445,'2018-2',2018,2,'2018-02-01','2018-02-28',0.00,0.00,0.00,NULL,NULL,190),(446,'2018-2',2018,2,'2018-02-01','2018-02-28',0.00,0.00,0.00,NULL,NULL,191),(447,'2018-2',2018,2,'2018-02-01','2018-02-28',0.00,0.00,0.00,NULL,NULL,192),(448,'2018-2',2018,2,'2018-02-01','2018-02-28',0.00,0.00,0.00,NULL,NULL,193),(449,'2018-2',2018,2,'2018-02-01','2018-02-28',0.00,0.00,0.00,NULL,NULL,194),(450,'2018-2',2018,2,'2018-02-01','2018-02-28',0.00,0.00,0.00,NULL,NULL,195),(451,'2018-2',2018,2,'2018-02-01','2018-02-28',0.00,0.00,0.00,NULL,NULL,196),(452,'2018-2',2018,2,'2018-02-01','2018-02-28',0.00,0.00,0.00,NULL,NULL,197),(453,'2018-2',2018,2,'2018-02-01','2018-02-28',0.00,0.00,0.00,NULL,NULL,198),(454,'2018-2',2018,2,'2018-02-01','2018-02-28',0.00,0.00,0.00,NULL,NULL,199),(455,'2018-2',2018,2,'2018-02-01','2018-02-28',0.00,0.00,0.00,NULL,NULL,200),(511,'2018-3',2018,3,'2018-03-01','2018-03-30',0.00,0.00,0.00,NULL,NULL,1),(512,'2018-3',2018,3,'2018-03-01','2018-03-30',0.00,0.00,0.00,NULL,NULL,2),(513,'2018-3',2018,3,'2018-03-01','2018-03-30',0.00,0.00,0.00,NULL,NULL,3),(514,'2018-3',2018,3,'2018-03-01','2018-03-30',0.00,0.00,0.00,NULL,NULL,4),(515,'2018-3',2018,3,'2018-03-01','2018-03-30',0.00,0.00,0.00,NULL,NULL,5),(516,'2018-3',2018,3,'2018-03-01','2018-03-30',0.00,0.00,0.00,NULL,NULL,6),(517,'2018-3',2018,3,'2018-03-01','2018-03-30',0.00,0.00,0.00,NULL,NULL,7),(518,'2018-3',2018,3,'2018-03-01','2018-03-30',0.00,0.00,0.00,NULL,NULL,8),(519,'2018-3',2018,3,'2018-03-01','2018-03-30',0.00,0.00,0.00,NULL,NULL,9),(520,'2018-3',2018,3,'2018-03-01','2018-03-30',0.00,0.00,0.00,NULL,NULL,10),(521,'2018-3',2018,3,'2018-03-01','2018-03-30',0.00,0.00,0.00,NULL,NULL,11),(522,'2018-3',2018,3,'2018-03-01','2018-03-30',0.00,0.00,0.00,NULL,NULL,12),(523,'2018-3',2018,3,'2018-03-01','2018-03-30',0.00,0.00,0.00,NULL,NULL,13),(524,'2018-3',2018,3,'2018-03-01','2018-03-30',0.00,0.00,0.00,NULL,NULL,14),(525,'2018-3',2018,3,'2018-03-01','2018-03-30',0.00,0.00,0.00,NULL,NULL,15),(526,'2018-3',2018,3,'2018-03-01','2018-03-30',0.00,0.00,0.00,NULL,NULL,16),(527,'2018-3',2018,3,'2018-03-01','2018-03-30',0.00,0.00,0.00,NULL,NULL,17),(528,'2018-3',2018,3,'2018-03-01','2018-03-30',0.00,0.00,0.00,NULL,NULL,18),(529,'2018-3',2018,3,'2018-03-01','2018-03-30',0.00,0.00,0.00,NULL,NULL,19),(530,'2018-3',2018,3,'2018-03-01','2018-03-30',0.00,0.00,0.00,NULL,NULL,20),(531,'2018-3',2018,3,'2018-03-01','2018-03-30',0.00,0.00,0.00,NULL,NULL,21),(532,'2018-3',2018,3,'2018-03-01','2018-03-30',0.00,0.00,0.00,NULL,NULL,22),(533,'2018-3',2018,3,'2018-03-01','2018-03-30',0.00,0.00,0.00,NULL,NULL,23),(534,'2018-3',2018,3,'2018-03-01','2018-03-30',0.00,0.00,0.00,NULL,NULL,24),(535,'2018-3',2018,3,'2018-03-01','2018-03-30',0.00,0.00,0.00,NULL,NULL,25),(536,'2018-3',2018,3,'2018-03-01','2018-03-30',0.00,0.00,0.00,NULL,NULL,26),(537,'2018-3',2018,3,'2018-03-01','2018-03-30',0.00,0.00,0.00,NULL,NULL,27),(538,'2018-3',2018,3,'2018-03-01','2018-03-30',0.00,0.00,0.00,NULL,NULL,28),(539,'2018-3',2018,3,'2018-03-01','2018-03-30',0.00,0.00,0.00,NULL,NULL,29),(540,'2018-3',2018,3,'2018-03-01','2018-03-30',0.00,0.00,0.00,NULL,NULL,30),(541,'2018-3',2018,3,'2018-03-01','2018-03-30',0.00,0.00,0.00,NULL,NULL,31),(542,'2018-3',2018,3,'2018-03-01','2018-03-30',0.00,0.00,0.00,NULL,NULL,32),(543,'2018-3',2018,3,'2018-03-01','2018-03-30',0.00,0.00,0.00,NULL,NULL,33),(544,'2018-3',2018,3,'2018-03-01','2018-03-30',0.00,0.00,0.00,NULL,NULL,34),(545,'2018-3',2018,3,'2018-03-01','2018-03-30',0.00,0.00,0.00,NULL,NULL,35),(546,'2018-3',2018,3,'2018-03-01','2018-03-30',0.00,0.00,0.00,NULL,NULL,36),(547,'2018-3',2018,3,'2018-03-01','2018-03-30',0.00,0.00,0.00,NULL,NULL,37),(548,'2018-3',2018,3,'2018-03-01','2018-03-30',0.00,0.00,0.00,NULL,NULL,38),(549,'2018-3',2018,3,'2018-03-01','2018-03-30',0.00,0.00,0.00,NULL,NULL,39),(550,'2018-3',2018,3,'2018-03-01','2018-03-30',0.00,0.00,0.00,NULL,NULL,40),(551,'2018-3',2018,3,'2018-03-01','2018-03-30',0.00,0.00,0.00,NULL,NULL,41),(552,'2018-3',2018,3,'2018-03-01','2018-03-30',0.00,0.00,0.00,NULL,NULL,42),(553,'2018-3',2018,3,'2018-03-01','2018-03-30',0.00,0.00,0.00,NULL,NULL,43),(554,'2018-3',2018,3,'2018-03-01','2018-03-30',0.00,0.00,0.00,NULL,NULL,44),(555,'2018-3',2018,3,'2018-03-01','2018-03-30',0.00,0.00,0.00,NULL,NULL,45),(556,'2018-3',2018,3,'2018-03-01','2018-03-30',0.00,0.00,0.00,NULL,NULL,46),(557,'2018-3',2018,3,'2018-03-01','2018-03-30',0.00,0.00,0.00,NULL,NULL,47),(558,'2018-3',2018,3,'2018-03-01','2018-03-30',0.00,0.00,0.00,NULL,NULL,48),(559,'2018-3',2018,3,'2018-03-01','2018-03-30',0.00,0.00,0.00,NULL,NULL,49),(560,'2018-3',2018,3,'2018-03-01','2018-03-30',0.00,0.00,0.00,NULL,NULL,50),(561,'2018-3',2018,3,'2018-03-01','2018-03-30',0.00,0.00,0.00,NULL,NULL,51),(562,'2018-3',2018,3,'2018-03-01','2018-03-30',0.00,0.00,0.00,NULL,NULL,52),(563,'2018-3',2018,3,'2018-03-01','2018-03-30',0.00,0.00,0.00,NULL,NULL,53),(564,'2018-3',2018,3,'2018-03-01','2018-03-30',0.00,0.00,0.00,NULL,NULL,54),(565,'2018-3',2018,3,'2018-03-01','2018-03-30',0.00,0.00,0.00,NULL,NULL,55),(566,'2018-3',2018,3,'2018-03-01','2018-03-30',0.00,0.00,0.00,NULL,NULL,56),(567,'2018-3',2018,3,'2018-03-01','2018-03-30',0.00,0.00,0.00,NULL,NULL,57),(568,'2018-3',2018,3,'2018-03-01','2018-03-30',0.00,0.00,0.00,NULL,NULL,58),(569,'2018-3',2018,3,'2018-03-01','2018-03-30',0.00,0.00,0.00,NULL,NULL,59),(570,'2018-3',2018,3,'2018-03-01','2018-03-30',0.00,0.00,0.00,NULL,NULL,60),(571,'2018-3',2018,3,'2018-03-01','2018-03-30',0.00,0.00,0.00,NULL,NULL,61),(572,'2018-3',2018,3,'2018-03-01','2018-03-30',0.00,0.00,0.00,NULL,NULL,62),(573,'2018-3',2018,3,'2018-03-01','2018-03-30',0.00,0.00,0.00,NULL,NULL,63),(574,'2018-3',2018,3,'2018-03-01','2018-03-30',0.00,0.00,0.00,NULL,NULL,64),(575,'2018-3',2018,3,'2018-03-01','2018-03-30',0.00,0.00,0.00,NULL,NULL,65),(576,'2018-3',2018,3,'2018-03-01','2018-03-30',0.00,0.00,0.00,NULL,NULL,66),(577,'2018-3',2018,3,'2018-03-01','2018-03-30',0.00,0.00,0.00,NULL,NULL,67),(578,'2018-3',2018,3,'2018-03-01','2018-03-30',0.00,0.00,0.00,NULL,NULL,68),(579,'2018-3',2018,3,'2018-03-01','2018-03-30',0.00,0.00,0.00,NULL,NULL,69),(580,'2018-3',2018,3,'2018-03-01','2018-03-30',0.00,0.00,0.00,NULL,NULL,70),(581,'2018-3',2018,3,'2018-03-01','2018-03-30',0.00,0.00,0.00,NULL,NULL,71),(582,'2018-3',2018,3,'2018-03-01','2018-03-30',0.00,0.00,0.00,NULL,NULL,72),(583,'2018-3',2018,3,'2018-03-01','2018-03-30',0.00,0.00,0.00,NULL,NULL,73),(584,'2018-3',2018,3,'2018-03-01','2018-03-30',0.00,0.00,0.00,NULL,NULL,74),(585,'2018-3',2018,3,'2018-03-01','2018-03-30',0.00,0.00,0.00,NULL,NULL,75),(586,'2018-3',2018,3,'2018-03-01','2018-03-30',0.00,0.00,0.00,NULL,NULL,76),(587,'2018-3',2018,3,'2018-03-01','2018-03-30',0.00,0.00,0.00,NULL,NULL,77),(588,'2018-3',2018,3,'2018-03-01','2018-03-30',0.00,0.00,0.00,NULL,NULL,78),(589,'2018-3',2018,3,'2018-03-01','2018-03-30',0.00,0.00,0.00,NULL,NULL,79),(590,'2018-3',2018,3,'2018-03-01','2018-03-30',0.00,0.00,0.00,NULL,NULL,80),(591,'2018-3',2018,3,'2018-03-01','2018-03-30',0.00,0.00,0.00,NULL,NULL,81),(592,'2018-3',2018,3,'2018-03-01','2018-03-30',0.00,0.00,0.00,NULL,NULL,82),(593,'2018-3',2018,3,'2018-03-01','2018-03-30',0.00,0.00,0.00,NULL,NULL,83),(594,'2018-3',2018,3,'2018-03-01','2018-03-30',0.00,0.00,0.00,NULL,NULL,84),(595,'2018-3',2018,3,'2018-03-01','2018-03-30',0.00,0.00,0.00,NULL,NULL,85),(596,'2018-3',2018,3,'2018-03-01','2018-03-30',0.00,0.00,0.00,NULL,NULL,86),(597,'2018-3',2018,3,'2018-03-01','2018-03-30',0.00,0.00,0.00,NULL,NULL,87),(598,'2018-3',2018,3,'2018-03-01','2018-03-30',0.00,0.00,0.00,NULL,NULL,88),(599,'2018-3',2018,3,'2018-03-01','2018-03-30',0.00,0.00,0.00,NULL,NULL,89),(600,'2018-3',2018,3,'2018-03-01','2018-03-30',0.00,0.00,0.00,NULL,NULL,90),(601,'2018-3',2018,3,'2018-03-01','2018-03-30',0.00,0.00,0.00,NULL,NULL,91),(602,'2018-3',2018,3,'2018-03-01','2018-03-30',0.00,0.00,0.00,NULL,NULL,92),(603,'2018-3',2018,3,'2018-03-01','2018-03-30',0.00,0.00,0.00,NULL,NULL,93),(604,'2018-3',2018,3,'2018-03-01','2018-03-30',0.00,0.00,0.00,NULL,NULL,94),(605,'2018-3',2018,3,'2018-03-01','2018-03-30',0.00,0.00,0.00,NULL,NULL,95),(606,'2018-3',2018,3,'2018-03-01','2018-03-30',0.00,0.00,0.00,NULL,NULL,96),(607,'2018-3',2018,3,'2018-03-01','2018-03-30',0.00,0.00,0.00,NULL,NULL,97),(608,'2018-3',2018,3,'2018-03-01','2018-03-30',0.00,0.00,0.00,NULL,NULL,98),(609,'2018-3',2018,3,'2018-03-01','2018-03-30',0.00,0.00,0.00,NULL,NULL,99),(610,'2018-3',2018,3,'2018-03-01','2018-03-30',0.00,0.00,0.00,NULL,NULL,100),(611,'2018-3',2018,3,'2018-03-01','2018-03-30',0.00,0.00,0.00,NULL,NULL,101),(612,'2018-3',2018,3,'2018-03-01','2018-03-30',0.00,0.00,0.00,NULL,NULL,102),(613,'2018-3',2018,3,'2018-03-01','2018-03-30',0.00,0.00,0.00,NULL,NULL,103),(614,'2018-3',2018,3,'2018-03-01','2018-03-30',0.00,0.00,0.00,NULL,NULL,104),(615,'2018-3',2018,3,'2018-03-01','2018-03-30',0.00,0.00,0.00,NULL,NULL,105),(616,'2018-3',2018,3,'2018-03-01','2018-03-30',0.00,0.00,0.00,NULL,NULL,106),(617,'2018-3',2018,3,'2018-03-01','2018-03-30',0.00,0.00,0.00,NULL,NULL,107),(618,'2018-3',2018,3,'2018-03-01','2018-03-30',0.00,0.00,0.00,NULL,NULL,108),(619,'2018-3',2018,3,'2018-03-01','2018-03-30',0.00,0.00,0.00,NULL,NULL,109),(620,'2018-3',2018,3,'2018-03-01','2018-03-30',0.00,0.00,0.00,NULL,NULL,110),(621,'2018-3',2018,3,'2018-03-01','2018-03-30',0.00,0.00,0.00,NULL,NULL,111),(622,'2018-3',2018,3,'2018-03-01','2018-03-30',0.00,0.00,0.00,NULL,NULL,112),(623,'2018-3',2018,3,'2018-03-01','2018-03-30',0.00,0.00,0.00,NULL,NULL,113),(624,'2018-3',2018,3,'2018-03-01','2018-03-30',0.00,0.00,0.00,NULL,NULL,114),(625,'2018-3',2018,3,'2018-03-01','2018-03-30',0.00,0.00,0.00,NULL,NULL,115),(626,'2018-3',2018,3,'2018-03-01','2018-03-30',0.00,0.00,0.00,NULL,NULL,116),(627,'2018-3',2018,3,'2018-03-01','2018-03-30',0.00,0.00,0.00,NULL,NULL,117),(628,'2018-3',2018,3,'2018-03-01','2018-03-30',0.00,0.00,0.00,NULL,NULL,118),(629,'2018-3',2018,3,'2018-03-01','2018-03-30',0.00,0.00,0.00,NULL,NULL,119),(630,'2018-3',2018,3,'2018-03-01','2018-03-30',0.00,0.00,0.00,NULL,NULL,120),(631,'2018-3',2018,3,'2018-03-01','2018-03-30',0.00,0.00,0.00,NULL,NULL,121),(632,'2018-3',2018,3,'2018-03-01','2018-03-30',0.00,0.00,0.00,NULL,NULL,122),(633,'2018-3',2018,3,'2018-03-01','2018-03-30',0.00,0.00,0.00,NULL,NULL,123),(634,'2018-3',2018,3,'2018-03-01','2018-03-30',0.00,0.00,0.00,NULL,NULL,124),(635,'2018-3',2018,3,'2018-03-01','2018-03-30',0.00,0.00,0.00,NULL,NULL,125),(636,'2018-3',2018,3,'2018-03-01','2018-03-30',0.00,0.00,0.00,NULL,NULL,126),(637,'2018-3',2018,3,'2018-03-01','2018-03-30',0.00,0.00,0.00,NULL,NULL,127),(638,'2018-3',2018,3,'2018-03-01','2018-03-30',0.00,0.00,0.00,NULL,NULL,128),(639,'2018-3',2018,3,'2018-03-01','2018-03-30',0.00,0.00,0.00,NULL,NULL,129),(640,'2018-3',2018,3,'2018-03-01','2018-03-30',0.00,0.00,0.00,NULL,NULL,130),(641,'2018-3',2018,3,'2018-03-01','2018-03-30',0.00,0.00,0.00,NULL,NULL,131),(642,'2018-3',2018,3,'2018-03-01','2018-03-30',0.00,0.00,0.00,NULL,NULL,132),(643,'2018-3',2018,3,'2018-03-01','2018-03-30',0.00,0.00,0.00,NULL,NULL,133),(644,'2018-3',2018,3,'2018-03-01','2018-03-30',0.00,0.00,0.00,NULL,NULL,134),(645,'2018-3',2018,3,'2018-03-01','2018-03-30',0.00,0.00,0.00,NULL,NULL,135),(646,'2018-3',2018,3,'2018-03-01','2018-03-30',0.00,0.00,0.00,NULL,NULL,136),(647,'2018-3',2018,3,'2018-03-01','2018-03-30',0.00,0.00,0.00,NULL,NULL,137),(648,'2018-3',2018,3,'2018-03-01','2018-03-30',0.00,0.00,0.00,NULL,NULL,138),(649,'2018-3',2018,3,'2018-03-01','2018-03-30',0.00,0.00,0.00,NULL,NULL,139),(650,'2018-3',2018,3,'2018-03-01','2018-03-30',0.00,0.00,0.00,NULL,NULL,140),(651,'2018-3',2018,3,'2018-03-01','2018-03-30',0.00,0.00,0.00,NULL,NULL,141),(652,'2018-3',2018,3,'2018-03-01','2018-03-30',0.00,0.00,0.00,NULL,NULL,142),(653,'2018-3',2018,3,'2018-03-01','2018-03-30',0.00,0.00,0.00,NULL,NULL,143),(654,'2018-3',2018,3,'2018-03-01','2018-03-30',0.00,0.00,0.00,NULL,NULL,144),(655,'2018-3',2018,3,'2018-03-01','2018-03-30',0.00,0.00,0.00,NULL,NULL,145),(656,'2018-3',2018,3,'2018-03-01','2018-03-30',0.00,0.00,0.00,NULL,NULL,146),(657,'2018-3',2018,3,'2018-03-01','2018-03-30',0.00,0.00,0.00,NULL,NULL,147),(658,'2018-3',2018,3,'2018-03-01','2018-03-30',0.00,0.00,0.00,NULL,NULL,148),(659,'2018-3',2018,3,'2018-03-01','2018-03-30',0.00,0.00,0.00,NULL,NULL,149),(660,'2018-3',2018,3,'2018-03-01','2018-03-30',0.00,0.00,0.00,NULL,NULL,150),(661,'2018-3',2018,3,'2018-03-01','2018-03-30',0.00,0.00,0.00,NULL,NULL,151),(662,'2018-3',2018,3,'2018-03-01','2018-03-30',0.00,0.00,0.00,NULL,NULL,152),(663,'2018-3',2018,3,'2018-03-01','2018-03-30',0.00,0.00,0.00,NULL,NULL,153),(664,'2018-3',2018,3,'2018-03-01','2018-03-30',0.00,0.00,0.00,NULL,NULL,154),(665,'2018-3',2018,3,'2018-03-01','2018-03-30',0.00,0.00,0.00,NULL,NULL,155),(666,'2018-3',2018,3,'2018-03-01','2018-03-30',0.00,0.00,0.00,NULL,NULL,156),(667,'2018-3',2018,3,'2018-03-01','2018-03-30',0.00,0.00,0.00,NULL,NULL,157),(668,'2018-3',2018,3,'2018-03-01','2018-03-30',0.00,0.00,0.00,NULL,NULL,158),(669,'2018-3',2018,3,'2018-03-01','2018-03-30',0.00,0.00,0.00,NULL,NULL,159),(670,'2018-3',2018,3,'2018-03-01','2018-03-30',0.00,0.00,0.00,NULL,NULL,160),(671,'2018-3',2018,3,'2018-03-01','2018-03-30',0.00,0.00,0.00,NULL,NULL,161),(672,'2018-3',2018,3,'2018-03-01','2018-03-30',0.00,0.00,0.00,NULL,NULL,162),(673,'2018-3',2018,3,'2018-03-01','2018-03-30',0.00,0.00,0.00,NULL,NULL,163),(674,'2018-3',2018,3,'2018-03-01','2018-03-30',0.00,0.00,0.00,NULL,NULL,164),(675,'2018-3',2018,3,'2018-03-01','2018-03-30',0.00,0.00,0.00,NULL,NULL,165),(676,'2018-3',2018,3,'2018-03-01','2018-03-30',0.00,0.00,0.00,NULL,NULL,166),(677,'2018-3',2018,3,'2018-03-01','2018-03-30',0.00,0.00,0.00,NULL,NULL,167),(678,'2018-3',2018,3,'2018-03-01','2018-03-30',0.00,0.00,0.00,NULL,NULL,168),(679,'2018-3',2018,3,'2018-03-01','2018-03-30',0.00,0.00,0.00,NULL,NULL,169),(680,'2018-3',2018,3,'2018-03-01','2018-03-30',0.00,0.00,0.00,NULL,NULL,170),(681,'2018-3',2018,3,'2018-03-01','2018-03-30',0.00,0.00,0.00,NULL,NULL,171),(682,'2018-3',2018,3,'2018-03-01','2018-03-30',0.00,0.00,0.00,NULL,NULL,172),(683,'2018-3',2018,3,'2018-03-01','2018-03-30',0.00,0.00,0.00,NULL,NULL,173),(684,'2018-3',2018,3,'2018-03-01','2018-03-30',0.00,0.00,0.00,NULL,NULL,174),(685,'2018-3',2018,3,'2018-03-01','2018-03-30',0.00,0.00,0.00,NULL,NULL,175),(686,'2018-3',2018,3,'2018-03-01','2018-03-30',0.00,0.00,0.00,NULL,NULL,176),(687,'2018-3',2018,3,'2018-03-01','2018-03-30',0.00,0.00,0.00,NULL,NULL,177),(688,'2018-3',2018,3,'2018-03-01','2018-03-30',0.00,0.00,0.00,NULL,NULL,178),(689,'2018-3',2018,3,'2018-03-01','2018-03-30',0.00,0.00,0.00,NULL,NULL,179),(690,'2018-3',2018,3,'2018-03-01','2018-03-30',0.00,0.00,0.00,NULL,NULL,180),(691,'2018-3',2018,3,'2018-03-01','2018-03-30',0.00,0.00,0.00,NULL,NULL,181),(692,'2018-3',2018,3,'2018-03-01','2018-03-30',0.00,0.00,0.00,NULL,NULL,182),(693,'2018-3',2018,3,'2018-03-01','2018-03-30',0.00,0.00,0.00,NULL,NULL,183),(694,'2018-3',2018,3,'2018-03-01','2018-03-30',0.00,0.00,0.00,NULL,NULL,184),(695,'2018-3',2018,3,'2018-03-01','2018-03-30',0.00,0.00,0.00,NULL,NULL,185),(696,'2018-3',2018,3,'2018-03-01','2018-03-30',0.00,0.00,0.00,NULL,NULL,186),(697,'2018-3',2018,3,'2018-03-01','2018-03-30',0.00,0.00,0.00,NULL,NULL,187),(698,'2018-3',2018,3,'2018-03-01','2018-03-30',0.00,0.00,0.00,NULL,NULL,188),(699,'2018-3',2018,3,'2018-03-01','2018-03-30',0.00,0.00,0.00,NULL,NULL,189),(700,'2018-3',2018,3,'2018-03-01','2018-03-30',0.00,0.00,0.00,NULL,NULL,190),(701,'2018-3',2018,3,'2018-03-01','2018-03-30',0.00,0.00,0.00,NULL,NULL,191),(702,'2018-3',2018,3,'2018-03-01','2018-03-30',0.00,0.00,0.00,NULL,NULL,192),(703,'2018-3',2018,3,'2018-03-01','2018-03-30',0.00,0.00,0.00,NULL,NULL,193),(704,'2018-3',2018,3,'2018-03-01','2018-03-30',0.00,0.00,0.00,NULL,NULL,194),(705,'2018-3',2018,3,'2018-03-01','2018-03-30',0.00,0.00,0.00,NULL,NULL,195),(706,'2018-3',2018,3,'2018-03-01','2018-03-30',0.00,0.00,0.00,NULL,NULL,196),(707,'2018-3',2018,3,'2018-03-01','2018-03-30',0.00,0.00,0.00,NULL,NULL,197),(708,'2018-3',2018,3,'2018-03-01','2018-03-30',0.00,0.00,0.00,NULL,NULL,198),(709,'2018-3',2018,3,'2018-03-01','2018-03-30',0.00,0.00,0.00,NULL,NULL,199),(710,'2018-3',2018,3,'2018-03-01','2018-03-30',0.00,0.00,0.00,NULL,NULL,200),(766,'2018-4',2018,4,'2018-04-01','2018-04-30',0.00,0.00,0.00,NULL,NULL,1),(767,'2018-4',2018,4,'2018-04-01','2018-04-30',0.00,0.00,0.00,NULL,NULL,2),(768,'2018-4',2018,4,'2018-04-01','2018-04-30',0.00,0.00,0.00,NULL,NULL,3),(769,'2018-4',2018,4,'2018-04-01','2018-04-30',0.00,0.00,0.00,NULL,NULL,4),(770,'2018-4',2018,4,'2018-04-01','2018-04-30',0.00,0.00,0.00,NULL,NULL,5),(771,'2018-4',2018,4,'2018-04-01','2018-04-30',0.00,0.00,0.00,NULL,NULL,6),(772,'2018-4',2018,4,'2018-04-01','2018-04-30',0.00,0.00,0.00,NULL,NULL,7),(773,'2018-4',2018,4,'2018-04-01','2018-04-30',0.00,0.00,0.00,NULL,NULL,8),(774,'2018-4',2018,4,'2018-04-01','2018-04-30',0.00,0.00,0.00,NULL,NULL,9),(775,'2018-4',2018,4,'2018-04-01','2018-04-30',0.00,0.00,0.00,NULL,NULL,10),(776,'2018-4',2018,4,'2018-04-01','2018-04-30',0.00,0.00,0.00,NULL,NULL,11),(777,'2018-4',2018,4,'2018-04-01','2018-04-30',0.00,0.00,0.00,NULL,NULL,12),(778,'2018-4',2018,4,'2018-04-01','2018-04-30',0.00,0.00,0.00,NULL,NULL,13),(779,'2018-4',2018,4,'2018-04-01','2018-04-30',0.00,0.00,0.00,NULL,NULL,14),(780,'2018-4',2018,4,'2018-04-01','2018-04-30',0.00,0.00,0.00,NULL,NULL,15),(781,'2018-4',2018,4,'2018-04-01','2018-04-30',0.00,0.00,0.00,NULL,NULL,16),(782,'2018-4',2018,4,'2018-04-01','2018-04-30',0.00,0.00,0.00,NULL,NULL,17),(783,'2018-4',2018,4,'2018-04-01','2018-04-30',0.00,0.00,0.00,NULL,NULL,18),(784,'2018-4',2018,4,'2018-04-01','2018-04-30',0.00,0.00,0.00,NULL,NULL,19),(785,'2018-4',2018,4,'2018-04-01','2018-04-30',0.00,0.00,0.00,NULL,NULL,20),(786,'2018-4',2018,4,'2018-04-01','2018-04-30',0.00,0.00,0.00,NULL,NULL,21),(787,'2018-4',2018,4,'2018-04-01','2018-04-30',0.00,0.00,0.00,NULL,NULL,22),(788,'2018-4',2018,4,'2018-04-01','2018-04-30',0.00,0.00,0.00,NULL,NULL,23),(789,'2018-4',2018,4,'2018-04-01','2018-04-30',0.00,0.00,0.00,NULL,NULL,24),(790,'2018-4',2018,4,'2018-04-01','2018-04-30',0.00,0.00,0.00,NULL,NULL,25),(791,'2018-4',2018,4,'2018-04-01','2018-04-30',0.00,0.00,0.00,NULL,NULL,26),(792,'2018-4',2018,4,'2018-04-01','2018-04-30',0.00,0.00,0.00,NULL,NULL,27),(793,'2018-4',2018,4,'2018-04-01','2018-04-30',0.00,0.00,0.00,NULL,NULL,28),(794,'2018-4',2018,4,'2018-04-01','2018-04-30',0.00,0.00,0.00,NULL,NULL,29),(795,'2018-4',2018,4,'2018-04-01','2018-04-30',0.00,0.00,0.00,NULL,NULL,30),(796,'2018-4',2018,4,'2018-04-01','2018-04-30',0.00,0.00,0.00,NULL,NULL,31),(797,'2018-4',2018,4,'2018-04-01','2018-04-30',0.00,0.00,0.00,NULL,NULL,32),(798,'2018-4',2018,4,'2018-04-01','2018-04-30',0.00,0.00,0.00,NULL,NULL,33),(799,'2018-4',2018,4,'2018-04-01','2018-04-30',0.00,0.00,0.00,NULL,NULL,34),(800,'2018-4',2018,4,'2018-04-01','2018-04-30',0.00,0.00,0.00,NULL,NULL,35),(801,'2018-4',2018,4,'2018-04-01','2018-04-30',0.00,0.00,0.00,NULL,NULL,36),(802,'2018-4',2018,4,'2018-04-01','2018-04-30',0.00,0.00,0.00,NULL,NULL,37),(803,'2018-4',2018,4,'2018-04-01','2018-04-30',0.00,0.00,0.00,NULL,NULL,38),(804,'2018-4',2018,4,'2018-04-01','2018-04-30',0.00,0.00,0.00,NULL,NULL,39),(805,'2018-4',2018,4,'2018-04-01','2018-04-30',0.00,0.00,0.00,NULL,NULL,40),(806,'2018-4',2018,4,'2018-04-01','2018-04-30',0.00,0.00,0.00,NULL,NULL,41),(807,'2018-4',2018,4,'2018-04-01','2018-04-30',0.00,0.00,0.00,NULL,NULL,42),(808,'2018-4',2018,4,'2018-04-01','2018-04-30',0.00,0.00,0.00,NULL,NULL,43),(809,'2018-4',2018,4,'2018-04-01','2018-04-30',0.00,0.00,0.00,NULL,NULL,44),(810,'2018-4',2018,4,'2018-04-01','2018-04-30',0.00,0.00,0.00,NULL,NULL,45),(811,'2018-4',2018,4,'2018-04-01','2018-04-30',0.00,0.00,0.00,NULL,NULL,46),(812,'2018-4',2018,4,'2018-04-01','2018-04-30',0.00,0.00,0.00,NULL,NULL,47),(813,'2018-4',2018,4,'2018-04-01','2018-04-30',0.00,0.00,0.00,NULL,NULL,48),(814,'2018-4',2018,4,'2018-04-01','2018-04-30',0.00,0.00,0.00,NULL,NULL,49),(815,'2018-4',2018,4,'2018-04-01','2018-04-30',0.00,0.00,0.00,NULL,NULL,50),(816,'2018-4',2018,4,'2018-04-01','2018-04-30',0.00,0.00,0.00,NULL,NULL,51),(817,'2018-4',2018,4,'2018-04-01','2018-04-30',0.00,0.00,0.00,NULL,NULL,52),(818,'2018-4',2018,4,'2018-04-01','2018-04-30',0.00,0.00,0.00,NULL,NULL,53),(819,'2018-4',2018,4,'2018-04-01','2018-04-30',0.00,0.00,0.00,NULL,NULL,54),(820,'2018-4',2018,4,'2018-04-01','2018-04-30',0.00,0.00,0.00,NULL,NULL,55),(821,'2018-4',2018,4,'2018-04-01','2018-04-30',0.00,0.00,0.00,NULL,NULL,56),(822,'2018-4',2018,4,'2018-04-01','2018-04-30',0.00,0.00,0.00,NULL,NULL,57),(823,'2018-4',2018,4,'2018-04-01','2018-04-30',0.00,0.00,0.00,NULL,NULL,58),(824,'2018-4',2018,4,'2018-04-01','2018-04-30',0.00,0.00,0.00,NULL,NULL,59),(825,'2018-4',2018,4,'2018-04-01','2018-04-30',0.00,0.00,0.00,NULL,NULL,60),(826,'2018-4',2018,4,'2018-04-01','2018-04-30',0.00,0.00,0.00,NULL,NULL,61),(827,'2018-4',2018,4,'2018-04-01','2018-04-30',0.00,0.00,0.00,NULL,NULL,62),(828,'2018-4',2018,4,'2018-04-01','2018-04-30',0.00,0.00,0.00,NULL,NULL,63),(829,'2018-4',2018,4,'2018-04-01','2018-04-30',0.00,0.00,0.00,NULL,NULL,64),(830,'2018-4',2018,4,'2018-04-01','2018-04-30',0.00,0.00,0.00,NULL,NULL,65),(831,'2018-4',2018,4,'2018-04-01','2018-04-30',0.00,0.00,0.00,NULL,NULL,66),(832,'2018-4',2018,4,'2018-04-01','2018-04-30',0.00,0.00,0.00,NULL,NULL,67),(833,'2018-4',2018,4,'2018-04-01','2018-04-30',0.00,0.00,0.00,NULL,NULL,68),(834,'2018-4',2018,4,'2018-04-01','2018-04-30',0.00,0.00,0.00,NULL,NULL,69),(835,'2018-4',2018,4,'2018-04-01','2018-04-30',0.00,0.00,0.00,NULL,NULL,70),(836,'2018-4',2018,4,'2018-04-01','2018-04-30',0.00,0.00,0.00,NULL,NULL,71),(837,'2018-4',2018,4,'2018-04-01','2018-04-30',0.00,0.00,0.00,NULL,NULL,72),(838,'2018-4',2018,4,'2018-04-01','2018-04-30',0.00,0.00,0.00,NULL,NULL,73),(839,'2018-4',2018,4,'2018-04-01','2018-04-30',0.00,0.00,0.00,NULL,NULL,74),(840,'2018-4',2018,4,'2018-04-01','2018-04-30',0.00,0.00,0.00,NULL,NULL,75),(841,'2018-4',2018,4,'2018-04-01','2018-04-30',0.00,0.00,0.00,NULL,NULL,76),(842,'2018-4',2018,4,'2018-04-01','2018-04-30',0.00,0.00,0.00,NULL,NULL,77),(843,'2018-4',2018,4,'2018-04-01','2018-04-30',0.00,0.00,0.00,NULL,NULL,78),(844,'2018-4',2018,4,'2018-04-01','2018-04-30',0.00,0.00,0.00,NULL,NULL,79),(845,'2018-4',2018,4,'2018-04-01','2018-04-30',0.00,0.00,0.00,NULL,NULL,80),(846,'2018-4',2018,4,'2018-04-01','2018-04-30',0.00,0.00,0.00,NULL,NULL,81),(847,'2018-4',2018,4,'2018-04-01','2018-04-30',0.00,0.00,0.00,NULL,NULL,82),(848,'2018-4',2018,4,'2018-04-01','2018-04-30',0.00,0.00,0.00,NULL,NULL,83),(849,'2018-4',2018,4,'2018-04-01','2018-04-30',0.00,0.00,0.00,NULL,NULL,84),(850,'2018-4',2018,4,'2018-04-01','2018-04-30',0.00,0.00,0.00,NULL,NULL,85),(851,'2018-4',2018,4,'2018-04-01','2018-04-30',0.00,0.00,0.00,NULL,NULL,86),(852,'2018-4',2018,4,'2018-04-01','2018-04-30',0.00,0.00,0.00,NULL,NULL,87),(853,'2018-4',2018,4,'2018-04-01','2018-04-30',0.00,0.00,0.00,NULL,NULL,88),(854,'2018-4',2018,4,'2018-04-01','2018-04-30',0.00,0.00,0.00,NULL,NULL,89),(855,'2018-4',2018,4,'2018-04-01','2018-04-30',0.00,0.00,0.00,NULL,NULL,90),(856,'2018-4',2018,4,'2018-04-01','2018-04-30',0.00,0.00,0.00,NULL,NULL,91),(857,'2018-4',2018,4,'2018-04-01','2018-04-30',0.00,0.00,0.00,NULL,NULL,92),(858,'2018-4',2018,4,'2018-04-01','2018-04-30',0.00,0.00,0.00,NULL,NULL,93),(859,'2018-4',2018,4,'2018-04-01','2018-04-30',0.00,0.00,0.00,NULL,NULL,94),(860,'2018-4',2018,4,'2018-04-01','2018-04-30',0.00,0.00,0.00,NULL,NULL,95),(861,'2018-4',2018,4,'2018-04-01','2018-04-30',0.00,0.00,0.00,NULL,NULL,96),(862,'2018-4',2018,4,'2018-04-01','2018-04-30',0.00,0.00,0.00,NULL,NULL,97),(863,'2018-4',2018,4,'2018-04-01','2018-04-30',0.00,0.00,0.00,NULL,NULL,98),(864,'2018-4',2018,4,'2018-04-01','2018-04-30',0.00,0.00,0.00,NULL,NULL,99),(865,'2018-4',2018,4,'2018-04-01','2018-04-30',0.00,0.00,0.00,NULL,NULL,100),(866,'2018-4',2018,4,'2018-04-01','2018-04-30',0.00,0.00,0.00,NULL,NULL,101),(867,'2018-4',2018,4,'2018-04-01','2018-04-30',0.00,0.00,0.00,NULL,NULL,102),(868,'2018-4',2018,4,'2018-04-01','2018-04-30',0.00,0.00,0.00,NULL,NULL,103),(869,'2018-4',2018,4,'2018-04-01','2018-04-30',0.00,0.00,0.00,NULL,NULL,104),(870,'2018-4',2018,4,'2018-04-01','2018-04-30',0.00,0.00,0.00,NULL,NULL,105),(871,'2018-4',2018,4,'2018-04-01','2018-04-30',0.00,0.00,0.00,NULL,NULL,106),(872,'2018-4',2018,4,'2018-04-01','2018-04-30',0.00,0.00,0.00,NULL,NULL,107),(873,'2018-4',2018,4,'2018-04-01','2018-04-30',0.00,0.00,0.00,NULL,NULL,108),(874,'2018-4',2018,4,'2018-04-01','2018-04-30',0.00,0.00,0.00,NULL,NULL,109),(875,'2018-4',2018,4,'2018-04-01','2018-04-30',0.00,0.00,0.00,NULL,NULL,110),(876,'2018-4',2018,4,'2018-04-01','2018-04-30',0.00,0.00,0.00,NULL,NULL,111),(877,'2018-4',2018,4,'2018-04-01','2018-04-30',0.00,0.00,0.00,NULL,NULL,112),(878,'2018-4',2018,4,'2018-04-01','2018-04-30',0.00,0.00,0.00,NULL,NULL,113),(879,'2018-4',2018,4,'2018-04-01','2018-04-30',0.00,0.00,0.00,NULL,NULL,114),(880,'2018-4',2018,4,'2018-04-01','2018-04-30',0.00,0.00,0.00,NULL,NULL,115),(881,'2018-4',2018,4,'2018-04-01','2018-04-30',0.00,0.00,0.00,NULL,NULL,116),(882,'2018-4',2018,4,'2018-04-01','2018-04-30',0.00,0.00,0.00,NULL,NULL,117),(883,'2018-4',2018,4,'2018-04-01','2018-04-30',0.00,0.00,0.00,NULL,NULL,118),(884,'2018-4',2018,4,'2018-04-01','2018-04-30',0.00,0.00,0.00,NULL,NULL,119),(885,'2018-4',2018,4,'2018-04-01','2018-04-30',0.00,0.00,0.00,NULL,NULL,120),(886,'2018-4',2018,4,'2018-04-01','2018-04-30',0.00,0.00,0.00,NULL,NULL,121),(887,'2018-4',2018,4,'2018-04-01','2018-04-30',0.00,0.00,0.00,NULL,NULL,122),(888,'2018-4',2018,4,'2018-04-01','2018-04-30',0.00,0.00,0.00,NULL,NULL,123),(889,'2018-4',2018,4,'2018-04-01','2018-04-30',0.00,0.00,0.00,NULL,NULL,124),(890,'2018-4',2018,4,'2018-04-01','2018-04-30',0.00,0.00,0.00,NULL,NULL,125),(891,'2018-4',2018,4,'2018-04-01','2018-04-30',0.00,0.00,0.00,NULL,NULL,126),(892,'2018-4',2018,4,'2018-04-01','2018-04-30',0.00,0.00,0.00,NULL,NULL,127),(893,'2018-4',2018,4,'2018-04-01','2018-04-30',0.00,0.00,0.00,NULL,NULL,128),(894,'2018-4',2018,4,'2018-04-01','2018-04-30',0.00,0.00,0.00,NULL,NULL,129),(895,'2018-4',2018,4,'2018-04-01','2018-04-30',0.00,0.00,0.00,NULL,NULL,130),(896,'2018-4',2018,4,'2018-04-01','2018-04-30',0.00,0.00,0.00,NULL,NULL,131),(897,'2018-4',2018,4,'2018-04-01','2018-04-30',0.00,0.00,0.00,NULL,NULL,132),(898,'2018-4',2018,4,'2018-04-01','2018-04-30',0.00,0.00,0.00,NULL,NULL,133),(899,'2018-4',2018,4,'2018-04-01','2018-04-30',0.00,0.00,0.00,NULL,NULL,134),(900,'2018-4',2018,4,'2018-04-01','2018-04-30',0.00,0.00,0.00,NULL,NULL,135),(901,'2018-4',2018,4,'2018-04-01','2018-04-30',0.00,0.00,0.00,NULL,NULL,136),(902,'2018-4',2018,4,'2018-04-01','2018-04-30',0.00,0.00,0.00,NULL,NULL,137),(903,'2018-4',2018,4,'2018-04-01','2018-04-30',0.00,0.00,0.00,NULL,NULL,138),(904,'2018-4',2018,4,'2018-04-01','2018-04-30',0.00,0.00,0.00,NULL,NULL,139),(905,'2018-4',2018,4,'2018-04-01','2018-04-30',0.00,0.00,0.00,NULL,NULL,140),(906,'2018-4',2018,4,'2018-04-01','2018-04-30',0.00,0.00,0.00,NULL,NULL,141),(907,'2018-4',2018,4,'2018-04-01','2018-04-30',0.00,0.00,0.00,NULL,NULL,142),(908,'2018-4',2018,4,'2018-04-01','2018-04-30',0.00,0.00,0.00,NULL,NULL,143),(909,'2018-4',2018,4,'2018-04-01','2018-04-30',0.00,0.00,0.00,NULL,NULL,144),(910,'2018-4',2018,4,'2018-04-01','2018-04-30',0.00,0.00,0.00,NULL,NULL,145),(911,'2018-4',2018,4,'2018-04-01','2018-04-30',0.00,0.00,0.00,NULL,NULL,146),(912,'2018-4',2018,4,'2018-04-01','2018-04-30',0.00,0.00,0.00,NULL,NULL,147),(913,'2018-4',2018,4,'2018-04-01','2018-04-30',0.00,0.00,0.00,NULL,NULL,148),(914,'2018-4',2018,4,'2018-04-01','2018-04-30',0.00,0.00,0.00,NULL,NULL,149),(915,'2018-4',2018,4,'2018-04-01','2018-04-30',0.00,0.00,0.00,NULL,NULL,150),(916,'2018-4',2018,4,'2018-04-01','2018-04-30',0.00,0.00,0.00,NULL,NULL,151),(917,'2018-4',2018,4,'2018-04-01','2018-04-30',0.00,0.00,0.00,NULL,NULL,152),(918,'2018-4',2018,4,'2018-04-01','2018-04-30',0.00,0.00,0.00,NULL,NULL,153),(919,'2018-4',2018,4,'2018-04-01','2018-04-30',0.00,0.00,0.00,NULL,NULL,154),(920,'2018-4',2018,4,'2018-04-01','2018-04-30',0.00,0.00,0.00,NULL,NULL,155),(921,'2018-4',2018,4,'2018-04-01','2018-04-30',0.00,0.00,0.00,NULL,NULL,156),(922,'2018-4',2018,4,'2018-04-01','2018-04-30',0.00,0.00,0.00,NULL,NULL,157),(923,'2018-4',2018,4,'2018-04-01','2018-04-30',0.00,0.00,0.00,NULL,NULL,158),(924,'2018-4',2018,4,'2018-04-01','2018-04-30',0.00,0.00,0.00,NULL,NULL,159),(925,'2018-4',2018,4,'2018-04-01','2018-04-30',0.00,0.00,0.00,NULL,NULL,160),(926,'2018-4',2018,4,'2018-04-01','2018-04-30',0.00,0.00,0.00,NULL,NULL,161),(927,'2018-4',2018,4,'2018-04-01','2018-04-30',0.00,0.00,0.00,NULL,NULL,162),(928,'2018-4',2018,4,'2018-04-01','2018-04-30',0.00,0.00,0.00,NULL,NULL,163),(929,'2018-4',2018,4,'2018-04-01','2018-04-30',0.00,0.00,0.00,NULL,NULL,164),(930,'2018-4',2018,4,'2018-04-01','2018-04-30',0.00,0.00,0.00,NULL,NULL,165),(931,'2018-4',2018,4,'2018-04-01','2018-04-30',0.00,0.00,0.00,NULL,NULL,166),(932,'2018-4',2018,4,'2018-04-01','2018-04-30',0.00,0.00,0.00,NULL,NULL,167),(933,'2018-4',2018,4,'2018-04-01','2018-04-30',0.00,0.00,0.00,NULL,NULL,168),(934,'2018-4',2018,4,'2018-04-01','2018-04-30',0.00,0.00,0.00,NULL,NULL,169),(935,'2018-4',2018,4,'2018-04-01','2018-04-30',0.00,0.00,0.00,NULL,NULL,170),(936,'2018-4',2018,4,'2018-04-01','2018-04-30',0.00,0.00,0.00,NULL,NULL,171),(937,'2018-4',2018,4,'2018-04-01','2018-04-30',0.00,0.00,0.00,NULL,NULL,172),(938,'2018-4',2018,4,'2018-04-01','2018-04-30',0.00,0.00,0.00,NULL,NULL,173),(939,'2018-4',2018,4,'2018-04-01','2018-04-30',0.00,0.00,0.00,NULL,NULL,174),(940,'2018-4',2018,4,'2018-04-01','2018-04-30',0.00,0.00,0.00,NULL,NULL,175),(941,'2018-4',2018,4,'2018-04-01','2018-04-30',0.00,0.00,0.00,NULL,NULL,176),(942,'2018-4',2018,4,'2018-04-01','2018-04-30',0.00,0.00,0.00,NULL,NULL,177),(943,'2018-4',2018,4,'2018-04-01','2018-04-30',0.00,0.00,0.00,NULL,NULL,178),(944,'2018-4',2018,4,'2018-04-01','2018-04-30',0.00,0.00,0.00,NULL,NULL,179),(945,'2018-4',2018,4,'2018-04-01','2018-04-30',0.00,0.00,0.00,NULL,NULL,180),(946,'2018-4',2018,4,'2018-04-01','2018-04-30',0.00,0.00,0.00,NULL,NULL,181),(947,'2018-4',2018,4,'2018-04-01','2018-04-30',0.00,0.00,0.00,NULL,NULL,182),(948,'2018-4',2018,4,'2018-04-01','2018-04-30',0.00,0.00,0.00,NULL,NULL,183),(949,'2018-4',2018,4,'2018-04-01','2018-04-30',0.00,0.00,0.00,NULL,NULL,184),(950,'2018-4',2018,4,'2018-04-01','2018-04-30',0.00,0.00,0.00,NULL,NULL,185),(951,'2018-4',2018,4,'2018-04-01','2018-04-30',0.00,0.00,0.00,NULL,NULL,186),(952,'2018-4',2018,4,'2018-04-01','2018-04-30',0.00,0.00,0.00,NULL,NULL,187),(953,'2018-4',2018,4,'2018-04-01','2018-04-30',0.00,0.00,0.00,NULL,NULL,188),(954,'2018-4',2018,4,'2018-04-01','2018-04-30',0.00,0.00,0.00,NULL,NULL,189),(955,'2018-4',2018,4,'2018-04-01','2018-04-30',0.00,0.00,0.00,NULL,NULL,190),(956,'2018-4',2018,4,'2018-04-01','2018-04-30',0.00,0.00,0.00,NULL,NULL,191),(957,'2018-4',2018,4,'2018-04-01','2018-04-30',0.00,0.00,0.00,NULL,NULL,192),(958,'2018-4',2018,4,'2018-04-01','2018-04-30',0.00,0.00,0.00,NULL,NULL,193),(959,'2018-4',2018,4,'2018-04-01','2018-04-30',0.00,0.00,0.00,NULL,NULL,194),(960,'2018-4',2018,4,'2018-04-01','2018-04-30',0.00,0.00,0.00,NULL,NULL,195),(961,'2018-4',2018,4,'2018-04-01','2018-04-30',0.00,0.00,0.00,NULL,NULL,196),(962,'2018-4',2018,4,'2018-04-01','2018-04-30',0.00,0.00,0.00,NULL,NULL,197),(963,'2018-4',2018,4,'2018-04-01','2018-04-30',0.00,0.00,0.00,NULL,NULL,198),(964,'2018-4',2018,4,'2018-04-01','2018-04-30',0.00,0.00,0.00,NULL,NULL,199),(965,'2018-4',2018,4,'2018-04-01','2018-04-30',0.00,0.00,0.00,NULL,NULL,200),(1021,'2018-5',2018,5,'2018-05-01','2018-05-31',0.00,0.00,0.00,NULL,NULL,1),(1022,'2018-5',2018,5,'2018-05-01','2018-05-31',0.00,0.00,0.00,NULL,NULL,2),(1023,'2018-5',2018,5,'2018-05-01','2018-05-31',0.00,0.00,0.00,NULL,NULL,3),(1024,'2018-5',2018,5,'2018-05-01','2018-05-31',0.00,0.00,0.00,NULL,NULL,4),(1025,'2018-5',2018,5,'2018-05-01','2018-05-31',0.00,0.00,0.00,NULL,NULL,5),(1026,'2018-5',2018,5,'2018-05-01','2018-05-31',0.00,0.00,0.00,NULL,NULL,6),(1027,'2018-5',2018,5,'2018-05-01','2018-05-31',0.00,0.00,0.00,NULL,NULL,7),(1028,'2018-5',2018,5,'2018-05-01','2018-05-31',0.00,0.00,0.00,NULL,NULL,8),(1029,'2018-5',2018,5,'2018-05-01','2018-05-31',0.00,0.00,0.00,NULL,NULL,9),(1030,'2018-5',2018,5,'2018-05-01','2018-05-31',0.00,0.00,0.00,NULL,NULL,10),(1031,'2018-5',2018,5,'2018-05-01','2018-05-31',0.00,0.00,0.00,NULL,NULL,11),(1032,'2018-5',2018,5,'2018-05-01','2018-05-31',0.00,0.00,0.00,NULL,NULL,12),(1033,'2018-5',2018,5,'2018-05-01','2018-05-31',0.00,0.00,0.00,NULL,NULL,13),(1034,'2018-5',2018,5,'2018-05-01','2018-05-31',0.00,0.00,0.00,NULL,NULL,14),(1035,'2018-5',2018,5,'2018-05-01','2018-05-31',0.00,0.00,0.00,NULL,NULL,15),(1036,'2018-5',2018,5,'2018-05-01','2018-05-31',0.00,0.00,0.00,NULL,NULL,16),(1037,'2018-5',2018,5,'2018-05-01','2018-05-31',0.00,0.00,0.00,NULL,NULL,17),(1038,'2018-5',2018,5,'2018-05-01','2018-05-31',0.00,0.00,0.00,NULL,NULL,18),(1039,'2018-5',2018,5,'2018-05-01','2018-05-31',0.00,0.00,0.00,NULL,NULL,19),(1040,'2018-5',2018,5,'2018-05-01','2018-05-31',0.00,0.00,0.00,NULL,NULL,20),(1041,'2018-5',2018,5,'2018-05-01','2018-05-31',0.00,0.00,0.00,NULL,NULL,21),(1042,'2018-5',2018,5,'2018-05-01','2018-05-31',0.00,0.00,0.00,NULL,NULL,22),(1043,'2018-5',2018,5,'2018-05-01','2018-05-31',0.00,0.00,0.00,NULL,NULL,23),(1044,'2018-5',2018,5,'2018-05-01','2018-05-31',0.00,0.00,0.00,NULL,NULL,24),(1045,'2018-5',2018,5,'2018-05-01','2018-05-31',0.00,0.00,0.00,NULL,NULL,25),(1046,'2018-5',2018,5,'2018-05-01','2018-05-31',0.00,0.00,0.00,NULL,NULL,26),(1047,'2018-5',2018,5,'2018-05-01','2018-05-31',0.00,0.00,0.00,NULL,NULL,27),(1048,'2018-5',2018,5,'2018-05-01','2018-05-31',0.00,0.00,0.00,NULL,NULL,28),(1049,'2018-5',2018,5,'2018-05-01','2018-05-31',0.00,0.00,0.00,NULL,NULL,29),(1050,'2018-5',2018,5,'2018-05-01','2018-05-31',0.00,0.00,0.00,NULL,NULL,30),(1051,'2018-5',2018,5,'2018-05-01','2018-05-31',0.00,0.00,0.00,NULL,NULL,31),(1052,'2018-5',2018,5,'2018-05-01','2018-05-31',0.00,0.00,0.00,NULL,NULL,32),(1053,'2018-5',2018,5,'2018-05-01','2018-05-31',0.00,0.00,0.00,NULL,NULL,33),(1054,'2018-5',2018,5,'2018-05-01','2018-05-31',0.00,0.00,0.00,NULL,NULL,34),(1055,'2018-5',2018,5,'2018-05-01','2018-05-31',0.00,0.00,0.00,NULL,NULL,35),(1056,'2018-5',2018,5,'2018-05-01','2018-05-31',0.00,0.00,0.00,NULL,NULL,36),(1057,'2018-5',2018,5,'2018-05-01','2018-05-31',0.00,0.00,0.00,NULL,NULL,37),(1058,'2018-5',2018,5,'2018-05-01','2018-05-31',0.00,0.00,0.00,NULL,NULL,38),(1059,'2018-5',2018,5,'2018-05-01','2018-05-31',0.00,0.00,0.00,NULL,NULL,39),(1060,'2018-5',2018,5,'2018-05-01','2018-05-31',0.00,0.00,0.00,NULL,NULL,40),(1061,'2018-5',2018,5,'2018-05-01','2018-05-31',0.00,0.00,0.00,NULL,NULL,41),(1062,'2018-5',2018,5,'2018-05-01','2018-05-31',0.00,0.00,0.00,NULL,NULL,42),(1063,'2018-5',2018,5,'2018-05-01','2018-05-31',0.00,0.00,0.00,NULL,NULL,43),(1064,'2018-5',2018,5,'2018-05-01','2018-05-31',0.00,0.00,0.00,NULL,NULL,44),(1065,'2018-5',2018,5,'2018-05-01','2018-05-31',0.00,0.00,0.00,NULL,NULL,45),(1066,'2018-5',2018,5,'2018-05-01','2018-05-31',0.00,0.00,0.00,NULL,NULL,46),(1067,'2018-5',2018,5,'2018-05-01','2018-05-31',0.00,0.00,0.00,NULL,NULL,47),(1068,'2018-5',2018,5,'2018-05-01','2018-05-31',0.00,0.00,0.00,NULL,NULL,48),(1069,'2018-5',2018,5,'2018-05-01','2018-05-31',0.00,0.00,0.00,NULL,NULL,49),(1070,'2018-5',2018,5,'2018-05-01','2018-05-31',0.00,0.00,0.00,NULL,NULL,50),(1071,'2018-5',2018,5,'2018-05-01','2018-05-31',0.00,0.00,0.00,NULL,NULL,51),(1072,'2018-5',2018,5,'2018-05-01','2018-05-31',0.00,0.00,0.00,NULL,NULL,52),(1073,'2018-5',2018,5,'2018-05-01','2018-05-31',0.00,0.00,0.00,NULL,NULL,53),(1074,'2018-5',2018,5,'2018-05-01','2018-05-31',0.00,0.00,0.00,NULL,NULL,54),(1075,'2018-5',2018,5,'2018-05-01','2018-05-31',0.00,0.00,0.00,NULL,NULL,55),(1076,'2018-5',2018,5,'2018-05-01','2018-05-31',0.00,0.00,0.00,NULL,NULL,56),(1077,'2018-5',2018,5,'2018-05-01','2018-05-31',0.00,0.00,0.00,NULL,NULL,57),(1078,'2018-5',2018,5,'2018-05-01','2018-05-31',0.00,0.00,0.00,NULL,NULL,58),(1079,'2018-5',2018,5,'2018-05-01','2018-05-31',0.00,0.00,0.00,NULL,NULL,59),(1080,'2018-5',2018,5,'2018-05-01','2018-05-31',0.00,0.00,0.00,NULL,NULL,60),(1081,'2018-5',2018,5,'2018-05-01','2018-05-31',0.00,0.00,0.00,NULL,NULL,61),(1082,'2018-5',2018,5,'2018-05-01','2018-05-31',0.00,0.00,0.00,NULL,NULL,62),(1083,'2018-5',2018,5,'2018-05-01','2018-05-31',0.00,0.00,0.00,NULL,NULL,63),(1084,'2018-5',2018,5,'2018-05-01','2018-05-31',0.00,0.00,0.00,NULL,NULL,64),(1085,'2018-5',2018,5,'2018-05-01','2018-05-31',0.00,0.00,0.00,NULL,NULL,65),(1086,'2018-5',2018,5,'2018-05-01','2018-05-31',0.00,0.00,0.00,NULL,NULL,66),(1087,'2018-5',2018,5,'2018-05-01','2018-05-31',0.00,0.00,0.00,NULL,NULL,67),(1088,'2018-5',2018,5,'2018-05-01','2018-05-31',0.00,0.00,0.00,NULL,NULL,68),(1089,'2018-5',2018,5,'2018-05-01','2018-05-31',0.00,0.00,0.00,NULL,NULL,69),(1090,'2018-5',2018,5,'2018-05-01','2018-05-31',0.00,0.00,0.00,NULL,NULL,70),(1091,'2018-5',2018,5,'2018-05-01','2018-05-31',0.00,0.00,0.00,NULL,NULL,71),(1092,'2018-5',2018,5,'2018-05-01','2018-05-31',0.00,0.00,0.00,NULL,NULL,72),(1093,'2018-5',2018,5,'2018-05-01','2018-05-31',0.00,0.00,0.00,NULL,NULL,73),(1094,'2018-5',2018,5,'2018-05-01','2018-05-31',0.00,0.00,0.00,NULL,NULL,74),(1095,'2018-5',2018,5,'2018-05-01','2018-05-31',0.00,0.00,0.00,NULL,NULL,75),(1096,'2018-5',2018,5,'2018-05-01','2018-05-31',0.00,0.00,0.00,NULL,NULL,76),(1097,'2018-5',2018,5,'2018-05-01','2018-05-31',0.00,0.00,0.00,NULL,NULL,77),(1098,'2018-5',2018,5,'2018-05-01','2018-05-31',0.00,0.00,0.00,NULL,NULL,78),(1099,'2018-5',2018,5,'2018-05-01','2018-05-31',0.00,0.00,0.00,NULL,NULL,79),(1100,'2018-5',2018,5,'2018-05-01','2018-05-31',0.00,0.00,0.00,NULL,NULL,80),(1101,'2018-5',2018,5,'2018-05-01','2018-05-31',0.00,0.00,0.00,NULL,NULL,81),(1102,'2018-5',2018,5,'2018-05-01','2018-05-31',0.00,0.00,0.00,NULL,NULL,82),(1103,'2018-5',2018,5,'2018-05-01','2018-05-31',0.00,0.00,0.00,NULL,NULL,83),(1104,'2018-5',2018,5,'2018-05-01','2018-05-31',0.00,0.00,0.00,NULL,NULL,84),(1105,'2018-5',2018,5,'2018-05-01','2018-05-31',0.00,0.00,0.00,NULL,NULL,85),(1106,'2018-5',2018,5,'2018-05-01','2018-05-31',0.00,0.00,0.00,NULL,NULL,86),(1107,'2018-5',2018,5,'2018-05-01','2018-05-31',0.00,0.00,0.00,NULL,NULL,87),(1108,'2018-5',2018,5,'2018-05-01','2018-05-31',0.00,0.00,0.00,NULL,NULL,88),(1109,'2018-5',2018,5,'2018-05-01','2018-05-31',0.00,0.00,0.00,NULL,NULL,89),(1110,'2018-5',2018,5,'2018-05-01','2018-05-31',0.00,0.00,0.00,NULL,NULL,90),(1111,'2018-5',2018,5,'2018-05-01','2018-05-31',0.00,0.00,0.00,NULL,NULL,91),(1112,'2018-5',2018,5,'2018-05-01','2018-05-31',0.00,0.00,0.00,NULL,NULL,92),(1113,'2018-5',2018,5,'2018-05-01','2018-05-31',0.00,0.00,0.00,NULL,NULL,93),(1114,'2018-5',2018,5,'2018-05-01','2018-05-31',0.00,0.00,0.00,NULL,NULL,94),(1115,'2018-5',2018,5,'2018-05-01','2018-05-31',0.00,0.00,0.00,NULL,NULL,95),(1116,'2018-5',2018,5,'2018-05-01','2018-05-31',0.00,0.00,0.00,NULL,NULL,96),(1117,'2018-5',2018,5,'2018-05-01','2018-05-31',0.00,0.00,0.00,NULL,NULL,97),(1118,'2018-5',2018,5,'2018-05-01','2018-05-31',0.00,0.00,0.00,NULL,NULL,98),(1119,'2018-5',2018,5,'2018-05-01','2018-05-31',0.00,0.00,0.00,NULL,NULL,99),(1120,'2018-5',2018,5,'2018-05-01','2018-05-31',0.00,0.00,0.00,NULL,NULL,100),(1121,'2018-5',2018,5,'2018-05-01','2018-05-31',0.00,0.00,0.00,NULL,NULL,101),(1122,'2018-5',2018,5,'2018-05-01','2018-05-31',0.00,0.00,0.00,NULL,NULL,102),(1123,'2018-5',2018,5,'2018-05-01','2018-05-31',0.00,0.00,0.00,NULL,NULL,103),(1124,'2018-5',2018,5,'2018-05-01','2018-05-31',0.00,0.00,0.00,NULL,NULL,104),(1125,'2018-5',2018,5,'2018-05-01','2018-05-31',0.00,0.00,0.00,NULL,NULL,105),(1126,'2018-5',2018,5,'2018-05-01','2018-05-31',0.00,0.00,0.00,NULL,NULL,106),(1127,'2018-5',2018,5,'2018-05-01','2018-05-31',0.00,0.00,0.00,NULL,NULL,107),(1128,'2018-5',2018,5,'2018-05-01','2018-05-31',0.00,0.00,0.00,NULL,NULL,108),(1129,'2018-5',2018,5,'2018-05-01','2018-05-31',0.00,0.00,0.00,NULL,NULL,109),(1130,'2018-5',2018,5,'2018-05-01','2018-05-31',0.00,0.00,0.00,NULL,NULL,110),(1131,'2018-5',2018,5,'2018-05-01','2018-05-31',0.00,0.00,0.00,NULL,NULL,111),(1132,'2018-5',2018,5,'2018-05-01','2018-05-31',0.00,0.00,0.00,NULL,NULL,112),(1133,'2018-5',2018,5,'2018-05-01','2018-05-31',0.00,0.00,0.00,NULL,NULL,113),(1134,'2018-5',2018,5,'2018-05-01','2018-05-31',0.00,0.00,0.00,NULL,NULL,114),(1135,'2018-5',2018,5,'2018-05-01','2018-05-31',0.00,0.00,0.00,NULL,NULL,115),(1136,'2018-5',2018,5,'2018-05-01','2018-05-31',0.00,0.00,0.00,NULL,NULL,116),(1137,'2018-5',2018,5,'2018-05-01','2018-05-31',0.00,0.00,0.00,NULL,NULL,117),(1138,'2018-5',2018,5,'2018-05-01','2018-05-31',0.00,0.00,0.00,NULL,NULL,118),(1139,'2018-5',2018,5,'2018-05-01','2018-05-31',0.00,0.00,0.00,NULL,NULL,119),(1140,'2018-5',2018,5,'2018-05-01','2018-05-31',0.00,0.00,0.00,NULL,NULL,120),(1141,'2018-5',2018,5,'2018-05-01','2018-05-31',0.00,0.00,0.00,NULL,NULL,121),(1142,'2018-5',2018,5,'2018-05-01','2018-05-31',0.00,0.00,0.00,NULL,NULL,122),(1143,'2018-5',2018,5,'2018-05-01','2018-05-31',0.00,0.00,0.00,NULL,NULL,123),(1144,'2018-5',2018,5,'2018-05-01','2018-05-31',0.00,0.00,0.00,NULL,NULL,124),(1145,'2018-5',2018,5,'2018-05-01','2018-05-31',0.00,0.00,0.00,NULL,NULL,125),(1146,'2018-5',2018,5,'2018-05-01','2018-05-31',0.00,0.00,0.00,NULL,NULL,126),(1147,'2018-5',2018,5,'2018-05-01','2018-05-31',0.00,0.00,0.00,NULL,NULL,127),(1148,'2018-5',2018,5,'2018-05-01','2018-05-31',0.00,0.00,0.00,NULL,NULL,128),(1149,'2018-5',2018,5,'2018-05-01','2018-05-31',0.00,0.00,0.00,NULL,NULL,129),(1150,'2018-5',2018,5,'2018-05-01','2018-05-31',0.00,0.00,0.00,NULL,NULL,130),(1151,'2018-5',2018,5,'2018-05-01','2018-05-31',0.00,0.00,0.00,NULL,NULL,131),(1152,'2018-5',2018,5,'2018-05-01','2018-05-31',0.00,0.00,0.00,NULL,NULL,132),(1153,'2018-5',2018,5,'2018-05-01','2018-05-31',0.00,0.00,0.00,NULL,NULL,133),(1154,'2018-5',2018,5,'2018-05-01','2018-05-31',0.00,0.00,0.00,NULL,NULL,134),(1155,'2018-5',2018,5,'2018-05-01','2018-05-31',0.00,0.00,0.00,NULL,NULL,135),(1156,'2018-5',2018,5,'2018-05-01','2018-05-31',0.00,0.00,0.00,NULL,NULL,136),(1157,'2018-5',2018,5,'2018-05-01','2018-05-31',0.00,0.00,0.00,NULL,NULL,137),(1158,'2018-5',2018,5,'2018-05-01','2018-05-31',0.00,0.00,0.00,NULL,NULL,138),(1159,'2018-5',2018,5,'2018-05-01','2018-05-31',0.00,0.00,0.00,NULL,NULL,139),(1160,'2018-5',2018,5,'2018-05-01','2018-05-31',0.00,0.00,0.00,NULL,NULL,140),(1161,'2018-5',2018,5,'2018-05-01','2018-05-31',0.00,0.00,0.00,NULL,NULL,141),(1162,'2018-5',2018,5,'2018-05-01','2018-05-31',0.00,0.00,0.00,NULL,NULL,142),(1163,'2018-5',2018,5,'2018-05-01','2018-05-31',0.00,0.00,0.00,NULL,NULL,143),(1164,'2018-5',2018,5,'2018-05-01','2018-05-31',0.00,0.00,0.00,NULL,NULL,144),(1165,'2018-5',2018,5,'2018-05-01','2018-05-31',0.00,0.00,0.00,NULL,NULL,145),(1166,'2018-5',2018,5,'2018-05-01','2018-05-31',0.00,0.00,0.00,NULL,NULL,146),(1167,'2018-5',2018,5,'2018-05-01','2018-05-31',0.00,0.00,0.00,NULL,NULL,147),(1168,'2018-5',2018,5,'2018-05-01','2018-05-31',0.00,0.00,0.00,NULL,NULL,148),(1169,'2018-5',2018,5,'2018-05-01','2018-05-31',0.00,0.00,0.00,NULL,NULL,149),(1170,'2018-5',2018,5,'2018-05-01','2018-05-31',0.00,0.00,0.00,NULL,NULL,150),(1171,'2018-5',2018,5,'2018-05-01','2018-05-31',0.00,0.00,0.00,NULL,NULL,151),(1172,'2018-5',2018,5,'2018-05-01','2018-05-31',0.00,0.00,0.00,NULL,NULL,152),(1173,'2018-5',2018,5,'2018-05-01','2018-05-31',0.00,0.00,0.00,NULL,NULL,153),(1174,'2018-5',2018,5,'2018-05-01','2018-05-31',0.00,0.00,0.00,NULL,NULL,154),(1175,'2018-5',2018,5,'2018-05-01','2018-05-31',0.00,0.00,0.00,NULL,NULL,155),(1176,'2018-5',2018,5,'2018-05-01','2018-05-31',0.00,0.00,0.00,NULL,NULL,156),(1177,'2018-5',2018,5,'2018-05-01','2018-05-31',0.00,0.00,0.00,NULL,NULL,157),(1178,'2018-5',2018,5,'2018-05-01','2018-05-31',0.00,0.00,0.00,NULL,NULL,158),(1179,'2018-5',2018,5,'2018-05-01','2018-05-31',0.00,0.00,0.00,NULL,NULL,159),(1180,'2018-5',2018,5,'2018-05-01','2018-05-31',0.00,0.00,0.00,NULL,NULL,160),(1181,'2018-5',2018,5,'2018-05-01','2018-05-31',0.00,0.00,0.00,NULL,NULL,161),(1182,'2018-5',2018,5,'2018-05-01','2018-05-31',0.00,0.00,0.00,NULL,NULL,162),(1183,'2018-5',2018,5,'2018-05-01','2018-05-31',0.00,0.00,0.00,NULL,NULL,163),(1184,'2018-5',2018,5,'2018-05-01','2018-05-31',0.00,0.00,0.00,NULL,NULL,164),(1185,'2018-5',2018,5,'2018-05-01','2018-05-31',0.00,0.00,0.00,NULL,NULL,165),(1186,'2018-5',2018,5,'2018-05-01','2018-05-31',0.00,0.00,0.00,NULL,NULL,166),(1187,'2018-5',2018,5,'2018-05-01','2018-05-31',0.00,0.00,0.00,NULL,NULL,167),(1188,'2018-5',2018,5,'2018-05-01','2018-05-31',0.00,0.00,0.00,NULL,NULL,168),(1189,'2018-5',2018,5,'2018-05-01','2018-05-31',0.00,0.00,0.00,NULL,NULL,169),(1190,'2018-5',2018,5,'2018-05-01','2018-05-31',0.00,0.00,0.00,NULL,NULL,170),(1191,'2018-5',2018,5,'2018-05-01','2018-05-31',0.00,0.00,0.00,NULL,NULL,171),(1192,'2018-5',2018,5,'2018-05-01','2018-05-31',0.00,0.00,0.00,NULL,NULL,172),(1193,'2018-5',2018,5,'2018-05-01','2018-05-31',0.00,0.00,0.00,NULL,NULL,173),(1194,'2018-5',2018,5,'2018-05-01','2018-05-31',0.00,0.00,0.00,NULL,NULL,174),(1195,'2018-5',2018,5,'2018-05-01','2018-05-31',0.00,0.00,0.00,NULL,NULL,175),(1196,'2018-5',2018,5,'2018-05-01','2018-05-31',0.00,0.00,0.00,NULL,NULL,176),(1197,'2018-5',2018,5,'2018-05-01','2018-05-31',0.00,0.00,0.00,NULL,NULL,177),(1198,'2018-5',2018,5,'2018-05-01','2018-05-31',0.00,0.00,0.00,NULL,NULL,178),(1199,'2018-5',2018,5,'2018-05-01','2018-05-31',0.00,0.00,0.00,NULL,NULL,179),(1200,'2018-5',2018,5,'2018-05-01','2018-05-31',0.00,0.00,0.00,NULL,NULL,180),(1201,'2018-5',2018,5,'2018-05-01','2018-05-31',0.00,0.00,0.00,NULL,NULL,181),(1202,'2018-5',2018,5,'2018-05-01','2018-05-31',0.00,0.00,0.00,NULL,NULL,182),(1203,'2018-5',2018,5,'2018-05-01','2018-05-31',0.00,0.00,0.00,NULL,NULL,183),(1204,'2018-5',2018,5,'2018-05-01','2018-05-31',0.00,0.00,0.00,NULL,NULL,184),(1205,'2018-5',2018,5,'2018-05-01','2018-05-31',0.00,0.00,0.00,NULL,NULL,185),(1206,'2018-5',2018,5,'2018-05-01','2018-05-31',0.00,0.00,0.00,NULL,NULL,186),(1207,'2018-5',2018,5,'2018-05-01','2018-05-31',0.00,0.00,0.00,NULL,NULL,187),(1208,'2018-5',2018,5,'2018-05-01','2018-05-31',0.00,0.00,0.00,NULL,NULL,188),(1209,'2018-5',2018,5,'2018-05-01','2018-05-31',0.00,0.00,0.00,NULL,NULL,189),(1210,'2018-5',2018,5,'2018-05-01','2018-05-31',0.00,0.00,0.00,NULL,NULL,190),(1211,'2018-5',2018,5,'2018-05-01','2018-05-31',0.00,0.00,0.00,NULL,NULL,191),(1212,'2018-5',2018,5,'2018-05-01','2018-05-31',0.00,0.00,0.00,NULL,NULL,192),(1213,'2018-5',2018,5,'2018-05-01','2018-05-31',0.00,0.00,0.00,NULL,NULL,193),(1214,'2018-5',2018,5,'2018-05-01','2018-05-31',0.00,0.00,0.00,NULL,NULL,194),(1215,'2018-5',2018,5,'2018-05-01','2018-05-31',0.00,0.00,0.00,NULL,NULL,195),(1216,'2018-5',2018,5,'2018-05-01','2018-05-31',0.00,0.00,0.00,NULL,NULL,196),(1217,'2018-5',2018,5,'2018-05-01','2018-05-31',0.00,0.00,0.00,NULL,NULL,197),(1218,'2018-5',2018,5,'2018-05-01','2018-05-31',0.00,0.00,0.00,NULL,NULL,198),(1219,'2018-5',2018,5,'2018-05-01','2018-05-31',0.00,0.00,0.00,NULL,NULL,199),(1220,'2018-5',2018,5,'2018-05-01','2018-05-31',0.00,0.00,0.00,NULL,NULL,200),(1276,'2018-6',2018,6,'2018-06-01','2018-06-30',0.00,0.00,0.00,NULL,NULL,1),(1277,'2018-6',2018,6,'2018-06-01','2018-06-30',0.00,0.00,0.00,NULL,NULL,2),(1278,'2018-6',2018,6,'2018-06-01','2018-06-30',0.00,0.00,0.00,NULL,NULL,3),(1279,'2018-6',2018,6,'2018-06-01','2018-06-30',0.00,0.00,0.00,NULL,NULL,4),(1280,'2018-6',2018,6,'2018-06-01','2018-06-30',0.00,0.00,0.00,NULL,NULL,5),(1281,'2018-6',2018,6,'2018-06-01','2018-06-30',0.00,0.00,0.00,NULL,NULL,6),(1282,'2018-6',2018,6,'2018-06-01','2018-06-30',0.00,0.00,0.00,NULL,NULL,7),(1283,'2018-6',2018,6,'2018-06-01','2018-06-30',0.00,0.00,0.00,NULL,NULL,8),(1284,'2018-6',2018,6,'2018-06-01','2018-06-30',0.00,0.00,0.00,NULL,NULL,9),(1285,'2018-6',2018,6,'2018-06-01','2018-06-30',0.00,0.00,0.00,NULL,NULL,10),(1286,'2018-6',2018,6,'2018-06-01','2018-06-30',0.00,0.00,0.00,NULL,NULL,11),(1287,'2018-6',2018,6,'2018-06-01','2018-06-30',0.00,0.00,0.00,NULL,NULL,12),(1288,'2018-6',2018,6,'2018-06-01','2018-06-30',0.00,0.00,0.00,NULL,NULL,13),(1289,'2018-6',2018,6,'2018-06-01','2018-06-30',0.00,0.00,0.00,NULL,NULL,14),(1290,'2018-6',2018,6,'2018-06-01','2018-06-30',0.00,0.00,0.00,NULL,NULL,15),(1291,'2018-6',2018,6,'2018-06-01','2018-06-30',0.00,0.00,0.00,NULL,NULL,16),(1292,'2018-6',2018,6,'2018-06-01','2018-06-30',0.00,0.00,0.00,NULL,NULL,17),(1293,'2018-6',2018,6,'2018-06-01','2018-06-30',0.00,0.00,0.00,NULL,NULL,18),(1294,'2018-6',2018,6,'2018-06-01','2018-06-30',0.00,0.00,0.00,NULL,NULL,19),(1295,'2018-6',2018,6,'2018-06-01','2018-06-30',0.00,0.00,0.00,NULL,NULL,20),(1296,'2018-6',2018,6,'2018-06-01','2018-06-30',0.00,0.00,0.00,NULL,NULL,21),(1297,'2018-6',2018,6,'2018-06-01','2018-06-30',0.00,0.00,0.00,NULL,NULL,22),(1298,'2018-6',2018,6,'2018-06-01','2018-06-30',0.00,0.00,0.00,NULL,NULL,23),(1299,'2018-6',2018,6,'2018-06-01','2018-06-30',0.00,0.00,0.00,NULL,NULL,24),(1300,'2018-6',2018,6,'2018-06-01','2018-06-30',0.00,0.00,0.00,NULL,NULL,25),(1301,'2018-6',2018,6,'2018-06-01','2018-06-30',0.00,0.00,0.00,NULL,NULL,26),(1302,'2018-6',2018,6,'2018-06-01','2018-06-30',0.00,0.00,0.00,NULL,NULL,27),(1303,'2018-6',2018,6,'2018-06-01','2018-06-30',0.00,0.00,0.00,NULL,NULL,28),(1304,'2018-6',2018,6,'2018-06-01','2018-06-30',0.00,0.00,0.00,NULL,NULL,29),(1305,'2018-6',2018,6,'2018-06-01','2018-06-30',0.00,0.00,0.00,NULL,NULL,30),(1306,'2018-6',2018,6,'2018-06-01','2018-06-30',0.00,0.00,0.00,NULL,NULL,31),(1307,'2018-6',2018,6,'2018-06-01','2018-06-30',0.00,0.00,0.00,NULL,NULL,32),(1308,'2018-6',2018,6,'2018-06-01','2018-06-30',0.00,0.00,0.00,NULL,NULL,33),(1309,'2018-6',2018,6,'2018-06-01','2018-06-30',0.00,0.00,0.00,NULL,NULL,34),(1310,'2018-6',2018,6,'2018-06-01','2018-06-30',0.00,0.00,0.00,NULL,NULL,35),(1311,'2018-6',2018,6,'2018-06-01','2018-06-30',0.00,0.00,0.00,NULL,NULL,36),(1312,'2018-6',2018,6,'2018-06-01','2018-06-30',0.00,0.00,0.00,NULL,NULL,37),(1313,'2018-6',2018,6,'2018-06-01','2018-06-30',0.00,0.00,0.00,NULL,NULL,38),(1314,'2018-6',2018,6,'2018-06-01','2018-06-30',0.00,0.00,0.00,NULL,NULL,39),(1315,'2018-6',2018,6,'2018-06-01','2018-06-30',0.00,0.00,0.00,NULL,NULL,40),(1316,'2018-6',2018,6,'2018-06-01','2018-06-30',0.00,0.00,0.00,NULL,NULL,41),(1317,'2018-6',2018,6,'2018-06-01','2018-06-30',0.00,0.00,0.00,NULL,NULL,42),(1318,'2018-6',2018,6,'2018-06-01','2018-06-30',0.00,0.00,0.00,NULL,NULL,43),(1319,'2018-6',2018,6,'2018-06-01','2018-06-30',0.00,0.00,0.00,NULL,NULL,44),(1320,'2018-6',2018,6,'2018-06-01','2018-06-30',0.00,0.00,0.00,NULL,NULL,45),(1321,'2018-6',2018,6,'2018-06-01','2018-06-30',0.00,0.00,0.00,NULL,NULL,46),(1322,'2018-6',2018,6,'2018-06-01','2018-06-30',0.00,0.00,0.00,NULL,NULL,47),(1323,'2018-6',2018,6,'2018-06-01','2018-06-30',0.00,0.00,0.00,NULL,NULL,48),(1324,'2018-6',2018,6,'2018-06-01','2018-06-30',0.00,0.00,0.00,NULL,NULL,49),(1325,'2018-6',2018,6,'2018-06-01','2018-06-30',0.00,0.00,0.00,NULL,NULL,50),(1326,'2018-6',2018,6,'2018-06-01','2018-06-30',0.00,0.00,0.00,NULL,NULL,51),(1327,'2018-6',2018,6,'2018-06-01','2018-06-30',0.00,0.00,0.00,NULL,NULL,52),(1328,'2018-6',2018,6,'2018-06-01','2018-06-30',0.00,0.00,0.00,NULL,NULL,53),(1329,'2018-6',2018,6,'2018-06-01','2018-06-30',0.00,0.00,0.00,NULL,NULL,54),(1330,'2018-6',2018,6,'2018-06-01','2018-06-30',0.00,0.00,0.00,NULL,NULL,55),(1331,'2018-6',2018,6,'2018-06-01','2018-06-30',0.00,0.00,0.00,NULL,NULL,56),(1332,'2018-6',2018,6,'2018-06-01','2018-06-30',0.00,0.00,0.00,NULL,NULL,57),(1333,'2018-6',2018,6,'2018-06-01','2018-06-30',0.00,0.00,0.00,NULL,NULL,58),(1334,'2018-6',2018,6,'2018-06-01','2018-06-30',0.00,0.00,0.00,NULL,NULL,59),(1335,'2018-6',2018,6,'2018-06-01','2018-06-30',0.00,0.00,0.00,NULL,NULL,60),(1336,'2018-6',2018,6,'2018-06-01','2018-06-30',0.00,0.00,0.00,NULL,NULL,61),(1337,'2018-6',2018,6,'2018-06-01','2018-06-30',0.00,0.00,0.00,NULL,NULL,62),(1338,'2018-6',2018,6,'2018-06-01','2018-06-30',0.00,0.00,0.00,NULL,NULL,63),(1339,'2018-6',2018,6,'2018-06-01','2018-06-30',0.00,0.00,0.00,NULL,NULL,64),(1340,'2018-6',2018,6,'2018-06-01','2018-06-30',0.00,0.00,0.00,NULL,NULL,65),(1341,'2018-6',2018,6,'2018-06-01','2018-06-30',0.00,0.00,0.00,NULL,NULL,66),(1342,'2018-6',2018,6,'2018-06-01','2018-06-30',0.00,0.00,0.00,NULL,NULL,67),(1343,'2018-6',2018,6,'2018-06-01','2018-06-30',0.00,0.00,0.00,NULL,NULL,68),(1344,'2018-6',2018,6,'2018-06-01','2018-06-30',0.00,0.00,0.00,NULL,NULL,69),(1345,'2018-6',2018,6,'2018-06-01','2018-06-30',0.00,0.00,0.00,NULL,NULL,70),(1346,'2018-6',2018,6,'2018-06-01','2018-06-30',0.00,0.00,0.00,NULL,NULL,71),(1347,'2018-6',2018,6,'2018-06-01','2018-06-30',0.00,0.00,0.00,NULL,NULL,72),(1348,'2018-6',2018,6,'2018-06-01','2018-06-30',0.00,0.00,0.00,NULL,NULL,73),(1349,'2018-6',2018,6,'2018-06-01','2018-06-30',0.00,0.00,0.00,NULL,NULL,74),(1350,'2018-6',2018,6,'2018-06-01','2018-06-30',0.00,0.00,0.00,NULL,NULL,75),(1351,'2018-6',2018,6,'2018-06-01','2018-06-30',0.00,0.00,0.00,NULL,NULL,76),(1352,'2018-6',2018,6,'2018-06-01','2018-06-30',0.00,0.00,0.00,NULL,NULL,77),(1353,'2018-6',2018,6,'2018-06-01','2018-06-30',0.00,0.00,0.00,NULL,NULL,78),(1354,'2018-6',2018,6,'2018-06-01','2018-06-30',0.00,0.00,0.00,NULL,NULL,79),(1355,'2018-6',2018,6,'2018-06-01','2018-06-30',0.00,0.00,0.00,NULL,NULL,80),(1356,'2018-6',2018,6,'2018-06-01','2018-06-30',0.00,0.00,0.00,NULL,NULL,81),(1357,'2018-6',2018,6,'2018-06-01','2018-06-30',0.00,0.00,0.00,NULL,NULL,82),(1358,'2018-6',2018,6,'2018-06-01','2018-06-30',0.00,0.00,0.00,NULL,NULL,83),(1359,'2018-6',2018,6,'2018-06-01','2018-06-30',0.00,0.00,0.00,NULL,NULL,84),(1360,'2018-6',2018,6,'2018-06-01','2018-06-30',0.00,0.00,0.00,NULL,NULL,85),(1361,'2018-6',2018,6,'2018-06-01','2018-06-30',0.00,0.00,0.00,NULL,NULL,86),(1362,'2018-6',2018,6,'2018-06-01','2018-06-30',0.00,0.00,0.00,NULL,NULL,87),(1363,'2018-6',2018,6,'2018-06-01','2018-06-30',0.00,0.00,0.00,NULL,NULL,88),(1364,'2018-6',2018,6,'2018-06-01','2018-06-30',0.00,0.00,0.00,NULL,NULL,89),(1365,'2018-6',2018,6,'2018-06-01','2018-06-30',0.00,0.00,0.00,NULL,NULL,90),(1366,'2018-6',2018,6,'2018-06-01','2018-06-30',0.00,0.00,0.00,NULL,NULL,91),(1367,'2018-6',2018,6,'2018-06-01','2018-06-30',0.00,0.00,0.00,NULL,NULL,92),(1368,'2018-6',2018,6,'2018-06-01','2018-06-30',0.00,0.00,0.00,NULL,NULL,93),(1369,'2018-6',2018,6,'2018-06-01','2018-06-30',0.00,0.00,0.00,NULL,NULL,94),(1370,'2018-6',2018,6,'2018-06-01','2018-06-30',0.00,0.00,0.00,NULL,NULL,95),(1371,'2018-6',2018,6,'2018-06-01','2018-06-30',0.00,0.00,0.00,NULL,NULL,96),(1372,'2018-6',2018,6,'2018-06-01','2018-06-30',0.00,0.00,0.00,NULL,NULL,97),(1373,'2018-6',2018,6,'2018-06-01','2018-06-30',0.00,0.00,0.00,NULL,NULL,98),(1374,'2018-6',2018,6,'2018-06-01','2018-06-30',0.00,0.00,0.00,NULL,NULL,99),(1375,'2018-6',2018,6,'2018-06-01','2018-06-30',0.00,0.00,0.00,NULL,NULL,100),(1376,'2018-6',2018,6,'2018-06-01','2018-06-30',0.00,0.00,0.00,NULL,NULL,101),(1377,'2018-6',2018,6,'2018-06-01','2018-06-30',0.00,0.00,0.00,NULL,NULL,102),(1378,'2018-6',2018,6,'2018-06-01','2018-06-30',0.00,0.00,0.00,NULL,NULL,103),(1379,'2018-6',2018,6,'2018-06-01','2018-06-30',0.00,0.00,0.00,NULL,NULL,104),(1380,'2018-6',2018,6,'2018-06-01','2018-06-30',0.00,0.00,0.00,NULL,NULL,105),(1381,'2018-6',2018,6,'2018-06-01','2018-06-30',0.00,0.00,0.00,NULL,NULL,106),(1382,'2018-6',2018,6,'2018-06-01','2018-06-30',0.00,0.00,0.00,NULL,NULL,107),(1383,'2018-6',2018,6,'2018-06-01','2018-06-30',0.00,0.00,0.00,NULL,NULL,108),(1384,'2018-6',2018,6,'2018-06-01','2018-06-30',0.00,0.00,0.00,NULL,NULL,109),(1385,'2018-6',2018,6,'2018-06-01','2018-06-30',0.00,0.00,0.00,NULL,NULL,110),(1386,'2018-6',2018,6,'2018-06-01','2018-06-30',0.00,0.00,0.00,NULL,NULL,111),(1387,'2018-6',2018,6,'2018-06-01','2018-06-30',0.00,0.00,0.00,NULL,NULL,112),(1388,'2018-6',2018,6,'2018-06-01','2018-06-30',0.00,0.00,0.00,NULL,NULL,113),(1389,'2018-6',2018,6,'2018-06-01','2018-06-30',0.00,0.00,0.00,NULL,NULL,114),(1390,'2018-6',2018,6,'2018-06-01','2018-06-30',0.00,0.00,0.00,NULL,NULL,115),(1391,'2018-6',2018,6,'2018-06-01','2018-06-30',0.00,0.00,0.00,NULL,NULL,116),(1392,'2018-6',2018,6,'2018-06-01','2018-06-30',0.00,0.00,0.00,NULL,NULL,117),(1393,'2018-6',2018,6,'2018-06-01','2018-06-30',0.00,0.00,0.00,NULL,NULL,118),(1394,'2018-6',2018,6,'2018-06-01','2018-06-30',0.00,0.00,0.00,NULL,NULL,119),(1395,'2018-6',2018,6,'2018-06-01','2018-06-30',0.00,0.00,0.00,NULL,NULL,120),(1396,'2018-6',2018,6,'2018-06-01','2018-06-30',0.00,0.00,0.00,NULL,NULL,121),(1397,'2018-6',2018,6,'2018-06-01','2018-06-30',0.00,0.00,0.00,NULL,NULL,122),(1398,'2018-6',2018,6,'2018-06-01','2018-06-30',0.00,0.00,0.00,NULL,NULL,123),(1399,'2018-6',2018,6,'2018-06-01','2018-06-30',0.00,0.00,0.00,NULL,NULL,124),(1400,'2018-6',2018,6,'2018-06-01','2018-06-30',0.00,0.00,0.00,NULL,NULL,125),(1401,'2018-6',2018,6,'2018-06-01','2018-06-30',0.00,0.00,0.00,NULL,NULL,126),(1402,'2018-6',2018,6,'2018-06-01','2018-06-30',0.00,0.00,0.00,NULL,NULL,127),(1403,'2018-6',2018,6,'2018-06-01','2018-06-30',0.00,0.00,0.00,NULL,NULL,128),(1404,'2018-6',2018,6,'2018-06-01','2018-06-30',0.00,0.00,0.00,NULL,NULL,129),(1405,'2018-6',2018,6,'2018-06-01','2018-06-30',0.00,0.00,0.00,NULL,NULL,130),(1406,'2018-6',2018,6,'2018-06-01','2018-06-30',0.00,0.00,0.00,NULL,NULL,131),(1407,'2018-6',2018,6,'2018-06-01','2018-06-30',0.00,0.00,0.00,NULL,NULL,132),(1408,'2018-6',2018,6,'2018-06-01','2018-06-30',0.00,0.00,0.00,NULL,NULL,133),(1409,'2018-6',2018,6,'2018-06-01','2018-06-30',0.00,0.00,0.00,NULL,NULL,134),(1410,'2018-6',2018,6,'2018-06-01','2018-06-30',0.00,0.00,0.00,NULL,NULL,135),(1411,'2018-6',2018,6,'2018-06-01','2018-06-30',0.00,0.00,0.00,NULL,NULL,136),(1412,'2018-6',2018,6,'2018-06-01','2018-06-30',0.00,0.00,0.00,NULL,NULL,137),(1413,'2018-6',2018,6,'2018-06-01','2018-06-30',0.00,0.00,0.00,NULL,NULL,138),(1414,'2018-6',2018,6,'2018-06-01','2018-06-30',0.00,0.00,0.00,NULL,NULL,139),(1415,'2018-6',2018,6,'2018-06-01','2018-06-30',0.00,0.00,0.00,NULL,NULL,140),(1416,'2018-6',2018,6,'2018-06-01','2018-06-30',0.00,0.00,0.00,NULL,NULL,141),(1417,'2018-6',2018,6,'2018-06-01','2018-06-30',0.00,0.00,0.00,NULL,NULL,142),(1418,'2018-6',2018,6,'2018-06-01','2018-06-30',0.00,0.00,0.00,NULL,NULL,143),(1419,'2018-6',2018,6,'2018-06-01','2018-06-30',0.00,0.00,0.00,NULL,NULL,144),(1420,'2018-6',2018,6,'2018-06-01','2018-06-30',0.00,0.00,0.00,NULL,NULL,145),(1421,'2018-6',2018,6,'2018-06-01','2018-06-30',0.00,0.00,0.00,NULL,NULL,146),(1422,'2018-6',2018,6,'2018-06-01','2018-06-30',0.00,0.00,0.00,NULL,NULL,147),(1423,'2018-6',2018,6,'2018-06-01','2018-06-30',0.00,0.00,0.00,NULL,NULL,148),(1424,'2018-6',2018,6,'2018-06-01','2018-06-30',0.00,0.00,0.00,NULL,NULL,149),(1425,'2018-6',2018,6,'2018-06-01','2018-06-30',0.00,0.00,0.00,NULL,NULL,150),(1426,'2018-6',2018,6,'2018-06-01','2018-06-30',0.00,0.00,0.00,NULL,NULL,151),(1427,'2018-6',2018,6,'2018-06-01','2018-06-30',0.00,0.00,0.00,NULL,NULL,152),(1428,'2018-6',2018,6,'2018-06-01','2018-06-30',0.00,0.00,0.00,NULL,NULL,153),(1429,'2018-6',2018,6,'2018-06-01','2018-06-30',0.00,0.00,0.00,NULL,NULL,154),(1430,'2018-6',2018,6,'2018-06-01','2018-06-30',0.00,0.00,0.00,NULL,NULL,155),(1431,'2018-6',2018,6,'2018-06-01','2018-06-30',0.00,0.00,0.00,NULL,NULL,156),(1432,'2018-6',2018,6,'2018-06-01','2018-06-30',0.00,0.00,0.00,NULL,NULL,157),(1433,'2018-6',2018,6,'2018-06-01','2018-06-30',0.00,0.00,0.00,NULL,NULL,158),(1434,'2018-6',2018,6,'2018-06-01','2018-06-30',0.00,0.00,0.00,NULL,NULL,159),(1435,'2018-6',2018,6,'2018-06-01','2018-06-30',0.00,0.00,0.00,NULL,NULL,160),(1436,'2018-6',2018,6,'2018-06-01','2018-06-30',0.00,0.00,0.00,NULL,NULL,161),(1437,'2018-6',2018,6,'2018-06-01','2018-06-30',0.00,0.00,0.00,NULL,NULL,162),(1438,'2018-6',2018,6,'2018-06-01','2018-06-30',0.00,0.00,0.00,NULL,NULL,163),(1439,'2018-6',2018,6,'2018-06-01','2018-06-30',0.00,0.00,0.00,NULL,NULL,164),(1440,'2018-6',2018,6,'2018-06-01','2018-06-30',0.00,0.00,0.00,NULL,NULL,165),(1441,'2018-6',2018,6,'2018-06-01','2018-06-30',0.00,0.00,0.00,NULL,NULL,166),(1442,'2018-6',2018,6,'2018-06-01','2018-06-30',0.00,0.00,0.00,NULL,NULL,167),(1443,'2018-6',2018,6,'2018-06-01','2018-06-30',0.00,0.00,0.00,NULL,NULL,168),(1444,'2018-6',2018,6,'2018-06-01','2018-06-30',0.00,0.00,0.00,NULL,NULL,169),(1445,'2018-6',2018,6,'2018-06-01','2018-06-30',0.00,0.00,0.00,NULL,NULL,170),(1446,'2018-6',2018,6,'2018-06-01','2018-06-30',0.00,0.00,0.00,NULL,NULL,171),(1447,'2018-6',2018,6,'2018-06-01','2018-06-30',0.00,0.00,0.00,NULL,NULL,172),(1448,'2018-6',2018,6,'2018-06-01','2018-06-30',0.00,0.00,0.00,NULL,NULL,173),(1449,'2018-6',2018,6,'2018-06-01','2018-06-30',0.00,0.00,0.00,NULL,NULL,174),(1450,'2018-6',2018,6,'2018-06-01','2018-06-30',0.00,0.00,0.00,NULL,NULL,175),(1451,'2018-6',2018,6,'2018-06-01','2018-06-30',0.00,0.00,0.00,NULL,NULL,176),(1452,'2018-6',2018,6,'2018-06-01','2018-06-30',0.00,0.00,0.00,NULL,NULL,177),(1453,'2018-6',2018,6,'2018-06-01','2018-06-30',0.00,0.00,0.00,NULL,NULL,178),(1454,'2018-6',2018,6,'2018-06-01','2018-06-30',0.00,0.00,0.00,NULL,NULL,179),(1455,'2018-6',2018,6,'2018-06-01','2018-06-30',0.00,0.00,0.00,NULL,NULL,180),(1456,'2018-6',2018,6,'2018-06-01','2018-06-30',0.00,0.00,0.00,NULL,NULL,181),(1457,'2018-6',2018,6,'2018-06-01','2018-06-30',0.00,0.00,0.00,NULL,NULL,182),(1458,'2018-6',2018,6,'2018-06-01','2018-06-30',0.00,0.00,0.00,NULL,NULL,183),(1459,'2018-6',2018,6,'2018-06-01','2018-06-30',0.00,0.00,0.00,NULL,NULL,184),(1460,'2018-6',2018,6,'2018-06-01','2018-06-30',0.00,0.00,0.00,NULL,NULL,185),(1461,'2018-6',2018,6,'2018-06-01','2018-06-30',0.00,0.00,0.00,NULL,NULL,186),(1462,'2018-6',2018,6,'2018-06-01','2018-06-30',0.00,0.00,0.00,NULL,NULL,187),(1463,'2018-6',2018,6,'2018-06-01','2018-06-30',0.00,0.00,0.00,NULL,NULL,188),(1464,'2018-6',2018,6,'2018-06-01','2018-06-30',0.00,0.00,0.00,NULL,NULL,189),(1465,'2018-6',2018,6,'2018-06-01','2018-06-30',0.00,0.00,0.00,NULL,NULL,190),(1466,'2018-6',2018,6,'2018-06-01','2018-06-30',0.00,0.00,0.00,NULL,NULL,191),(1467,'2018-6',2018,6,'2018-06-01','2018-06-30',0.00,0.00,0.00,NULL,NULL,192),(1468,'2018-6',2018,6,'2018-06-01','2018-06-30',0.00,0.00,0.00,NULL,NULL,193),(1469,'2018-6',2018,6,'2018-06-01','2018-06-30',0.00,0.00,0.00,NULL,NULL,194),(1470,'2018-6',2018,6,'2018-06-01','2018-06-30',0.00,0.00,0.00,NULL,NULL,195),(1471,'2018-6',2018,6,'2018-06-01','2018-06-30',0.00,0.00,0.00,NULL,NULL,196),(1472,'2018-6',2018,6,'2018-06-01','2018-06-30',0.00,0.00,0.00,NULL,NULL,197),(1473,'2018-6',2018,6,'2018-06-01','2018-06-30',0.00,0.00,0.00,NULL,NULL,198),(1474,'2018-6',2018,6,'2018-06-01','2018-06-30',0.00,0.00,0.00,NULL,NULL,199),(1475,'2018-6',2018,6,'2018-06-01','2018-06-30',0.00,0.00,0.00,NULL,NULL,200),(1531,'2018-7',2018,7,'2018-07-01','2018-07-31',0.00,0.00,0.00,NULL,NULL,1),(1532,'2018-7',2018,7,'2018-07-01','2018-07-31',0.00,0.00,0.00,NULL,NULL,2),(1533,'2018-7',2018,7,'2018-07-01','2018-07-31',0.00,0.00,0.00,NULL,NULL,3),(1534,'2018-7',2018,7,'2018-07-01','2018-07-31',0.00,0.00,0.00,NULL,NULL,4),(1535,'2018-7',2018,7,'2018-07-01','2018-07-31',0.00,0.00,0.00,NULL,NULL,5),(1536,'2018-7',2018,7,'2018-07-01','2018-07-31',0.00,0.00,0.00,NULL,NULL,6),(1537,'2018-7',2018,7,'2018-07-01','2018-07-31',0.00,0.00,0.00,NULL,NULL,7),(1538,'2018-7',2018,7,'2018-07-01','2018-07-31',0.00,0.00,0.00,NULL,NULL,8),(1539,'2018-7',2018,7,'2018-07-01','2018-07-31',0.00,0.00,0.00,NULL,NULL,9),(1540,'2018-7',2018,7,'2018-07-01','2018-07-31',0.00,0.00,0.00,NULL,NULL,10),(1541,'2018-7',2018,7,'2018-07-01','2018-07-31',0.00,0.00,0.00,NULL,NULL,11),(1542,'2018-7',2018,7,'2018-07-01','2018-07-31',0.00,0.00,0.00,NULL,NULL,12),(1543,'2018-7',2018,7,'2018-07-01','2018-07-31',0.00,0.00,0.00,NULL,NULL,13),(1544,'2018-7',2018,7,'2018-07-01','2018-07-31',0.00,0.00,0.00,NULL,NULL,14),(1545,'2018-7',2018,7,'2018-07-01','2018-07-31',0.00,0.00,0.00,NULL,NULL,15),(1546,'2018-7',2018,7,'2018-07-01','2018-07-31',0.00,0.00,0.00,NULL,NULL,16),(1547,'2018-7',2018,7,'2018-07-01','2018-07-31',0.00,0.00,0.00,NULL,NULL,17),(1548,'2018-7',2018,7,'2018-07-01','2018-07-31',0.00,0.00,0.00,NULL,NULL,18),(1549,'2018-7',2018,7,'2018-07-01','2018-07-31',0.00,0.00,0.00,NULL,NULL,19),(1550,'2018-7',2018,7,'2018-07-01','2018-07-31',0.00,0.00,0.00,NULL,NULL,20),(1551,'2018-7',2018,7,'2018-07-01','2018-07-31',0.00,0.00,0.00,NULL,NULL,21),(1552,'2018-7',2018,7,'2018-07-01','2018-07-31',0.00,0.00,0.00,NULL,NULL,22),(1553,'2018-7',2018,7,'2018-07-01','2018-07-31',0.00,0.00,0.00,NULL,NULL,23),(1554,'2018-7',2018,7,'2018-07-01','2018-07-31',0.00,0.00,0.00,NULL,NULL,24),(1555,'2018-7',2018,7,'2018-07-01','2018-07-31',0.00,0.00,0.00,NULL,NULL,25),(1556,'2018-7',2018,7,'2018-07-01','2018-07-31',0.00,0.00,0.00,NULL,NULL,26),(1557,'2018-7',2018,7,'2018-07-01','2018-07-31',0.00,0.00,0.00,NULL,NULL,27),(1558,'2018-7',2018,7,'2018-07-01','2018-07-31',0.00,0.00,0.00,NULL,NULL,28),(1559,'2018-7',2018,7,'2018-07-01','2018-07-31',0.00,0.00,0.00,NULL,NULL,29),(1560,'2018-7',2018,7,'2018-07-01','2018-07-31',0.00,0.00,0.00,NULL,NULL,30),(1561,'2018-7',2018,7,'2018-07-01','2018-07-31',0.00,0.00,0.00,NULL,NULL,31),(1562,'2018-7',2018,7,'2018-07-01','2018-07-31',0.00,0.00,0.00,NULL,NULL,32),(1563,'2018-7',2018,7,'2018-07-01','2018-07-31',0.00,0.00,0.00,NULL,NULL,33),(1564,'2018-7',2018,7,'2018-07-01','2018-07-31',0.00,0.00,0.00,NULL,NULL,34),(1565,'2018-7',2018,7,'2018-07-01','2018-07-31',0.00,0.00,0.00,NULL,NULL,35),(1566,'2018-7',2018,7,'2018-07-01','2018-07-31',0.00,0.00,0.00,NULL,NULL,36),(1567,'2018-7',2018,7,'2018-07-01','2018-07-31',0.00,0.00,0.00,NULL,NULL,37),(1568,'2018-7',2018,7,'2018-07-01','2018-07-31',0.00,0.00,0.00,NULL,NULL,38),(1569,'2018-7',2018,7,'2018-07-01','2018-07-31',0.00,0.00,0.00,NULL,NULL,39),(1570,'2018-7',2018,7,'2018-07-01','2018-07-31',0.00,0.00,0.00,NULL,NULL,40),(1571,'2018-7',2018,7,'2018-07-01','2018-07-31',0.00,0.00,0.00,NULL,NULL,41),(1572,'2018-7',2018,7,'2018-07-01','2018-07-31',0.00,0.00,0.00,NULL,NULL,42),(1573,'2018-7',2018,7,'2018-07-01','2018-07-31',0.00,0.00,0.00,NULL,NULL,43),(1574,'2018-7',2018,7,'2018-07-01','2018-07-31',0.00,0.00,0.00,NULL,NULL,44),(1575,'2018-7',2018,7,'2018-07-01','2018-07-31',0.00,0.00,0.00,NULL,NULL,45),(1576,'2018-7',2018,7,'2018-07-01','2018-07-31',0.00,0.00,0.00,NULL,NULL,46),(1577,'2018-7',2018,7,'2018-07-01','2018-07-31',0.00,0.00,0.00,NULL,NULL,47),(1578,'2018-7',2018,7,'2018-07-01','2018-07-31',0.00,0.00,0.00,NULL,NULL,48),(1579,'2018-7',2018,7,'2018-07-01','2018-07-31',0.00,0.00,0.00,NULL,NULL,49),(1580,'2018-7',2018,7,'2018-07-01','2018-07-31',0.00,0.00,0.00,NULL,NULL,50),(1581,'2018-7',2018,7,'2018-07-01','2018-07-31',0.00,0.00,0.00,NULL,NULL,51),(1582,'2018-7',2018,7,'2018-07-01','2018-07-31',0.00,0.00,0.00,NULL,NULL,52),(1583,'2018-7',2018,7,'2018-07-01','2018-07-31',0.00,0.00,0.00,NULL,NULL,53),(1584,'2018-7',2018,7,'2018-07-01','2018-07-31',0.00,0.00,0.00,NULL,NULL,54),(1585,'2018-7',2018,7,'2018-07-01','2018-07-31',0.00,0.00,0.00,NULL,NULL,55),(1586,'2018-7',2018,7,'2018-07-01','2018-07-31',0.00,0.00,0.00,NULL,NULL,56),(1587,'2018-7',2018,7,'2018-07-01','2018-07-31',0.00,0.00,0.00,NULL,NULL,57),(1588,'2018-7',2018,7,'2018-07-01','2018-07-31',0.00,0.00,0.00,NULL,NULL,58),(1589,'2018-7',2018,7,'2018-07-01','2018-07-31',0.00,0.00,0.00,NULL,NULL,59),(1590,'2018-7',2018,7,'2018-07-01','2018-07-31',0.00,0.00,0.00,NULL,NULL,60),(1591,'2018-7',2018,7,'2018-07-01','2018-07-31',0.00,0.00,0.00,NULL,NULL,61),(1592,'2018-7',2018,7,'2018-07-01','2018-07-31',0.00,0.00,0.00,NULL,NULL,62),(1593,'2018-7',2018,7,'2018-07-01','2018-07-31',0.00,0.00,0.00,NULL,NULL,63),(1594,'2018-7',2018,7,'2018-07-01','2018-07-31',0.00,0.00,0.00,NULL,NULL,64),(1595,'2018-7',2018,7,'2018-07-01','2018-07-31',0.00,0.00,0.00,NULL,NULL,65),(1596,'2018-7',2018,7,'2018-07-01','2018-07-31',0.00,0.00,0.00,NULL,NULL,66),(1597,'2018-7',2018,7,'2018-07-01','2018-07-31',0.00,0.00,0.00,NULL,NULL,67),(1598,'2018-7',2018,7,'2018-07-01','2018-07-31',0.00,0.00,0.00,NULL,NULL,68),(1599,'2018-7',2018,7,'2018-07-01','2018-07-31',0.00,0.00,0.00,NULL,NULL,69),(1600,'2018-7',2018,7,'2018-07-01','2018-07-31',0.00,0.00,0.00,NULL,NULL,70),(1601,'2018-7',2018,7,'2018-07-01','2018-07-31',0.00,0.00,0.00,NULL,NULL,71),(1602,'2018-7',2018,7,'2018-07-01','2018-07-31',0.00,0.00,0.00,NULL,NULL,72),(1603,'2018-7',2018,7,'2018-07-01','2018-07-31',0.00,0.00,0.00,NULL,NULL,73),(1604,'2018-7',2018,7,'2018-07-01','2018-07-31',0.00,0.00,0.00,NULL,NULL,74),(1605,'2018-7',2018,7,'2018-07-01','2018-07-31',0.00,0.00,0.00,NULL,NULL,75),(1606,'2018-7',2018,7,'2018-07-01','2018-07-31',0.00,0.00,0.00,NULL,NULL,76),(1607,'2018-7',2018,7,'2018-07-01','2018-07-31',0.00,0.00,0.00,NULL,NULL,77),(1608,'2018-7',2018,7,'2018-07-01','2018-07-31',0.00,0.00,0.00,NULL,NULL,78),(1609,'2018-7',2018,7,'2018-07-01','2018-07-31',0.00,0.00,0.00,NULL,NULL,79),(1610,'2018-7',2018,7,'2018-07-01','2018-07-31',0.00,0.00,0.00,NULL,NULL,80),(1611,'2018-7',2018,7,'2018-07-01','2018-07-31',0.00,0.00,0.00,NULL,NULL,81),(1612,'2018-7',2018,7,'2018-07-01','2018-07-31',0.00,0.00,0.00,NULL,NULL,82),(1613,'2018-7',2018,7,'2018-07-01','2018-07-31',0.00,0.00,0.00,NULL,NULL,83),(1614,'2018-7',2018,7,'2018-07-01','2018-07-31',0.00,0.00,0.00,NULL,NULL,84),(1615,'2018-7',2018,7,'2018-07-01','2018-07-31',0.00,0.00,0.00,NULL,NULL,85),(1616,'2018-7',2018,7,'2018-07-01','2018-07-31',0.00,0.00,0.00,NULL,NULL,86),(1617,'2018-7',2018,7,'2018-07-01','2018-07-31',0.00,0.00,0.00,NULL,NULL,87),(1618,'2018-7',2018,7,'2018-07-01','2018-07-31',0.00,0.00,0.00,NULL,NULL,88),(1619,'2018-7',2018,7,'2018-07-01','2018-07-31',0.00,0.00,0.00,NULL,NULL,89),(1620,'2018-7',2018,7,'2018-07-01','2018-07-31',0.00,0.00,0.00,NULL,NULL,90),(1621,'2018-7',2018,7,'2018-07-01','2018-07-31',0.00,0.00,0.00,NULL,NULL,91),(1622,'2018-7',2018,7,'2018-07-01','2018-07-31',0.00,0.00,0.00,NULL,NULL,92),(1623,'2018-7',2018,7,'2018-07-01','2018-07-31',0.00,0.00,0.00,NULL,NULL,93),(1624,'2018-7',2018,7,'2018-07-01','2018-07-31',0.00,0.00,0.00,NULL,NULL,94),(1625,'2018-7',2018,7,'2018-07-01','2018-07-31',0.00,0.00,0.00,NULL,NULL,95),(1626,'2018-7',2018,7,'2018-07-01','2018-07-31',0.00,0.00,0.00,NULL,NULL,96),(1627,'2018-7',2018,7,'2018-07-01','2018-07-31',0.00,0.00,0.00,NULL,NULL,97),(1628,'2018-7',2018,7,'2018-07-01','2018-07-31',0.00,0.00,0.00,NULL,NULL,98),(1629,'2018-7',2018,7,'2018-07-01','2018-07-31',0.00,0.00,0.00,NULL,NULL,99),(1630,'2018-7',2018,7,'2018-07-01','2018-07-31',0.00,0.00,0.00,NULL,NULL,100),(1631,'2018-7',2018,7,'2018-07-01','2018-07-31',0.00,0.00,0.00,NULL,NULL,101),(1632,'2018-7',2018,7,'2018-07-01','2018-07-31',0.00,0.00,0.00,NULL,NULL,102),(1633,'2018-7',2018,7,'2018-07-01','2018-07-31',0.00,0.00,0.00,NULL,NULL,103),(1634,'2018-7',2018,7,'2018-07-01','2018-07-31',0.00,0.00,0.00,NULL,NULL,104),(1635,'2018-7',2018,7,'2018-07-01','2018-07-31',0.00,0.00,0.00,NULL,NULL,105),(1636,'2018-7',2018,7,'2018-07-01','2018-07-31',0.00,0.00,0.00,NULL,NULL,106),(1637,'2018-7',2018,7,'2018-07-01','2018-07-31',0.00,0.00,0.00,NULL,NULL,107),(1638,'2018-7',2018,7,'2018-07-01','2018-07-31',0.00,0.00,0.00,NULL,NULL,108),(1639,'2018-7',2018,7,'2018-07-01','2018-07-31',0.00,0.00,0.00,NULL,NULL,109),(1640,'2018-7',2018,7,'2018-07-01','2018-07-31',0.00,0.00,0.00,NULL,NULL,110),(1641,'2018-7',2018,7,'2018-07-01','2018-07-31',0.00,0.00,0.00,NULL,NULL,111),(1642,'2018-7',2018,7,'2018-07-01','2018-07-31',0.00,0.00,0.00,NULL,NULL,112),(1643,'2018-7',2018,7,'2018-07-01','2018-07-31',0.00,0.00,0.00,NULL,NULL,113),(1644,'2018-7',2018,7,'2018-07-01','2018-07-31',0.00,0.00,0.00,NULL,NULL,114),(1645,'2018-7',2018,7,'2018-07-01','2018-07-31',0.00,0.00,0.00,NULL,NULL,115),(1646,'2018-7',2018,7,'2018-07-01','2018-07-31',0.00,0.00,0.00,NULL,NULL,116),(1647,'2018-7',2018,7,'2018-07-01','2018-07-31',0.00,0.00,0.00,NULL,NULL,117),(1648,'2018-7',2018,7,'2018-07-01','2018-07-31',0.00,0.00,0.00,NULL,NULL,118),(1649,'2018-7',2018,7,'2018-07-01','2018-07-31',0.00,0.00,0.00,NULL,NULL,119),(1650,'2018-7',2018,7,'2018-07-01','2018-07-31',0.00,0.00,0.00,NULL,NULL,120),(1651,'2018-7',2018,7,'2018-07-01','2018-07-31',0.00,0.00,0.00,NULL,NULL,121),(1652,'2018-7',2018,7,'2018-07-01','2018-07-31',0.00,0.00,0.00,NULL,NULL,122),(1653,'2018-7',2018,7,'2018-07-01','2018-07-31',0.00,0.00,0.00,NULL,NULL,123),(1654,'2018-7',2018,7,'2018-07-01','2018-07-31',0.00,0.00,0.00,NULL,NULL,124),(1655,'2018-7',2018,7,'2018-07-01','2018-07-31',0.00,0.00,0.00,NULL,NULL,125),(1656,'2018-7',2018,7,'2018-07-01','2018-07-31',0.00,0.00,0.00,NULL,NULL,126),(1657,'2018-7',2018,7,'2018-07-01','2018-07-31',0.00,0.00,0.00,NULL,NULL,127),(1658,'2018-7',2018,7,'2018-07-01','2018-07-31',0.00,0.00,0.00,NULL,NULL,128),(1659,'2018-7',2018,7,'2018-07-01','2018-07-31',0.00,0.00,0.00,NULL,NULL,129),(1660,'2018-7',2018,7,'2018-07-01','2018-07-31',0.00,0.00,0.00,NULL,NULL,130),(1661,'2018-7',2018,7,'2018-07-01','2018-07-31',0.00,0.00,0.00,NULL,NULL,131),(1662,'2018-7',2018,7,'2018-07-01','2018-07-31',0.00,0.00,0.00,NULL,NULL,132),(1663,'2018-7',2018,7,'2018-07-01','2018-07-31',0.00,0.00,0.00,NULL,NULL,133),(1664,'2018-7',2018,7,'2018-07-01','2018-07-31',0.00,0.00,0.00,NULL,NULL,134),(1665,'2018-7',2018,7,'2018-07-01','2018-07-31',0.00,0.00,0.00,NULL,NULL,135),(1666,'2018-7',2018,7,'2018-07-01','2018-07-31',0.00,0.00,0.00,NULL,NULL,136),(1667,'2018-7',2018,7,'2018-07-01','2018-07-31',0.00,0.00,0.00,NULL,NULL,137),(1668,'2018-7',2018,7,'2018-07-01','2018-07-31',0.00,0.00,0.00,NULL,NULL,138),(1669,'2018-7',2018,7,'2018-07-01','2018-07-31',0.00,0.00,0.00,NULL,NULL,139),(1670,'2018-7',2018,7,'2018-07-01','2018-07-31',0.00,0.00,0.00,NULL,NULL,140),(1671,'2018-7',2018,7,'2018-07-01','2018-07-31',0.00,0.00,0.00,NULL,NULL,141),(1672,'2018-7',2018,7,'2018-07-01','2018-07-31',0.00,0.00,0.00,NULL,NULL,142),(1673,'2018-7',2018,7,'2018-07-01','2018-07-31',0.00,0.00,0.00,NULL,NULL,143),(1674,'2018-7',2018,7,'2018-07-01','2018-07-31',0.00,0.00,0.00,NULL,NULL,144),(1675,'2018-7',2018,7,'2018-07-01','2018-07-31',0.00,0.00,0.00,NULL,NULL,145),(1676,'2018-7',2018,7,'2018-07-01','2018-07-31',0.00,0.00,0.00,NULL,NULL,146),(1677,'2018-7',2018,7,'2018-07-01','2018-07-31',0.00,0.00,0.00,NULL,NULL,147),(1678,'2018-7',2018,7,'2018-07-01','2018-07-31',0.00,0.00,0.00,NULL,NULL,148),(1679,'2018-7',2018,7,'2018-07-01','2018-07-31',0.00,0.00,0.00,NULL,NULL,149),(1680,'2018-7',2018,7,'2018-07-01','2018-07-31',0.00,0.00,0.00,NULL,NULL,150),(1681,'2018-7',2018,7,'2018-07-01','2018-07-31',0.00,0.00,0.00,NULL,NULL,151),(1682,'2018-7',2018,7,'2018-07-01','2018-07-31',0.00,0.00,0.00,NULL,NULL,152),(1683,'2018-7',2018,7,'2018-07-01','2018-07-31',0.00,0.00,0.00,NULL,NULL,153),(1684,'2018-7',2018,7,'2018-07-01','2018-07-31',0.00,0.00,0.00,NULL,NULL,154),(1685,'2018-7',2018,7,'2018-07-01','2018-07-31',0.00,0.00,0.00,NULL,NULL,155),(1686,'2018-7',2018,7,'2018-07-01','2018-07-31',0.00,0.00,0.00,NULL,NULL,156),(1687,'2018-7',2018,7,'2018-07-01','2018-07-31',0.00,0.00,0.00,NULL,NULL,157),(1688,'2018-7',2018,7,'2018-07-01','2018-07-31',0.00,0.00,0.00,NULL,NULL,158),(1689,'2018-7',2018,7,'2018-07-01','2018-07-31',0.00,0.00,0.00,NULL,NULL,159),(1690,'2018-7',2018,7,'2018-07-01','2018-07-31',0.00,0.00,0.00,NULL,NULL,160),(1691,'2018-7',2018,7,'2018-07-01','2018-07-31',0.00,0.00,0.00,NULL,NULL,161),(1692,'2018-7',2018,7,'2018-07-01','2018-07-31',0.00,0.00,0.00,NULL,NULL,162),(1693,'2018-7',2018,7,'2018-07-01','2018-07-31',0.00,0.00,0.00,NULL,NULL,163),(1694,'2018-7',2018,7,'2018-07-01','2018-07-31',0.00,0.00,0.00,NULL,NULL,164),(1695,'2018-7',2018,7,'2018-07-01','2018-07-31',0.00,0.00,0.00,NULL,NULL,165),(1696,'2018-7',2018,7,'2018-07-01','2018-07-31',0.00,0.00,0.00,NULL,NULL,166),(1697,'2018-7',2018,7,'2018-07-01','2018-07-31',0.00,0.00,0.00,NULL,NULL,167),(1698,'2018-7',2018,7,'2018-07-01','2018-07-31',0.00,0.00,0.00,NULL,NULL,168),(1699,'2018-7',2018,7,'2018-07-01','2018-07-31',0.00,0.00,0.00,NULL,NULL,169),(1700,'2018-7',2018,7,'2018-07-01','2018-07-31',0.00,0.00,0.00,NULL,NULL,170),(1701,'2018-7',2018,7,'2018-07-01','2018-07-31',0.00,0.00,0.00,NULL,NULL,171),(1702,'2018-7',2018,7,'2018-07-01','2018-07-31',0.00,0.00,0.00,NULL,NULL,172),(1703,'2018-7',2018,7,'2018-07-01','2018-07-31',0.00,0.00,0.00,NULL,NULL,173),(1704,'2018-7',2018,7,'2018-07-01','2018-07-31',0.00,0.00,0.00,NULL,NULL,174),(1705,'2018-7',2018,7,'2018-07-01','2018-07-31',0.00,0.00,0.00,NULL,NULL,175),(1706,'2018-7',2018,7,'2018-07-01','2018-07-31',0.00,0.00,0.00,NULL,NULL,176),(1707,'2018-7',2018,7,'2018-07-01','2018-07-31',0.00,0.00,0.00,NULL,NULL,177),(1708,'2018-7',2018,7,'2018-07-01','2018-07-31',0.00,0.00,0.00,NULL,NULL,178),(1709,'2018-7',2018,7,'2018-07-01','2018-07-31',0.00,0.00,0.00,NULL,NULL,179),(1710,'2018-7',2018,7,'2018-07-01','2018-07-31',0.00,0.00,0.00,NULL,NULL,180),(1711,'2018-7',2018,7,'2018-07-01','2018-07-31',0.00,0.00,0.00,NULL,NULL,181),(1712,'2018-7',2018,7,'2018-07-01','2018-07-31',0.00,0.00,0.00,NULL,NULL,182),(1713,'2018-7',2018,7,'2018-07-01','2018-07-31',0.00,0.00,0.00,NULL,NULL,183),(1714,'2018-7',2018,7,'2018-07-01','2018-07-31',0.00,0.00,0.00,NULL,NULL,184),(1715,'2018-7',2018,7,'2018-07-01','2018-07-31',0.00,0.00,0.00,NULL,NULL,185),(1716,'2018-7',2018,7,'2018-07-01','2018-07-31',0.00,0.00,0.00,NULL,NULL,186),(1717,'2018-7',2018,7,'2018-07-01','2018-07-31',0.00,0.00,0.00,NULL,NULL,187),(1718,'2018-7',2018,7,'2018-07-01','2018-07-31',0.00,0.00,0.00,NULL,NULL,188),(1719,'2018-7',2018,7,'2018-07-01','2018-07-31',0.00,0.00,0.00,NULL,NULL,189),(1720,'2018-7',2018,7,'2018-07-01','2018-07-31',0.00,0.00,0.00,NULL,NULL,190),(1721,'2018-7',2018,7,'2018-07-01','2018-07-31',0.00,0.00,0.00,NULL,NULL,191),(1722,'2018-7',2018,7,'2018-07-01','2018-07-31',0.00,0.00,0.00,NULL,NULL,192),(1723,'2018-7',2018,7,'2018-07-01','2018-07-31',0.00,0.00,0.00,NULL,NULL,193),(1724,'2018-7',2018,7,'2018-07-01','2018-07-31',0.00,0.00,0.00,NULL,NULL,194),(1725,'2018-7',2018,7,'2018-07-01','2018-07-31',0.00,0.00,0.00,NULL,NULL,195),(1726,'2018-7',2018,7,'2018-07-01','2018-07-31',0.00,0.00,0.00,NULL,NULL,196),(1727,'2018-7',2018,7,'2018-07-01','2018-07-31',0.00,0.00,0.00,NULL,NULL,197),(1728,'2018-7',2018,7,'2018-07-01','2018-07-31',0.00,0.00,0.00,NULL,NULL,198),(1729,'2018-7',2018,7,'2018-07-01','2018-07-31',0.00,0.00,0.00,NULL,NULL,199),(1730,'2018-7',2018,7,'2018-07-01','2018-07-31',0.00,0.00,0.00,NULL,NULL,200),(1786,'2018-8',2018,8,'2018-08-01','2018-08-30',0.00,0.00,0.00,NULL,NULL,1),(1787,'2018-8',2018,8,'2018-08-01','2018-08-30',0.00,0.00,0.00,NULL,NULL,2),(1788,'2018-8',2018,8,'2018-08-01','2018-08-30',0.00,0.00,0.00,NULL,NULL,3),(1789,'2018-8',2018,8,'2018-08-01','2018-08-30',0.00,0.00,0.00,NULL,NULL,4),(1790,'2018-8',2018,8,'2018-08-01','2018-08-30',0.00,0.00,0.00,NULL,NULL,5),(1791,'2018-8',2018,8,'2018-08-01','2018-08-30',0.00,0.00,0.00,NULL,NULL,6),(1792,'2018-8',2018,8,'2018-08-01','2018-08-30',0.00,0.00,0.00,NULL,NULL,7),(1793,'2018-8',2018,8,'2018-08-01','2018-08-30',0.00,0.00,0.00,NULL,NULL,8),(1794,'2018-8',2018,8,'2018-08-01','2018-08-30',0.00,0.00,0.00,NULL,NULL,9),(1795,'2018-8',2018,8,'2018-08-01','2018-08-30',0.00,0.00,0.00,NULL,NULL,10),(1796,'2018-8',2018,8,'2018-08-01','2018-08-30',0.00,0.00,0.00,NULL,NULL,11),(1797,'2018-8',2018,8,'2018-08-01','2018-08-30',0.00,0.00,0.00,NULL,NULL,12),(1798,'2018-8',2018,8,'2018-08-01','2018-08-30',0.00,0.00,0.00,NULL,NULL,13),(1799,'2018-8',2018,8,'2018-08-01','2018-08-30',0.00,0.00,0.00,NULL,NULL,14),(1800,'2018-8',2018,8,'2018-08-01','2018-08-30',0.00,0.00,0.00,NULL,NULL,15),(1801,'2018-8',2018,8,'2018-08-01','2018-08-30',0.00,0.00,0.00,NULL,NULL,16),(1802,'2018-8',2018,8,'2018-08-01','2018-08-30',0.00,0.00,0.00,NULL,NULL,17),(1803,'2018-8',2018,8,'2018-08-01','2018-08-30',0.00,0.00,0.00,NULL,NULL,18),(1804,'2018-8',2018,8,'2018-08-01','2018-08-30',0.00,0.00,0.00,NULL,NULL,19),(1805,'2018-8',2018,8,'2018-08-01','2018-08-30',0.00,0.00,0.00,NULL,NULL,20),(1806,'2018-8',2018,8,'2018-08-01','2018-08-30',0.00,0.00,0.00,NULL,NULL,21),(1807,'2018-8',2018,8,'2018-08-01','2018-08-30',0.00,0.00,0.00,NULL,NULL,22),(1808,'2018-8',2018,8,'2018-08-01','2018-08-30',0.00,0.00,0.00,NULL,NULL,23),(1809,'2018-8',2018,8,'2018-08-01','2018-08-30',0.00,0.00,0.00,NULL,NULL,24),(1810,'2018-8',2018,8,'2018-08-01','2018-08-30',0.00,0.00,0.00,NULL,NULL,25),(1811,'2018-8',2018,8,'2018-08-01','2018-08-30',0.00,0.00,0.00,NULL,NULL,26),(1812,'2018-8',2018,8,'2018-08-01','2018-08-30',0.00,0.00,0.00,NULL,NULL,27),(1813,'2018-8',2018,8,'2018-08-01','2018-08-30',0.00,0.00,0.00,NULL,NULL,28),(1814,'2018-8',2018,8,'2018-08-01','2018-08-30',0.00,0.00,0.00,NULL,NULL,29),(1815,'2018-8',2018,8,'2018-08-01','2018-08-30',0.00,0.00,0.00,NULL,NULL,30),(1816,'2018-8',2018,8,'2018-08-01','2018-08-30',0.00,0.00,0.00,NULL,NULL,31),(1817,'2018-8',2018,8,'2018-08-01','2018-08-30',0.00,0.00,0.00,NULL,NULL,32),(1818,'2018-8',2018,8,'2018-08-01','2018-08-30',0.00,0.00,0.00,NULL,NULL,33),(1819,'2018-8',2018,8,'2018-08-01','2018-08-30',0.00,0.00,0.00,NULL,NULL,34),(1820,'2018-8',2018,8,'2018-08-01','2018-08-30',0.00,0.00,0.00,NULL,NULL,35),(1821,'2018-8',2018,8,'2018-08-01','2018-08-30',0.00,0.00,0.00,NULL,NULL,36),(1822,'2018-8',2018,8,'2018-08-01','2018-08-30',0.00,0.00,0.00,NULL,NULL,37),(1823,'2018-8',2018,8,'2018-08-01','2018-08-30',0.00,0.00,0.00,NULL,NULL,38),(1824,'2018-8',2018,8,'2018-08-01','2018-08-30',0.00,0.00,0.00,NULL,NULL,39),(1825,'2018-8',2018,8,'2018-08-01','2018-08-30',0.00,0.00,0.00,NULL,NULL,40),(1826,'2018-8',2018,8,'2018-08-01','2018-08-30',0.00,0.00,0.00,NULL,NULL,41),(1827,'2018-8',2018,8,'2018-08-01','2018-08-30',0.00,0.00,0.00,NULL,NULL,42),(1828,'2018-8',2018,8,'2018-08-01','2018-08-30',0.00,0.00,0.00,NULL,NULL,43),(1829,'2018-8',2018,8,'2018-08-01','2018-08-30',0.00,0.00,0.00,NULL,NULL,44),(1830,'2018-8',2018,8,'2018-08-01','2018-08-30',0.00,0.00,0.00,NULL,NULL,45),(1831,'2018-8',2018,8,'2018-08-01','2018-08-30',0.00,0.00,0.00,NULL,NULL,46),(1832,'2018-8',2018,8,'2018-08-01','2018-08-30',0.00,0.00,0.00,NULL,NULL,47),(1833,'2018-8',2018,8,'2018-08-01','2018-08-30',0.00,0.00,0.00,NULL,NULL,48),(1834,'2018-8',2018,8,'2018-08-01','2018-08-30',0.00,0.00,0.00,NULL,NULL,49),(1835,'2018-8',2018,8,'2018-08-01','2018-08-30',0.00,0.00,0.00,NULL,NULL,50),(1836,'2018-8',2018,8,'2018-08-01','2018-08-30',0.00,0.00,0.00,NULL,NULL,51),(1837,'2018-8',2018,8,'2018-08-01','2018-08-30',0.00,0.00,0.00,NULL,NULL,52),(1838,'2018-8',2018,8,'2018-08-01','2018-08-30',0.00,0.00,0.00,NULL,NULL,53),(1839,'2018-8',2018,8,'2018-08-01','2018-08-30',0.00,0.00,0.00,NULL,NULL,54),(1840,'2018-8',2018,8,'2018-08-01','2018-08-30',0.00,0.00,0.00,NULL,NULL,55),(1841,'2018-8',2018,8,'2018-08-01','2018-08-30',0.00,0.00,0.00,NULL,NULL,56),(1842,'2018-8',2018,8,'2018-08-01','2018-08-30',0.00,0.00,0.00,NULL,NULL,57),(1843,'2018-8',2018,8,'2018-08-01','2018-08-30',0.00,0.00,0.00,NULL,NULL,58),(1844,'2018-8',2018,8,'2018-08-01','2018-08-30',0.00,0.00,0.00,NULL,NULL,59),(1845,'2018-8',2018,8,'2018-08-01','2018-08-30',0.00,0.00,0.00,NULL,NULL,60),(1846,'2018-8',2018,8,'2018-08-01','2018-08-30',0.00,0.00,0.00,NULL,NULL,61),(1847,'2018-8',2018,8,'2018-08-01','2018-08-30',0.00,0.00,0.00,NULL,NULL,62),(1848,'2018-8',2018,8,'2018-08-01','2018-08-30',0.00,0.00,0.00,NULL,NULL,63),(1849,'2018-8',2018,8,'2018-08-01','2018-08-30',0.00,0.00,0.00,NULL,NULL,64),(1850,'2018-8',2018,8,'2018-08-01','2018-08-30',0.00,0.00,0.00,NULL,NULL,65),(1851,'2018-8',2018,8,'2018-08-01','2018-08-30',0.00,0.00,0.00,NULL,NULL,66),(1852,'2018-8',2018,8,'2018-08-01','2018-08-30',0.00,0.00,0.00,NULL,NULL,67),(1853,'2018-8',2018,8,'2018-08-01','2018-08-30',0.00,0.00,0.00,NULL,NULL,68),(1854,'2018-8',2018,8,'2018-08-01','2018-08-30',0.00,0.00,0.00,NULL,NULL,69),(1855,'2018-8',2018,8,'2018-08-01','2018-08-30',0.00,0.00,0.00,NULL,NULL,70),(1856,'2018-8',2018,8,'2018-08-01','2018-08-30',0.00,0.00,0.00,NULL,NULL,71),(1857,'2018-8',2018,8,'2018-08-01','2018-08-30',0.00,0.00,0.00,NULL,NULL,72),(1858,'2018-8',2018,8,'2018-08-01','2018-08-30',0.00,0.00,0.00,NULL,NULL,73),(1859,'2018-8',2018,8,'2018-08-01','2018-08-30',0.00,0.00,0.00,NULL,NULL,74),(1860,'2018-8',2018,8,'2018-08-01','2018-08-30',0.00,0.00,0.00,NULL,NULL,75),(1861,'2018-8',2018,8,'2018-08-01','2018-08-30',0.00,0.00,0.00,NULL,NULL,76),(1862,'2018-8',2018,8,'2018-08-01','2018-08-30',0.00,0.00,0.00,NULL,NULL,77),(1863,'2018-8',2018,8,'2018-08-01','2018-08-30',0.00,0.00,0.00,NULL,NULL,78),(1864,'2018-8',2018,8,'2018-08-01','2018-08-30',0.00,0.00,0.00,NULL,NULL,79),(1865,'2018-8',2018,8,'2018-08-01','2018-08-30',0.00,0.00,0.00,NULL,NULL,80),(1866,'2018-8',2018,8,'2018-08-01','2018-08-30',0.00,0.00,0.00,NULL,NULL,81),(1867,'2018-8',2018,8,'2018-08-01','2018-08-30',0.00,0.00,0.00,NULL,NULL,82),(1868,'2018-8',2018,8,'2018-08-01','2018-08-30',0.00,0.00,0.00,NULL,NULL,83),(1869,'2018-8',2018,8,'2018-08-01','2018-08-30',0.00,0.00,0.00,NULL,NULL,84),(1870,'2018-8',2018,8,'2018-08-01','2018-08-30',0.00,0.00,0.00,NULL,NULL,85),(1871,'2018-8',2018,8,'2018-08-01','2018-08-30',0.00,0.00,0.00,NULL,NULL,86),(1872,'2018-8',2018,8,'2018-08-01','2018-08-30',0.00,0.00,0.00,NULL,NULL,87),(1873,'2018-8',2018,8,'2018-08-01','2018-08-30',0.00,0.00,0.00,NULL,NULL,88),(1874,'2018-8',2018,8,'2018-08-01','2018-08-30',0.00,0.00,0.00,NULL,NULL,89),(1875,'2018-8',2018,8,'2018-08-01','2018-08-30',0.00,0.00,0.00,NULL,NULL,90),(1876,'2018-8',2018,8,'2018-08-01','2018-08-30',0.00,0.00,0.00,NULL,NULL,91),(1877,'2018-8',2018,8,'2018-08-01','2018-08-30',0.00,0.00,0.00,NULL,NULL,92),(1878,'2018-8',2018,8,'2018-08-01','2018-08-30',0.00,0.00,0.00,NULL,NULL,93),(1879,'2018-8',2018,8,'2018-08-01','2018-08-30',0.00,0.00,0.00,NULL,NULL,94),(1880,'2018-8',2018,8,'2018-08-01','2018-08-30',0.00,0.00,0.00,NULL,NULL,95),(1881,'2018-8',2018,8,'2018-08-01','2018-08-30',0.00,0.00,0.00,NULL,NULL,96),(1882,'2018-8',2018,8,'2018-08-01','2018-08-30',0.00,0.00,0.00,NULL,NULL,97),(1883,'2018-8',2018,8,'2018-08-01','2018-08-30',0.00,0.00,0.00,NULL,NULL,98),(1884,'2018-8',2018,8,'2018-08-01','2018-08-30',0.00,0.00,0.00,NULL,NULL,99),(1885,'2018-8',2018,8,'2018-08-01','2018-08-30',0.00,0.00,0.00,NULL,NULL,100),(1886,'2018-8',2018,8,'2018-08-01','2018-08-30',0.00,0.00,0.00,NULL,NULL,101),(1887,'2018-8',2018,8,'2018-08-01','2018-08-30',0.00,0.00,0.00,NULL,NULL,102),(1888,'2018-8',2018,8,'2018-08-01','2018-08-30',0.00,0.00,0.00,NULL,NULL,103),(1889,'2018-8',2018,8,'2018-08-01','2018-08-30',0.00,0.00,0.00,NULL,NULL,104),(1890,'2018-8',2018,8,'2018-08-01','2018-08-30',0.00,0.00,0.00,NULL,NULL,105),(1891,'2018-8',2018,8,'2018-08-01','2018-08-30',0.00,0.00,0.00,NULL,NULL,106),(1892,'2018-8',2018,8,'2018-08-01','2018-08-30',0.00,0.00,0.00,NULL,NULL,107),(1893,'2018-8',2018,8,'2018-08-01','2018-08-30',0.00,0.00,0.00,NULL,NULL,108),(1894,'2018-8',2018,8,'2018-08-01','2018-08-30',0.00,0.00,0.00,NULL,NULL,109),(1895,'2018-8',2018,8,'2018-08-01','2018-08-30',0.00,0.00,0.00,NULL,NULL,110),(1896,'2018-8',2018,8,'2018-08-01','2018-08-30',0.00,0.00,0.00,NULL,NULL,111),(1897,'2018-8',2018,8,'2018-08-01','2018-08-30',0.00,0.00,0.00,NULL,NULL,112),(1898,'2018-8',2018,8,'2018-08-01','2018-08-30',0.00,0.00,0.00,NULL,NULL,113),(1899,'2018-8',2018,8,'2018-08-01','2018-08-30',0.00,0.00,0.00,NULL,NULL,114),(1900,'2018-8',2018,8,'2018-08-01','2018-08-30',0.00,0.00,0.00,NULL,NULL,115),(1901,'2018-8',2018,8,'2018-08-01','2018-08-30',0.00,0.00,0.00,NULL,NULL,116),(1902,'2018-8',2018,8,'2018-08-01','2018-08-30',0.00,0.00,0.00,NULL,NULL,117),(1903,'2018-8',2018,8,'2018-08-01','2018-08-30',0.00,0.00,0.00,NULL,NULL,118),(1904,'2018-8',2018,8,'2018-08-01','2018-08-30',0.00,0.00,0.00,NULL,NULL,119),(1905,'2018-8',2018,8,'2018-08-01','2018-08-30',0.00,0.00,0.00,NULL,NULL,120),(1906,'2018-8',2018,8,'2018-08-01','2018-08-30',0.00,0.00,0.00,NULL,NULL,121),(1907,'2018-8',2018,8,'2018-08-01','2018-08-30',0.00,0.00,0.00,NULL,NULL,122),(1908,'2018-8',2018,8,'2018-08-01','2018-08-30',0.00,0.00,0.00,NULL,NULL,123),(1909,'2018-8',2018,8,'2018-08-01','2018-08-30',0.00,0.00,0.00,NULL,NULL,124),(1910,'2018-8',2018,8,'2018-08-01','2018-08-30',0.00,0.00,0.00,NULL,NULL,125),(1911,'2018-8',2018,8,'2018-08-01','2018-08-30',0.00,0.00,0.00,NULL,NULL,126),(1912,'2018-8',2018,8,'2018-08-01','2018-08-30',0.00,0.00,0.00,NULL,NULL,127),(1913,'2018-8',2018,8,'2018-08-01','2018-08-30',0.00,0.00,0.00,NULL,NULL,128),(1914,'2018-8',2018,8,'2018-08-01','2018-08-30',0.00,0.00,0.00,NULL,NULL,129),(1915,'2018-8',2018,8,'2018-08-01','2018-08-30',0.00,0.00,0.00,NULL,NULL,130),(1916,'2018-8',2018,8,'2018-08-01','2018-08-30',0.00,0.00,0.00,NULL,NULL,131),(1917,'2018-8',2018,8,'2018-08-01','2018-08-30',0.00,0.00,0.00,NULL,NULL,132),(1918,'2018-8',2018,8,'2018-08-01','2018-08-30',0.00,0.00,0.00,NULL,NULL,133),(1919,'2018-8',2018,8,'2018-08-01','2018-08-30',0.00,0.00,0.00,NULL,NULL,134),(1920,'2018-8',2018,8,'2018-08-01','2018-08-30',0.00,0.00,0.00,NULL,NULL,135),(1921,'2018-8',2018,8,'2018-08-01','2018-08-30',0.00,0.00,0.00,NULL,NULL,136),(1922,'2018-8',2018,8,'2018-08-01','2018-08-30',0.00,0.00,0.00,NULL,NULL,137),(1923,'2018-8',2018,8,'2018-08-01','2018-08-30',0.00,0.00,0.00,NULL,NULL,138),(1924,'2018-8',2018,8,'2018-08-01','2018-08-30',0.00,0.00,0.00,NULL,NULL,139),(1925,'2018-8',2018,8,'2018-08-01','2018-08-30',0.00,0.00,0.00,NULL,NULL,140),(1926,'2018-8',2018,8,'2018-08-01','2018-08-30',0.00,0.00,0.00,NULL,NULL,141),(1927,'2018-8',2018,8,'2018-08-01','2018-08-30',0.00,0.00,0.00,NULL,NULL,142),(1928,'2018-8',2018,8,'2018-08-01','2018-08-30',0.00,0.00,0.00,NULL,NULL,143),(1929,'2018-8',2018,8,'2018-08-01','2018-08-30',0.00,0.00,0.00,NULL,NULL,144),(1930,'2018-8',2018,8,'2018-08-01','2018-08-30',0.00,0.00,0.00,NULL,NULL,145),(1931,'2018-8',2018,8,'2018-08-01','2018-08-30',0.00,0.00,0.00,NULL,NULL,146),(1932,'2018-8',2018,8,'2018-08-01','2018-08-30',0.00,0.00,0.00,NULL,NULL,147),(1933,'2018-8',2018,8,'2018-08-01','2018-08-30',0.00,0.00,0.00,NULL,NULL,148),(1934,'2018-8',2018,8,'2018-08-01','2018-08-30',0.00,0.00,0.00,NULL,NULL,149),(1935,'2018-8',2018,8,'2018-08-01','2018-08-30',0.00,0.00,0.00,NULL,NULL,150),(1936,'2018-8',2018,8,'2018-08-01','2018-08-30',0.00,0.00,0.00,NULL,NULL,151),(1937,'2018-8',2018,8,'2018-08-01','2018-08-30',0.00,0.00,0.00,NULL,NULL,152),(1938,'2018-8',2018,8,'2018-08-01','2018-08-30',0.00,0.00,0.00,NULL,NULL,153),(1939,'2018-8',2018,8,'2018-08-01','2018-08-30',0.00,0.00,0.00,NULL,NULL,154),(1940,'2018-8',2018,8,'2018-08-01','2018-08-30',0.00,0.00,0.00,NULL,NULL,155),(1941,'2018-8',2018,8,'2018-08-01','2018-08-30',0.00,0.00,0.00,NULL,NULL,156),(1942,'2018-8',2018,8,'2018-08-01','2018-08-30',0.00,0.00,0.00,NULL,NULL,157),(1943,'2018-8',2018,8,'2018-08-01','2018-08-30',0.00,0.00,0.00,NULL,NULL,158),(1944,'2018-8',2018,8,'2018-08-01','2018-08-30',0.00,0.00,0.00,NULL,NULL,159),(1945,'2018-8',2018,8,'2018-08-01','2018-08-30',0.00,0.00,0.00,NULL,NULL,160),(1946,'2018-8',2018,8,'2018-08-01','2018-08-30',0.00,0.00,0.00,NULL,NULL,161),(1947,'2018-8',2018,8,'2018-08-01','2018-08-30',0.00,0.00,0.00,NULL,NULL,162),(1948,'2018-8',2018,8,'2018-08-01','2018-08-30',0.00,0.00,0.00,NULL,NULL,163),(1949,'2018-8',2018,8,'2018-08-01','2018-08-30',0.00,0.00,0.00,NULL,NULL,164),(1950,'2018-8',2018,8,'2018-08-01','2018-08-30',0.00,0.00,0.00,NULL,NULL,165),(1951,'2018-8',2018,8,'2018-08-01','2018-08-30',0.00,0.00,0.00,NULL,NULL,166),(1952,'2018-8',2018,8,'2018-08-01','2018-08-30',0.00,0.00,0.00,NULL,NULL,167),(1953,'2018-8',2018,8,'2018-08-01','2018-08-30',0.00,0.00,0.00,NULL,NULL,168),(1954,'2018-8',2018,8,'2018-08-01','2018-08-30',0.00,0.00,0.00,NULL,NULL,169),(1955,'2018-8',2018,8,'2018-08-01','2018-08-30',0.00,0.00,0.00,NULL,NULL,170),(1956,'2018-8',2018,8,'2018-08-01','2018-08-30',0.00,0.00,0.00,NULL,NULL,171),(1957,'2018-8',2018,8,'2018-08-01','2018-08-30',0.00,0.00,0.00,NULL,NULL,172),(1958,'2018-8',2018,8,'2018-08-01','2018-08-30',0.00,0.00,0.00,NULL,NULL,173),(1959,'2018-8',2018,8,'2018-08-01','2018-08-30',0.00,0.00,0.00,NULL,NULL,174),(1960,'2018-8',2018,8,'2018-08-01','2018-08-30',0.00,0.00,0.00,NULL,NULL,175),(1961,'2018-8',2018,8,'2018-08-01','2018-08-30',0.00,0.00,0.00,NULL,NULL,176),(1962,'2018-8',2018,8,'2018-08-01','2018-08-30',0.00,0.00,0.00,NULL,NULL,177),(1963,'2018-8',2018,8,'2018-08-01','2018-08-30',0.00,0.00,0.00,NULL,NULL,178),(1964,'2018-8',2018,8,'2018-08-01','2018-08-30',0.00,0.00,0.00,NULL,NULL,179),(1965,'2018-8',2018,8,'2018-08-01','2018-08-30',0.00,0.00,0.00,NULL,NULL,180),(1966,'2018-8',2018,8,'2018-08-01','2018-08-30',0.00,0.00,0.00,NULL,NULL,181),(1967,'2018-8',2018,8,'2018-08-01','2018-08-30',0.00,0.00,0.00,NULL,NULL,182),(1968,'2018-8',2018,8,'2018-08-01','2018-08-30',0.00,0.00,0.00,NULL,NULL,183),(1969,'2018-8',2018,8,'2018-08-01','2018-08-30',0.00,0.00,0.00,NULL,NULL,184),(1970,'2018-8',2018,8,'2018-08-01','2018-08-30',0.00,0.00,0.00,NULL,NULL,185),(1971,'2018-8',2018,8,'2018-08-01','2018-08-30',0.00,0.00,0.00,NULL,NULL,186),(1972,'2018-8',2018,8,'2018-08-01','2018-08-30',0.00,0.00,0.00,NULL,NULL,187),(1973,'2018-8',2018,8,'2018-08-01','2018-08-30',0.00,0.00,0.00,NULL,NULL,188),(1974,'2018-8',2018,8,'2018-08-01','2018-08-30',0.00,0.00,0.00,NULL,NULL,189),(1975,'2018-8',2018,8,'2018-08-01','2018-08-30',0.00,0.00,0.00,NULL,NULL,190),(1976,'2018-8',2018,8,'2018-08-01','2018-08-30',0.00,0.00,0.00,NULL,NULL,191),(1977,'2018-8',2018,8,'2018-08-01','2018-08-30',0.00,0.00,0.00,NULL,NULL,192),(1978,'2018-8',2018,8,'2018-08-01','2018-08-30',0.00,0.00,0.00,NULL,NULL,193),(1979,'2018-8',2018,8,'2018-08-01','2018-08-30',0.00,0.00,0.00,NULL,NULL,194),(1980,'2018-8',2018,8,'2018-08-01','2018-08-30',0.00,0.00,0.00,NULL,NULL,195),(1981,'2018-8',2018,8,'2018-08-01','2018-08-30',0.00,0.00,0.00,NULL,NULL,196),(1982,'2018-8',2018,8,'2018-08-01','2018-08-30',0.00,0.00,0.00,NULL,NULL,197),(1983,'2018-8',2018,8,'2018-08-01','2018-08-30',0.00,0.00,0.00,NULL,NULL,198),(1984,'2018-8',2018,8,'2018-08-01','2018-08-30',0.00,0.00,0.00,NULL,NULL,199),(1985,'2018-8',2018,8,'2018-08-01','2018-08-30',0.00,0.00,0.00,NULL,NULL,200),(2041,'2018-9',2018,9,'2018-09-01','2018-09-30',0.00,0.00,0.00,NULL,NULL,1),(2042,'2018-9',2018,9,'2018-09-01','2018-09-30',0.00,0.00,0.00,NULL,NULL,2),(2043,'2018-9',2018,9,'2018-09-01','2018-09-30',0.00,0.00,0.00,NULL,NULL,3),(2044,'2018-9',2018,9,'2018-09-01','2018-09-30',0.00,0.00,0.00,NULL,NULL,4),(2045,'2018-9',2018,9,'2018-09-01','2018-09-30',0.00,0.00,0.00,NULL,NULL,5),(2046,'2018-9',2018,9,'2018-09-01','2018-09-30',0.00,0.00,0.00,NULL,NULL,6),(2047,'2018-9',2018,9,'2018-09-01','2018-09-30',0.00,0.00,0.00,NULL,NULL,7),(2048,'2018-9',2018,9,'2018-09-01','2018-09-30',0.00,0.00,0.00,NULL,NULL,8),(2049,'2018-9',2018,9,'2018-09-01','2018-09-30',0.00,0.00,0.00,NULL,NULL,9),(2050,'2018-9',2018,9,'2018-09-01','2018-09-30',0.00,0.00,0.00,NULL,NULL,10),(2051,'2018-9',2018,9,'2018-09-01','2018-09-30',0.00,0.00,0.00,NULL,NULL,11),(2052,'2018-9',2018,9,'2018-09-01','2018-09-30',0.00,0.00,0.00,NULL,NULL,12),(2053,'2018-9',2018,9,'2018-09-01','2018-09-30',0.00,0.00,0.00,NULL,NULL,13),(2054,'2018-9',2018,9,'2018-09-01','2018-09-30',0.00,0.00,0.00,NULL,NULL,14),(2055,'2018-9',2018,9,'2018-09-01','2018-09-30',0.00,0.00,0.00,NULL,NULL,15),(2056,'2018-9',2018,9,'2018-09-01','2018-09-30',0.00,0.00,0.00,NULL,NULL,16),(2057,'2018-9',2018,9,'2018-09-01','2018-09-30',0.00,0.00,0.00,NULL,NULL,17),(2058,'2018-9',2018,9,'2018-09-01','2018-09-30',0.00,0.00,0.00,NULL,NULL,18),(2059,'2018-9',2018,9,'2018-09-01','2018-09-30',0.00,0.00,0.00,NULL,NULL,19),(2060,'2018-9',2018,9,'2018-09-01','2018-09-30',0.00,0.00,0.00,NULL,NULL,20),(2061,'2018-9',2018,9,'2018-09-01','2018-09-30',0.00,0.00,0.00,NULL,NULL,21),(2062,'2018-9',2018,9,'2018-09-01','2018-09-30',0.00,0.00,0.00,NULL,NULL,22),(2063,'2018-9',2018,9,'2018-09-01','2018-09-30',0.00,0.00,0.00,NULL,NULL,23),(2064,'2018-9',2018,9,'2018-09-01','2018-09-30',0.00,0.00,0.00,NULL,NULL,24),(2065,'2018-9',2018,9,'2018-09-01','2018-09-30',0.00,0.00,0.00,NULL,NULL,25),(2066,'2018-9',2018,9,'2018-09-01','2018-09-30',0.00,0.00,0.00,NULL,NULL,26),(2067,'2018-9',2018,9,'2018-09-01','2018-09-30',0.00,0.00,0.00,NULL,NULL,27),(2068,'2018-9',2018,9,'2018-09-01','2018-09-30',0.00,0.00,0.00,NULL,NULL,28),(2069,'2018-9',2018,9,'2018-09-01','2018-09-30',0.00,0.00,0.00,NULL,NULL,29),(2070,'2018-9',2018,9,'2018-09-01','2018-09-30',0.00,0.00,0.00,NULL,NULL,30),(2071,'2018-9',2018,9,'2018-09-01','2018-09-30',0.00,0.00,0.00,NULL,NULL,31),(2072,'2018-9',2018,9,'2018-09-01','2018-09-30',0.00,0.00,0.00,NULL,NULL,32),(2073,'2018-9',2018,9,'2018-09-01','2018-09-30',0.00,0.00,0.00,NULL,NULL,33),(2074,'2018-9',2018,9,'2018-09-01','2018-09-30',0.00,0.00,0.00,NULL,NULL,34),(2075,'2018-9',2018,9,'2018-09-01','2018-09-30',0.00,0.00,0.00,NULL,NULL,35),(2076,'2018-9',2018,9,'2018-09-01','2018-09-30',0.00,0.00,0.00,NULL,NULL,36),(2077,'2018-9',2018,9,'2018-09-01','2018-09-30',0.00,0.00,0.00,NULL,NULL,37),(2078,'2018-9',2018,9,'2018-09-01','2018-09-30',0.00,0.00,0.00,NULL,NULL,38),(2079,'2018-9',2018,9,'2018-09-01','2018-09-30',0.00,0.00,0.00,NULL,NULL,39),(2080,'2018-9',2018,9,'2018-09-01','2018-09-30',0.00,0.00,0.00,NULL,NULL,40),(2081,'2018-9',2018,9,'2018-09-01','2018-09-30',0.00,0.00,0.00,NULL,NULL,41),(2082,'2018-9',2018,9,'2018-09-01','2018-09-30',0.00,0.00,0.00,NULL,NULL,42),(2083,'2018-9',2018,9,'2018-09-01','2018-09-30',0.00,0.00,0.00,NULL,NULL,43),(2084,'2018-9',2018,9,'2018-09-01','2018-09-30',0.00,0.00,0.00,NULL,NULL,44),(2085,'2018-9',2018,9,'2018-09-01','2018-09-30',0.00,0.00,0.00,NULL,NULL,45),(2086,'2018-9',2018,9,'2018-09-01','2018-09-30',0.00,0.00,0.00,NULL,NULL,46),(2087,'2018-9',2018,9,'2018-09-01','2018-09-30',0.00,0.00,0.00,NULL,NULL,47),(2088,'2018-9',2018,9,'2018-09-01','2018-09-30',0.00,0.00,0.00,NULL,NULL,48),(2089,'2018-9',2018,9,'2018-09-01','2018-09-30',0.00,0.00,0.00,NULL,NULL,49),(2090,'2018-9',2018,9,'2018-09-01','2018-09-30',0.00,0.00,0.00,NULL,NULL,50),(2091,'2018-9',2018,9,'2018-09-01','2018-09-30',0.00,0.00,0.00,NULL,NULL,51),(2092,'2018-9',2018,9,'2018-09-01','2018-09-30',0.00,0.00,0.00,NULL,NULL,52),(2093,'2018-9',2018,9,'2018-09-01','2018-09-30',0.00,0.00,0.00,NULL,NULL,53),(2094,'2018-9',2018,9,'2018-09-01','2018-09-30',0.00,0.00,0.00,NULL,NULL,54),(2095,'2018-9',2018,9,'2018-09-01','2018-09-30',0.00,0.00,0.00,NULL,NULL,55),(2096,'2018-9',2018,9,'2018-09-01','2018-09-30',0.00,0.00,0.00,NULL,NULL,56),(2097,'2018-9',2018,9,'2018-09-01','2018-09-30',0.00,0.00,0.00,NULL,NULL,57),(2098,'2018-9',2018,9,'2018-09-01','2018-09-30',0.00,0.00,0.00,NULL,NULL,58),(2099,'2018-9',2018,9,'2018-09-01','2018-09-30',0.00,0.00,0.00,NULL,NULL,59),(2100,'2018-9',2018,9,'2018-09-01','2018-09-30',0.00,0.00,0.00,NULL,NULL,60),(2101,'2018-9',2018,9,'2018-09-01','2018-09-30',0.00,0.00,0.00,NULL,NULL,61),(2102,'2018-9',2018,9,'2018-09-01','2018-09-30',0.00,0.00,0.00,NULL,NULL,62),(2103,'2018-9',2018,9,'2018-09-01','2018-09-30',0.00,0.00,0.00,NULL,NULL,63),(2104,'2018-9',2018,9,'2018-09-01','2018-09-30',0.00,0.00,0.00,NULL,NULL,64),(2105,'2018-9',2018,9,'2018-09-01','2018-09-30',0.00,0.00,0.00,NULL,NULL,65),(2106,'2018-9',2018,9,'2018-09-01','2018-09-30',0.00,0.00,0.00,NULL,NULL,66),(2107,'2018-9',2018,9,'2018-09-01','2018-09-30',0.00,0.00,0.00,NULL,NULL,67),(2108,'2018-9',2018,9,'2018-09-01','2018-09-30',0.00,0.00,0.00,NULL,NULL,68),(2109,'2018-9',2018,9,'2018-09-01','2018-09-30',0.00,0.00,0.00,NULL,NULL,69),(2110,'2018-9',2018,9,'2018-09-01','2018-09-30',0.00,0.00,0.00,NULL,NULL,70),(2111,'2018-9',2018,9,'2018-09-01','2018-09-30',0.00,0.00,0.00,NULL,NULL,71),(2112,'2018-9',2018,9,'2018-09-01','2018-09-30',0.00,0.00,0.00,NULL,NULL,72),(2113,'2018-9',2018,9,'2018-09-01','2018-09-30',0.00,0.00,0.00,NULL,NULL,73),(2114,'2018-9',2018,9,'2018-09-01','2018-09-30',0.00,0.00,0.00,NULL,NULL,74),(2115,'2018-9',2018,9,'2018-09-01','2018-09-30',0.00,0.00,0.00,NULL,NULL,75),(2116,'2018-9',2018,9,'2018-09-01','2018-09-30',0.00,0.00,0.00,NULL,NULL,76),(2117,'2018-9',2018,9,'2018-09-01','2018-09-30',0.00,0.00,0.00,NULL,NULL,77),(2118,'2018-9',2018,9,'2018-09-01','2018-09-30',0.00,0.00,0.00,NULL,NULL,78),(2119,'2018-9',2018,9,'2018-09-01','2018-09-30',0.00,0.00,0.00,NULL,NULL,79),(2120,'2018-9',2018,9,'2018-09-01','2018-09-30',0.00,0.00,0.00,NULL,NULL,80),(2121,'2018-9',2018,9,'2018-09-01','2018-09-30',0.00,0.00,0.00,NULL,NULL,81),(2122,'2018-9',2018,9,'2018-09-01','2018-09-30',0.00,0.00,0.00,NULL,NULL,82),(2123,'2018-9',2018,9,'2018-09-01','2018-09-30',0.00,0.00,0.00,NULL,NULL,83),(2124,'2018-9',2018,9,'2018-09-01','2018-09-30',0.00,0.00,0.00,NULL,NULL,84),(2125,'2018-9',2018,9,'2018-09-01','2018-09-30',0.00,0.00,0.00,NULL,NULL,85),(2126,'2018-9',2018,9,'2018-09-01','2018-09-30',0.00,0.00,0.00,NULL,NULL,86),(2127,'2018-9',2018,9,'2018-09-01','2018-09-30',0.00,0.00,0.00,NULL,NULL,87),(2128,'2018-9',2018,9,'2018-09-01','2018-09-30',0.00,0.00,0.00,NULL,NULL,88),(2129,'2018-9',2018,9,'2018-09-01','2018-09-30',0.00,0.00,0.00,NULL,NULL,89),(2130,'2018-9',2018,9,'2018-09-01','2018-09-30',0.00,0.00,0.00,NULL,NULL,90),(2131,'2018-9',2018,9,'2018-09-01','2018-09-30',0.00,0.00,0.00,NULL,NULL,91),(2132,'2018-9',2018,9,'2018-09-01','2018-09-30',0.00,0.00,0.00,NULL,NULL,92),(2133,'2018-9',2018,9,'2018-09-01','2018-09-30',0.00,0.00,0.00,NULL,NULL,93),(2134,'2018-9',2018,9,'2018-09-01','2018-09-30',0.00,0.00,0.00,NULL,NULL,94),(2135,'2018-9',2018,9,'2018-09-01','2018-09-30',0.00,0.00,0.00,NULL,NULL,95),(2136,'2018-9',2018,9,'2018-09-01','2018-09-30',0.00,0.00,0.00,NULL,NULL,96),(2137,'2018-9',2018,9,'2018-09-01','2018-09-30',0.00,0.00,0.00,NULL,NULL,97),(2138,'2018-9',2018,9,'2018-09-01','2018-09-30',0.00,0.00,0.00,NULL,NULL,98),(2139,'2018-9',2018,9,'2018-09-01','2018-09-30',0.00,0.00,0.00,NULL,NULL,99),(2140,'2018-9',2018,9,'2018-09-01','2018-09-30',0.00,0.00,0.00,NULL,NULL,100),(2141,'2018-9',2018,9,'2018-09-01','2018-09-30',0.00,0.00,0.00,NULL,NULL,101),(2142,'2018-9',2018,9,'2018-09-01','2018-09-30',0.00,0.00,0.00,NULL,NULL,102),(2143,'2018-9',2018,9,'2018-09-01','2018-09-30',0.00,0.00,0.00,NULL,NULL,103),(2144,'2018-9',2018,9,'2018-09-01','2018-09-30',0.00,0.00,0.00,NULL,NULL,104),(2145,'2018-9',2018,9,'2018-09-01','2018-09-30',0.00,0.00,0.00,NULL,NULL,105),(2146,'2018-9',2018,9,'2018-09-01','2018-09-30',0.00,0.00,0.00,NULL,NULL,106),(2147,'2018-9',2018,9,'2018-09-01','2018-09-30',0.00,0.00,0.00,NULL,NULL,107),(2148,'2018-9',2018,9,'2018-09-01','2018-09-30',0.00,0.00,0.00,NULL,NULL,108),(2149,'2018-9',2018,9,'2018-09-01','2018-09-30',0.00,0.00,0.00,NULL,NULL,109),(2150,'2018-9',2018,9,'2018-09-01','2018-09-30',0.00,0.00,0.00,NULL,NULL,110),(2151,'2018-9',2018,9,'2018-09-01','2018-09-30',0.00,0.00,0.00,NULL,NULL,111),(2152,'2018-9',2018,9,'2018-09-01','2018-09-30',0.00,0.00,0.00,NULL,NULL,112),(2153,'2018-9',2018,9,'2018-09-01','2018-09-30',0.00,0.00,0.00,NULL,NULL,113),(2154,'2018-9',2018,9,'2018-09-01','2018-09-30',0.00,0.00,0.00,NULL,NULL,114),(2155,'2018-9',2018,9,'2018-09-01','2018-09-30',0.00,0.00,0.00,NULL,NULL,115),(2156,'2018-9',2018,9,'2018-09-01','2018-09-30',0.00,0.00,0.00,NULL,NULL,116),(2157,'2018-9',2018,9,'2018-09-01','2018-09-30',0.00,0.00,0.00,NULL,NULL,117),(2158,'2018-9',2018,9,'2018-09-01','2018-09-30',0.00,0.00,0.00,NULL,NULL,118),(2159,'2018-9',2018,9,'2018-09-01','2018-09-30',0.00,0.00,0.00,NULL,NULL,119),(2160,'2018-9',2018,9,'2018-09-01','2018-09-30',0.00,0.00,0.00,NULL,NULL,120),(2161,'2018-9',2018,9,'2018-09-01','2018-09-30',0.00,0.00,0.00,NULL,NULL,121),(2162,'2018-9',2018,9,'2018-09-01','2018-09-30',0.00,0.00,0.00,NULL,NULL,122),(2163,'2018-9',2018,9,'2018-09-01','2018-09-30',0.00,0.00,0.00,NULL,NULL,123),(2164,'2018-9',2018,9,'2018-09-01','2018-09-30',0.00,0.00,0.00,NULL,NULL,124),(2165,'2018-9',2018,9,'2018-09-01','2018-09-30',0.00,0.00,0.00,NULL,NULL,125),(2166,'2018-9',2018,9,'2018-09-01','2018-09-30',0.00,0.00,0.00,NULL,NULL,126),(2167,'2018-9',2018,9,'2018-09-01','2018-09-30',0.00,0.00,0.00,NULL,NULL,127),(2168,'2018-9',2018,9,'2018-09-01','2018-09-30',0.00,0.00,0.00,NULL,NULL,128),(2169,'2018-9',2018,9,'2018-09-01','2018-09-30',0.00,0.00,0.00,NULL,NULL,129),(2170,'2018-9',2018,9,'2018-09-01','2018-09-30',0.00,0.00,0.00,NULL,NULL,130),(2171,'2018-9',2018,9,'2018-09-01','2018-09-30',0.00,0.00,0.00,NULL,NULL,131),(2172,'2018-9',2018,9,'2018-09-01','2018-09-30',0.00,0.00,0.00,NULL,NULL,132),(2173,'2018-9',2018,9,'2018-09-01','2018-09-30',0.00,0.00,0.00,NULL,NULL,133),(2174,'2018-9',2018,9,'2018-09-01','2018-09-30',0.00,0.00,0.00,NULL,NULL,134),(2175,'2018-9',2018,9,'2018-09-01','2018-09-30',0.00,0.00,0.00,NULL,NULL,135),(2176,'2018-9',2018,9,'2018-09-01','2018-09-30',0.00,0.00,0.00,NULL,NULL,136),(2177,'2018-9',2018,9,'2018-09-01','2018-09-30',0.00,0.00,0.00,NULL,NULL,137),(2178,'2018-9',2018,9,'2018-09-01','2018-09-30',0.00,0.00,0.00,NULL,NULL,138),(2179,'2018-9',2018,9,'2018-09-01','2018-09-30',0.00,0.00,0.00,NULL,NULL,139),(2180,'2018-9',2018,9,'2018-09-01','2018-09-30',0.00,0.00,0.00,NULL,NULL,140),(2181,'2018-9',2018,9,'2018-09-01','2018-09-30',0.00,0.00,0.00,NULL,NULL,141),(2182,'2018-9',2018,9,'2018-09-01','2018-09-30',0.00,0.00,0.00,NULL,NULL,142),(2183,'2018-9',2018,9,'2018-09-01','2018-09-30',0.00,0.00,0.00,NULL,NULL,143),(2184,'2018-9',2018,9,'2018-09-01','2018-09-30',0.00,0.00,0.00,NULL,NULL,144),(2185,'2018-9',2018,9,'2018-09-01','2018-09-30',0.00,0.00,0.00,NULL,NULL,145),(2186,'2018-9',2018,9,'2018-09-01','2018-09-30',0.00,0.00,0.00,NULL,NULL,146),(2187,'2018-9',2018,9,'2018-09-01','2018-09-30',0.00,0.00,0.00,NULL,NULL,147),(2188,'2018-9',2018,9,'2018-09-01','2018-09-30',0.00,0.00,0.00,NULL,NULL,148),(2189,'2018-9',2018,9,'2018-09-01','2018-09-30',0.00,0.00,0.00,NULL,NULL,149),(2190,'2018-9',2018,9,'2018-09-01','2018-09-30',0.00,0.00,0.00,NULL,NULL,150),(2191,'2018-9',2018,9,'2018-09-01','2018-09-30',0.00,0.00,0.00,NULL,NULL,151),(2192,'2018-9',2018,9,'2018-09-01','2018-09-30',0.00,0.00,0.00,NULL,NULL,152),(2193,'2018-9',2018,9,'2018-09-01','2018-09-30',0.00,0.00,0.00,NULL,NULL,153),(2194,'2018-9',2018,9,'2018-09-01','2018-09-30',0.00,0.00,0.00,NULL,NULL,154),(2195,'2018-9',2018,9,'2018-09-01','2018-09-30',0.00,0.00,0.00,NULL,NULL,155),(2196,'2018-9',2018,9,'2018-09-01','2018-09-30',0.00,0.00,0.00,NULL,NULL,156),(2197,'2018-9',2018,9,'2018-09-01','2018-09-30',0.00,0.00,0.00,NULL,NULL,157),(2198,'2018-9',2018,9,'2018-09-01','2018-09-30',0.00,0.00,0.00,NULL,NULL,158),(2199,'2018-9',2018,9,'2018-09-01','2018-09-30',0.00,0.00,0.00,NULL,NULL,159),(2200,'2018-9',2018,9,'2018-09-01','2018-09-30',0.00,0.00,0.00,NULL,NULL,160),(2201,'2018-9',2018,9,'2018-09-01','2018-09-30',0.00,0.00,0.00,NULL,NULL,161),(2202,'2018-9',2018,9,'2018-09-01','2018-09-30',0.00,0.00,0.00,NULL,NULL,162),(2203,'2018-9',2018,9,'2018-09-01','2018-09-30',0.00,0.00,0.00,NULL,NULL,163),(2204,'2018-9',2018,9,'2018-09-01','2018-09-30',0.00,0.00,0.00,NULL,NULL,164),(2205,'2018-9',2018,9,'2018-09-01','2018-09-30',0.00,0.00,0.00,NULL,NULL,165),(2206,'2018-9',2018,9,'2018-09-01','2018-09-30',0.00,0.00,0.00,NULL,NULL,166),(2207,'2018-9',2018,9,'2018-09-01','2018-09-30',0.00,0.00,0.00,NULL,NULL,167),(2208,'2018-9',2018,9,'2018-09-01','2018-09-30',0.00,0.00,0.00,NULL,NULL,168),(2209,'2018-9',2018,9,'2018-09-01','2018-09-30',0.00,0.00,0.00,NULL,NULL,169),(2210,'2018-9',2018,9,'2018-09-01','2018-09-30',0.00,0.00,0.00,NULL,NULL,170),(2211,'2018-9',2018,9,'2018-09-01','2018-09-30',0.00,0.00,0.00,NULL,NULL,171),(2212,'2018-9',2018,9,'2018-09-01','2018-09-30',0.00,0.00,0.00,NULL,NULL,172),(2213,'2018-9',2018,9,'2018-09-01','2018-09-30',0.00,0.00,0.00,NULL,NULL,173),(2214,'2018-9',2018,9,'2018-09-01','2018-09-30',0.00,0.00,0.00,NULL,NULL,174),(2215,'2018-9',2018,9,'2018-09-01','2018-09-30',0.00,0.00,0.00,NULL,NULL,175),(2216,'2018-9',2018,9,'2018-09-01','2018-09-30',0.00,0.00,0.00,NULL,NULL,176),(2217,'2018-9',2018,9,'2018-09-01','2018-09-30',0.00,0.00,0.00,NULL,NULL,177),(2218,'2018-9',2018,9,'2018-09-01','2018-09-30',0.00,0.00,0.00,NULL,NULL,178),(2219,'2018-9',2018,9,'2018-09-01','2018-09-30',0.00,0.00,0.00,NULL,NULL,179),(2220,'2018-9',2018,9,'2018-09-01','2018-09-30',0.00,0.00,0.00,NULL,NULL,180),(2221,'2018-9',2018,9,'2018-09-01','2018-09-30',0.00,0.00,0.00,NULL,NULL,181),(2222,'2018-9',2018,9,'2018-09-01','2018-09-30',0.00,0.00,0.00,NULL,NULL,182),(2223,'2018-9',2018,9,'2018-09-01','2018-09-30',0.00,0.00,0.00,NULL,NULL,183),(2224,'2018-9',2018,9,'2018-09-01','2018-09-30',0.00,0.00,0.00,NULL,NULL,184),(2225,'2018-9',2018,9,'2018-09-01','2018-09-30',0.00,0.00,0.00,NULL,NULL,185),(2226,'2018-9',2018,9,'2018-09-01','2018-09-30',0.00,0.00,0.00,NULL,NULL,186),(2227,'2018-9',2018,9,'2018-09-01','2018-09-30',0.00,0.00,0.00,NULL,NULL,187),(2228,'2018-9',2018,9,'2018-09-01','2018-09-30',0.00,0.00,0.00,NULL,NULL,188),(2229,'2018-9',2018,9,'2018-09-01','2018-09-30',0.00,0.00,0.00,NULL,NULL,189),(2230,'2018-9',2018,9,'2018-09-01','2018-09-30',0.00,0.00,0.00,NULL,NULL,190),(2231,'2018-9',2018,9,'2018-09-01','2018-09-30',0.00,0.00,0.00,NULL,NULL,191),(2232,'2018-9',2018,9,'2018-09-01','2018-09-30',0.00,0.00,0.00,NULL,NULL,192),(2233,'2018-9',2018,9,'2018-09-01','2018-09-30',0.00,0.00,0.00,NULL,NULL,193),(2234,'2018-9',2018,9,'2018-09-01','2018-09-30',0.00,0.00,0.00,NULL,NULL,194),(2235,'2018-9',2018,9,'2018-09-01','2018-09-30',0.00,0.00,0.00,NULL,NULL,195),(2236,'2018-9',2018,9,'2018-09-01','2018-09-30',0.00,0.00,0.00,NULL,NULL,196),(2237,'2018-9',2018,9,'2018-09-01','2018-09-30',0.00,0.00,0.00,NULL,NULL,197),(2238,'2018-9',2018,9,'2018-09-01','2018-09-30',0.00,0.00,0.00,NULL,NULL,198),(2239,'2018-9',2018,9,'2018-09-01','2018-09-30',0.00,0.00,0.00,NULL,NULL,199),(2240,'2018-9',2018,9,'2018-09-01','2018-09-30',0.00,0.00,0.00,NULL,NULL,200),(2296,'2018-10',2018,10,'2018-10-01','2018-10-31',0.00,0.00,0.00,NULL,NULL,1),(2297,'2018-10',2018,10,'2018-10-01','2018-10-31',0.00,0.00,0.00,NULL,NULL,2),(2298,'2018-10',2018,10,'2018-10-01','2018-10-31',0.00,0.00,0.00,NULL,NULL,3),(2299,'2018-10',2018,10,'2018-10-01','2018-10-31',0.00,0.00,0.00,NULL,NULL,4),(2300,'2018-10',2018,10,'2018-10-01','2018-10-31',0.00,0.00,0.00,NULL,NULL,5),(2301,'2018-10',2018,10,'2018-10-01','2018-10-31',0.00,0.00,0.00,NULL,NULL,6),(2302,'2018-10',2018,10,'2018-10-01','2018-10-31',0.00,0.00,0.00,NULL,NULL,7),(2303,'2018-10',2018,10,'2018-10-01','2018-10-31',0.00,0.00,0.00,NULL,NULL,8),(2304,'2018-10',2018,10,'2018-10-01','2018-10-31',0.00,0.00,0.00,NULL,NULL,9),(2305,'2018-10',2018,10,'2018-10-01','2018-10-31',0.00,0.00,0.00,NULL,NULL,10),(2306,'2018-10',2018,10,'2018-10-01','2018-10-31',0.00,0.00,0.00,NULL,NULL,11),(2307,'2018-10',2018,10,'2018-10-01','2018-10-31',0.00,0.00,0.00,NULL,NULL,12),(2308,'2018-10',2018,10,'2018-10-01','2018-10-31',0.00,0.00,0.00,NULL,NULL,13),(2309,'2018-10',2018,10,'2018-10-01','2018-10-31',0.00,0.00,0.00,NULL,NULL,14),(2310,'2018-10',2018,10,'2018-10-01','2018-10-31',0.00,0.00,0.00,NULL,NULL,15),(2311,'2018-10',2018,10,'2018-10-01','2018-10-31',0.00,0.00,0.00,NULL,NULL,16),(2312,'2018-10',2018,10,'2018-10-01','2018-10-31',0.00,0.00,0.00,NULL,NULL,17),(2313,'2018-10',2018,10,'2018-10-01','2018-10-31',0.00,0.00,0.00,NULL,NULL,18),(2314,'2018-10',2018,10,'2018-10-01','2018-10-31',0.00,0.00,0.00,NULL,NULL,19),(2315,'2018-10',2018,10,'2018-10-01','2018-10-31',0.00,0.00,0.00,NULL,NULL,20),(2316,'2018-10',2018,10,'2018-10-01','2018-10-31',0.00,0.00,0.00,NULL,NULL,21),(2317,'2018-10',2018,10,'2018-10-01','2018-10-31',0.00,0.00,0.00,NULL,NULL,22),(2318,'2018-10',2018,10,'2018-10-01','2018-10-31',0.00,0.00,0.00,NULL,NULL,23),(2319,'2018-10',2018,10,'2018-10-01','2018-10-31',0.00,0.00,0.00,NULL,NULL,24),(2320,'2018-10',2018,10,'2018-10-01','2018-10-31',0.00,0.00,0.00,NULL,NULL,25),(2321,'2018-10',2018,10,'2018-10-01','2018-10-31',0.00,0.00,0.00,NULL,NULL,26),(2322,'2018-10',2018,10,'2018-10-01','2018-10-31',0.00,0.00,0.00,NULL,NULL,27),(2323,'2018-10',2018,10,'2018-10-01','2018-10-31',0.00,0.00,0.00,NULL,NULL,28),(2324,'2018-10',2018,10,'2018-10-01','2018-10-31',0.00,0.00,0.00,NULL,NULL,29),(2325,'2018-10',2018,10,'2018-10-01','2018-10-31',0.00,0.00,0.00,NULL,NULL,30),(2326,'2018-10',2018,10,'2018-10-01','2018-10-31',0.00,0.00,0.00,NULL,NULL,31),(2327,'2018-10',2018,10,'2018-10-01','2018-10-31',0.00,0.00,0.00,NULL,NULL,32),(2328,'2018-10',2018,10,'2018-10-01','2018-10-31',0.00,0.00,0.00,NULL,NULL,33),(2329,'2018-10',2018,10,'2018-10-01','2018-10-31',0.00,0.00,0.00,NULL,NULL,34),(2330,'2018-10',2018,10,'2018-10-01','2018-10-31',0.00,0.00,0.00,NULL,NULL,35),(2331,'2018-10',2018,10,'2018-10-01','2018-10-31',0.00,0.00,0.00,NULL,NULL,36),(2332,'2018-10',2018,10,'2018-10-01','2018-10-31',0.00,0.00,0.00,NULL,NULL,37),(2333,'2018-10',2018,10,'2018-10-01','2018-10-31',0.00,0.00,0.00,NULL,NULL,38),(2334,'2018-10',2018,10,'2018-10-01','2018-10-31',0.00,0.00,0.00,NULL,NULL,39),(2335,'2018-10',2018,10,'2018-10-01','2018-10-31',0.00,0.00,0.00,NULL,NULL,40),(2336,'2018-10',2018,10,'2018-10-01','2018-10-31',0.00,0.00,0.00,NULL,NULL,41),(2337,'2018-10',2018,10,'2018-10-01','2018-10-31',0.00,0.00,0.00,NULL,NULL,42),(2338,'2018-10',2018,10,'2018-10-01','2018-10-31',0.00,0.00,0.00,NULL,NULL,43),(2339,'2018-10',2018,10,'2018-10-01','2018-10-31',0.00,0.00,0.00,NULL,NULL,44),(2340,'2018-10',2018,10,'2018-10-01','2018-10-31',0.00,0.00,0.00,NULL,NULL,45),(2341,'2018-10',2018,10,'2018-10-01','2018-10-31',0.00,0.00,0.00,NULL,NULL,46),(2342,'2018-10',2018,10,'2018-10-01','2018-10-31',0.00,0.00,0.00,NULL,NULL,47),(2343,'2018-10',2018,10,'2018-10-01','2018-10-31',0.00,0.00,0.00,NULL,NULL,48),(2344,'2018-10',2018,10,'2018-10-01','2018-10-31',0.00,0.00,0.00,NULL,NULL,49),(2345,'2018-10',2018,10,'2018-10-01','2018-10-31',0.00,0.00,0.00,NULL,NULL,50),(2346,'2018-10',2018,10,'2018-10-01','2018-10-31',0.00,0.00,0.00,NULL,NULL,51),(2347,'2018-10',2018,10,'2018-10-01','2018-10-31',0.00,0.00,0.00,NULL,NULL,52),(2348,'2018-10',2018,10,'2018-10-01','2018-10-31',0.00,0.00,0.00,NULL,NULL,53),(2349,'2018-10',2018,10,'2018-10-01','2018-10-31',0.00,0.00,0.00,NULL,NULL,54),(2350,'2018-10',2018,10,'2018-10-01','2018-10-31',0.00,0.00,0.00,NULL,NULL,55),(2351,'2018-10',2018,10,'2018-10-01','2018-10-31',0.00,0.00,0.00,NULL,NULL,56),(2352,'2018-10',2018,10,'2018-10-01','2018-10-31',0.00,0.00,0.00,NULL,NULL,57),(2353,'2018-10',2018,10,'2018-10-01','2018-10-31',0.00,0.00,0.00,NULL,NULL,58),(2354,'2018-10',2018,10,'2018-10-01','2018-10-31',0.00,0.00,0.00,NULL,NULL,59),(2355,'2018-10',2018,10,'2018-10-01','2018-10-31',0.00,0.00,0.00,NULL,NULL,60),(2356,'2018-10',2018,10,'2018-10-01','2018-10-31',0.00,0.00,0.00,NULL,NULL,61),(2357,'2018-10',2018,10,'2018-10-01','2018-10-31',0.00,0.00,0.00,NULL,NULL,62),(2358,'2018-10',2018,10,'2018-10-01','2018-10-31',0.00,0.00,0.00,NULL,NULL,63),(2359,'2018-10',2018,10,'2018-10-01','2018-10-31',0.00,0.00,0.00,NULL,NULL,64),(2360,'2018-10',2018,10,'2018-10-01','2018-10-31',0.00,0.00,0.00,NULL,NULL,65),(2361,'2018-10',2018,10,'2018-10-01','2018-10-31',0.00,0.00,0.00,NULL,NULL,66),(2362,'2018-10',2018,10,'2018-10-01','2018-10-31',0.00,0.00,0.00,NULL,NULL,67),(2363,'2018-10',2018,10,'2018-10-01','2018-10-31',0.00,0.00,0.00,NULL,NULL,68),(2364,'2018-10',2018,10,'2018-10-01','2018-10-31',0.00,0.00,0.00,NULL,NULL,69),(2365,'2018-10',2018,10,'2018-10-01','2018-10-31',0.00,0.00,0.00,NULL,NULL,70),(2366,'2018-10',2018,10,'2018-10-01','2018-10-31',0.00,0.00,0.00,NULL,NULL,71),(2367,'2018-10',2018,10,'2018-10-01','2018-10-31',0.00,0.00,0.00,NULL,NULL,72),(2368,'2018-10',2018,10,'2018-10-01','2018-10-31',0.00,0.00,0.00,NULL,NULL,73),(2369,'2018-10',2018,10,'2018-10-01','2018-10-31',0.00,0.00,0.00,NULL,NULL,74),(2370,'2018-10',2018,10,'2018-10-01','2018-10-31',0.00,0.00,0.00,NULL,NULL,75),(2371,'2018-10',2018,10,'2018-10-01','2018-10-31',0.00,0.00,0.00,NULL,NULL,76),(2372,'2018-10',2018,10,'2018-10-01','2018-10-31',0.00,0.00,0.00,NULL,NULL,77),(2373,'2018-10',2018,10,'2018-10-01','2018-10-31',0.00,0.00,0.00,NULL,NULL,78),(2374,'2018-10',2018,10,'2018-10-01','2018-10-31',0.00,0.00,0.00,NULL,NULL,79),(2375,'2018-10',2018,10,'2018-10-01','2018-10-31',0.00,0.00,0.00,NULL,NULL,80),(2376,'2018-10',2018,10,'2018-10-01','2018-10-31',0.00,0.00,0.00,NULL,NULL,81),(2377,'2018-10',2018,10,'2018-10-01','2018-10-31',0.00,0.00,0.00,NULL,NULL,82),(2378,'2018-10',2018,10,'2018-10-01','2018-10-31',0.00,0.00,0.00,NULL,NULL,83),(2379,'2018-10',2018,10,'2018-10-01','2018-10-31',0.00,0.00,0.00,NULL,NULL,84),(2380,'2018-10',2018,10,'2018-10-01','2018-10-31',0.00,0.00,0.00,NULL,NULL,85),(2381,'2018-10',2018,10,'2018-10-01','2018-10-31',0.00,0.00,0.00,NULL,NULL,86),(2382,'2018-10',2018,10,'2018-10-01','2018-10-31',0.00,0.00,0.00,NULL,NULL,87),(2383,'2018-10',2018,10,'2018-10-01','2018-10-31',0.00,0.00,0.00,NULL,NULL,88),(2384,'2018-10',2018,10,'2018-10-01','2018-10-31',0.00,0.00,0.00,NULL,NULL,89),(2385,'2018-10',2018,10,'2018-10-01','2018-10-31',0.00,0.00,0.00,NULL,NULL,90),(2386,'2018-10',2018,10,'2018-10-01','2018-10-31',0.00,0.00,0.00,NULL,NULL,91),(2387,'2018-10',2018,10,'2018-10-01','2018-10-31',0.00,0.00,0.00,NULL,NULL,92),(2388,'2018-10',2018,10,'2018-10-01','2018-10-31',0.00,0.00,0.00,NULL,NULL,93),(2389,'2018-10',2018,10,'2018-10-01','2018-10-31',0.00,0.00,0.00,NULL,NULL,94),(2390,'2018-10',2018,10,'2018-10-01','2018-10-31',0.00,0.00,0.00,NULL,NULL,95),(2391,'2018-10',2018,10,'2018-10-01','2018-10-31',0.00,0.00,0.00,NULL,NULL,96),(2392,'2018-10',2018,10,'2018-10-01','2018-10-31',0.00,0.00,0.00,NULL,NULL,97),(2393,'2018-10',2018,10,'2018-10-01','2018-10-31',0.00,0.00,0.00,NULL,NULL,98),(2394,'2018-10',2018,10,'2018-10-01','2018-10-31',0.00,0.00,0.00,NULL,NULL,99),(2395,'2018-10',2018,10,'2018-10-01','2018-10-31',0.00,0.00,0.00,NULL,NULL,100),(2396,'2018-10',2018,10,'2018-10-01','2018-10-31',0.00,0.00,0.00,NULL,NULL,101),(2397,'2018-10',2018,10,'2018-10-01','2018-10-31',0.00,0.00,0.00,NULL,NULL,102),(2398,'2018-10',2018,10,'2018-10-01','2018-10-31',0.00,0.00,0.00,NULL,NULL,103),(2399,'2018-10',2018,10,'2018-10-01','2018-10-31',0.00,0.00,0.00,NULL,NULL,104),(2400,'2018-10',2018,10,'2018-10-01','2018-10-31',0.00,0.00,0.00,NULL,NULL,105),(2401,'2018-10',2018,10,'2018-10-01','2018-10-31',0.00,0.00,0.00,NULL,NULL,106),(2402,'2018-10',2018,10,'2018-10-01','2018-10-31',0.00,0.00,0.00,NULL,NULL,107),(2403,'2018-10',2018,10,'2018-10-01','2018-10-31',0.00,0.00,0.00,NULL,NULL,108),(2404,'2018-10',2018,10,'2018-10-01','2018-10-31',0.00,0.00,0.00,NULL,NULL,109),(2405,'2018-10',2018,10,'2018-10-01','2018-10-31',0.00,0.00,0.00,NULL,NULL,110),(2406,'2018-10',2018,10,'2018-10-01','2018-10-31',0.00,0.00,0.00,NULL,NULL,111),(2407,'2018-10',2018,10,'2018-10-01','2018-10-31',0.00,0.00,0.00,NULL,NULL,112),(2408,'2018-10',2018,10,'2018-10-01','2018-10-31',0.00,0.00,0.00,NULL,NULL,113),(2409,'2018-10',2018,10,'2018-10-01','2018-10-31',0.00,0.00,0.00,NULL,NULL,114),(2410,'2018-10',2018,10,'2018-10-01','2018-10-31',0.00,0.00,0.00,NULL,NULL,115),(2411,'2018-10',2018,10,'2018-10-01','2018-10-31',0.00,0.00,0.00,NULL,NULL,116),(2412,'2018-10',2018,10,'2018-10-01','2018-10-31',0.00,0.00,0.00,NULL,NULL,117),(2413,'2018-10',2018,10,'2018-10-01','2018-10-31',0.00,0.00,0.00,NULL,NULL,118),(2414,'2018-10',2018,10,'2018-10-01','2018-10-31',0.00,0.00,0.00,NULL,NULL,119),(2415,'2018-10',2018,10,'2018-10-01','2018-10-31',0.00,0.00,0.00,NULL,NULL,120),(2416,'2018-10',2018,10,'2018-10-01','2018-10-31',0.00,0.00,0.00,NULL,NULL,121),(2417,'2018-10',2018,10,'2018-10-01','2018-10-31',0.00,0.00,0.00,NULL,NULL,122),(2418,'2018-10',2018,10,'2018-10-01','2018-10-31',0.00,0.00,0.00,NULL,NULL,123),(2419,'2018-10',2018,10,'2018-10-01','2018-10-31',0.00,0.00,0.00,NULL,NULL,124),(2420,'2018-10',2018,10,'2018-10-01','2018-10-31',0.00,0.00,0.00,NULL,NULL,125),(2421,'2018-10',2018,10,'2018-10-01','2018-10-31',0.00,0.00,0.00,NULL,NULL,126),(2422,'2018-10',2018,10,'2018-10-01','2018-10-31',0.00,0.00,0.00,NULL,NULL,127),(2423,'2018-10',2018,10,'2018-10-01','2018-10-31',0.00,0.00,0.00,NULL,NULL,128),(2424,'2018-10',2018,10,'2018-10-01','2018-10-31',0.00,0.00,0.00,NULL,NULL,129),(2425,'2018-10',2018,10,'2018-10-01','2018-10-31',0.00,0.00,0.00,NULL,NULL,130),(2426,'2018-10',2018,10,'2018-10-01','2018-10-31',0.00,0.00,0.00,NULL,NULL,131),(2427,'2018-10',2018,10,'2018-10-01','2018-10-31',0.00,0.00,0.00,NULL,NULL,132),(2428,'2018-10',2018,10,'2018-10-01','2018-10-31',0.00,0.00,0.00,NULL,NULL,133),(2429,'2018-10',2018,10,'2018-10-01','2018-10-31',0.00,0.00,0.00,NULL,NULL,134),(2430,'2018-10',2018,10,'2018-10-01','2018-10-31',0.00,0.00,0.00,NULL,NULL,135),(2431,'2018-10',2018,10,'2018-10-01','2018-10-31',0.00,0.00,0.00,NULL,NULL,136),(2432,'2018-10',2018,10,'2018-10-01','2018-10-31',0.00,0.00,0.00,NULL,NULL,137),(2433,'2018-10',2018,10,'2018-10-01','2018-10-31',0.00,0.00,0.00,NULL,NULL,138),(2434,'2018-10',2018,10,'2018-10-01','2018-10-31',0.00,0.00,0.00,NULL,NULL,139),(2435,'2018-10',2018,10,'2018-10-01','2018-10-31',0.00,0.00,0.00,NULL,NULL,140),(2436,'2018-10',2018,10,'2018-10-01','2018-10-31',0.00,0.00,0.00,NULL,NULL,141),(2437,'2018-10',2018,10,'2018-10-01','2018-10-31',0.00,0.00,0.00,NULL,NULL,142),(2438,'2018-10',2018,10,'2018-10-01','2018-10-31',0.00,0.00,0.00,NULL,NULL,143),(2439,'2018-10',2018,10,'2018-10-01','2018-10-31',0.00,0.00,0.00,NULL,NULL,144),(2440,'2018-10',2018,10,'2018-10-01','2018-10-31',0.00,0.00,0.00,NULL,NULL,145),(2441,'2018-10',2018,10,'2018-10-01','2018-10-31',0.00,0.00,0.00,NULL,NULL,146),(2442,'2018-10',2018,10,'2018-10-01','2018-10-31',0.00,0.00,0.00,NULL,NULL,147),(2443,'2018-10',2018,10,'2018-10-01','2018-10-31',0.00,0.00,0.00,NULL,NULL,148),(2444,'2018-10',2018,10,'2018-10-01','2018-10-31',0.00,0.00,0.00,NULL,NULL,149),(2445,'2018-10',2018,10,'2018-10-01','2018-10-31',0.00,0.00,0.00,NULL,NULL,150),(2446,'2018-10',2018,10,'2018-10-01','2018-10-31',0.00,0.00,0.00,NULL,NULL,151),(2447,'2018-10',2018,10,'2018-10-01','2018-10-31',0.00,0.00,0.00,NULL,NULL,152),(2448,'2018-10',2018,10,'2018-10-01','2018-10-31',0.00,0.00,0.00,NULL,NULL,153),(2449,'2018-10',2018,10,'2018-10-01','2018-10-31',0.00,0.00,0.00,NULL,NULL,154),(2450,'2018-10',2018,10,'2018-10-01','2018-10-31',0.00,0.00,0.00,NULL,NULL,155),(2451,'2018-10',2018,10,'2018-10-01','2018-10-31',0.00,0.00,0.00,NULL,NULL,156),(2452,'2018-10',2018,10,'2018-10-01','2018-10-31',0.00,0.00,0.00,NULL,NULL,157),(2453,'2018-10',2018,10,'2018-10-01','2018-10-31',0.00,0.00,0.00,NULL,NULL,158),(2454,'2018-10',2018,10,'2018-10-01','2018-10-31',0.00,0.00,0.00,NULL,NULL,159),(2455,'2018-10',2018,10,'2018-10-01','2018-10-31',0.00,0.00,0.00,NULL,NULL,160),(2456,'2018-10',2018,10,'2018-10-01','2018-10-31',0.00,0.00,0.00,NULL,NULL,161),(2457,'2018-10',2018,10,'2018-10-01','2018-10-31',0.00,0.00,0.00,NULL,NULL,162),(2458,'2018-10',2018,10,'2018-10-01','2018-10-31',0.00,0.00,0.00,NULL,NULL,163),(2459,'2018-10',2018,10,'2018-10-01','2018-10-31',0.00,0.00,0.00,NULL,NULL,164),(2460,'2018-10',2018,10,'2018-10-01','2018-10-31',0.00,0.00,0.00,NULL,NULL,165),(2461,'2018-10',2018,10,'2018-10-01','2018-10-31',0.00,0.00,0.00,NULL,NULL,166),(2462,'2018-10',2018,10,'2018-10-01','2018-10-31',0.00,0.00,0.00,NULL,NULL,167),(2463,'2018-10',2018,10,'2018-10-01','2018-10-31',0.00,0.00,0.00,NULL,NULL,168),(2464,'2018-10',2018,10,'2018-10-01','2018-10-31',0.00,0.00,0.00,NULL,NULL,169),(2465,'2018-10',2018,10,'2018-10-01','2018-10-31',0.00,0.00,0.00,NULL,NULL,170),(2466,'2018-10',2018,10,'2018-10-01','2018-10-31',0.00,0.00,0.00,NULL,NULL,171),(2467,'2018-10',2018,10,'2018-10-01','2018-10-31',0.00,0.00,0.00,NULL,NULL,172),(2468,'2018-10',2018,10,'2018-10-01','2018-10-31',0.00,0.00,0.00,NULL,NULL,173),(2469,'2018-10',2018,10,'2018-10-01','2018-10-31',0.00,0.00,0.00,NULL,NULL,174),(2470,'2018-10',2018,10,'2018-10-01','2018-10-31',0.00,0.00,0.00,NULL,NULL,175),(2471,'2018-10',2018,10,'2018-10-01','2018-10-31',0.00,0.00,0.00,NULL,NULL,176),(2472,'2018-10',2018,10,'2018-10-01','2018-10-31',0.00,0.00,0.00,NULL,NULL,177),(2473,'2018-10',2018,10,'2018-10-01','2018-10-31',0.00,0.00,0.00,NULL,NULL,178),(2474,'2018-10',2018,10,'2018-10-01','2018-10-31',0.00,0.00,0.00,NULL,NULL,179),(2475,'2018-10',2018,10,'2018-10-01','2018-10-31',0.00,0.00,0.00,NULL,NULL,180),(2476,'2018-10',2018,10,'2018-10-01','2018-10-31',0.00,0.00,0.00,NULL,NULL,181),(2477,'2018-10',2018,10,'2018-10-01','2018-10-31',0.00,0.00,0.00,NULL,NULL,182),(2478,'2018-10',2018,10,'2018-10-01','2018-10-31',0.00,0.00,0.00,NULL,NULL,183),(2479,'2018-10',2018,10,'2018-10-01','2018-10-31',0.00,0.00,0.00,NULL,NULL,184),(2480,'2018-10',2018,10,'2018-10-01','2018-10-31',0.00,0.00,0.00,NULL,NULL,185),(2481,'2018-10',2018,10,'2018-10-01','2018-10-31',0.00,0.00,0.00,NULL,NULL,186),(2482,'2018-10',2018,10,'2018-10-01','2018-10-31',0.00,0.00,0.00,NULL,NULL,187),(2483,'2018-10',2018,10,'2018-10-01','2018-10-31',0.00,0.00,0.00,NULL,NULL,188),(2484,'2018-10',2018,10,'2018-10-01','2018-10-31',0.00,0.00,0.00,NULL,NULL,189),(2485,'2018-10',2018,10,'2018-10-01','2018-10-31',0.00,0.00,0.00,NULL,NULL,190),(2486,'2018-10',2018,10,'2018-10-01','2018-10-31',0.00,0.00,0.00,NULL,NULL,191),(2487,'2018-10',2018,10,'2018-10-01','2018-10-31',0.00,0.00,0.00,NULL,NULL,192),(2488,'2018-10',2018,10,'2018-10-01','2018-10-31',0.00,0.00,0.00,NULL,NULL,193),(2489,'2018-10',2018,10,'2018-10-01','2018-10-31',0.00,0.00,0.00,NULL,NULL,194),(2490,'2018-10',2018,10,'2018-10-01','2018-10-31',0.00,0.00,0.00,NULL,NULL,195),(2491,'2018-10',2018,10,'2018-10-01','2018-10-31',0.00,0.00,0.00,NULL,NULL,196),(2492,'2018-10',2018,10,'2018-10-01','2018-10-31',0.00,0.00,0.00,NULL,NULL,197),(2493,'2018-10',2018,10,'2018-10-01','2018-10-31',0.00,0.00,0.00,NULL,NULL,198),(2494,'2018-10',2018,10,'2018-10-01','2018-10-31',0.00,0.00,0.00,NULL,NULL,199),(2495,'2018-10',2018,10,'2018-10-01','2018-10-31',0.00,0.00,0.00,NULL,NULL,200),(2551,'2018-11',2018,11,'2018-11-01','2018-11-30',0.00,0.00,0.00,NULL,NULL,1),(2552,'2018-11',2018,11,'2018-11-01','2018-11-30',0.00,0.00,0.00,NULL,NULL,2),(2553,'2018-11',2018,11,'2018-11-01','2018-11-30',0.00,0.00,0.00,NULL,NULL,3),(2554,'2018-11',2018,11,'2018-11-01','2018-11-30',0.00,0.00,0.00,NULL,NULL,4),(2555,'2018-11',2018,11,'2018-11-01','2018-11-30',0.00,0.00,0.00,NULL,NULL,5),(2556,'2018-11',2018,11,'2018-11-01','2018-11-30',0.00,0.00,0.00,NULL,NULL,6),(2557,'2018-11',2018,11,'2018-11-01','2018-11-30',0.00,0.00,0.00,NULL,NULL,7),(2558,'2018-11',2018,11,'2018-11-01','2018-11-30',0.00,0.00,0.00,NULL,NULL,8),(2559,'2018-11',2018,11,'2018-11-01','2018-11-30',0.00,0.00,0.00,NULL,NULL,9),(2560,'2018-11',2018,11,'2018-11-01','2018-11-30',0.00,0.00,0.00,NULL,NULL,10),(2561,'2018-11',2018,11,'2018-11-01','2018-11-30',0.00,0.00,0.00,NULL,NULL,11),(2562,'2018-11',2018,11,'2018-11-01','2018-11-30',0.00,0.00,0.00,NULL,NULL,12),(2563,'2018-11',2018,11,'2018-11-01','2018-11-30',0.00,0.00,0.00,NULL,NULL,13),(2564,'2018-11',2018,11,'2018-11-01','2018-11-30',0.00,0.00,0.00,NULL,NULL,14),(2565,'2018-11',2018,11,'2018-11-01','2018-11-30',0.00,0.00,0.00,NULL,NULL,15),(2566,'2018-11',2018,11,'2018-11-01','2018-11-30',0.00,0.00,0.00,NULL,NULL,16),(2567,'2018-11',2018,11,'2018-11-01','2018-11-30',0.00,0.00,0.00,NULL,NULL,17),(2568,'2018-11',2018,11,'2018-11-01','2018-11-30',0.00,0.00,0.00,NULL,NULL,18),(2569,'2018-11',2018,11,'2018-11-01','2018-11-30',0.00,0.00,0.00,NULL,NULL,19),(2570,'2018-11',2018,11,'2018-11-01','2018-11-30',0.00,0.00,0.00,NULL,NULL,20),(2571,'2018-11',2018,11,'2018-11-01','2018-11-30',0.00,0.00,0.00,NULL,NULL,21),(2572,'2018-11',2018,11,'2018-11-01','2018-11-30',0.00,0.00,0.00,NULL,NULL,22),(2573,'2018-11',2018,11,'2018-11-01','2018-11-30',0.00,0.00,0.00,NULL,NULL,23),(2574,'2018-11',2018,11,'2018-11-01','2018-11-30',0.00,0.00,0.00,NULL,NULL,24),(2575,'2018-11',2018,11,'2018-11-01','2018-11-30',0.00,0.00,0.00,NULL,NULL,25),(2576,'2018-11',2018,11,'2018-11-01','2018-11-30',0.00,0.00,0.00,NULL,NULL,26),(2577,'2018-11',2018,11,'2018-11-01','2018-11-30',0.00,0.00,0.00,NULL,NULL,27),(2578,'2018-11',2018,11,'2018-11-01','2018-11-30',0.00,0.00,0.00,NULL,NULL,28),(2579,'2018-11',2018,11,'2018-11-01','2018-11-30',0.00,0.00,0.00,NULL,NULL,29),(2580,'2018-11',2018,11,'2018-11-01','2018-11-30',0.00,0.00,0.00,NULL,NULL,30),(2581,'2018-11',2018,11,'2018-11-01','2018-11-30',0.00,0.00,0.00,NULL,NULL,31),(2582,'2018-11',2018,11,'2018-11-01','2018-11-30',0.00,0.00,0.00,NULL,NULL,32),(2583,'2018-11',2018,11,'2018-11-01','2018-11-30',0.00,0.00,0.00,NULL,NULL,33),(2584,'2018-11',2018,11,'2018-11-01','2018-11-30',0.00,0.00,0.00,NULL,NULL,34),(2585,'2018-11',2018,11,'2018-11-01','2018-11-30',0.00,0.00,0.00,NULL,NULL,35),(2586,'2018-11',2018,11,'2018-11-01','2018-11-30',0.00,0.00,0.00,NULL,NULL,36),(2587,'2018-11',2018,11,'2018-11-01','2018-11-30',0.00,0.00,0.00,NULL,NULL,37),(2588,'2018-11',2018,11,'2018-11-01','2018-11-30',0.00,0.00,0.00,NULL,NULL,38),(2589,'2018-11',2018,11,'2018-11-01','2018-11-30',0.00,0.00,0.00,NULL,NULL,39),(2590,'2018-11',2018,11,'2018-11-01','2018-11-30',0.00,0.00,0.00,NULL,NULL,40),(2591,'2018-11',2018,11,'2018-11-01','2018-11-30',0.00,0.00,0.00,NULL,NULL,41),(2592,'2018-11',2018,11,'2018-11-01','2018-11-30',0.00,0.00,0.00,NULL,NULL,42),(2593,'2018-11',2018,11,'2018-11-01','2018-11-30',0.00,0.00,0.00,NULL,NULL,43),(2594,'2018-11',2018,11,'2018-11-01','2018-11-30',0.00,0.00,0.00,NULL,NULL,44),(2595,'2018-11',2018,11,'2018-11-01','2018-11-30',0.00,0.00,0.00,NULL,NULL,45),(2596,'2018-11',2018,11,'2018-11-01','2018-11-30',0.00,0.00,0.00,NULL,NULL,46),(2597,'2018-11',2018,11,'2018-11-01','2018-11-30',0.00,0.00,0.00,NULL,NULL,47),(2598,'2018-11',2018,11,'2018-11-01','2018-11-30',0.00,0.00,0.00,NULL,NULL,48),(2599,'2018-11',2018,11,'2018-11-01','2018-11-30',0.00,0.00,0.00,NULL,NULL,49),(2600,'2018-11',2018,11,'2018-11-01','2018-11-30',0.00,0.00,0.00,NULL,NULL,50),(2601,'2018-11',2018,11,'2018-11-01','2018-11-30',0.00,0.00,0.00,NULL,NULL,51),(2602,'2018-11',2018,11,'2018-11-01','2018-11-30',0.00,0.00,0.00,NULL,NULL,52),(2603,'2018-11',2018,11,'2018-11-01','2018-11-30',0.00,0.00,0.00,NULL,NULL,53),(2604,'2018-11',2018,11,'2018-11-01','2018-11-30',0.00,0.00,0.00,NULL,NULL,54),(2605,'2018-11',2018,11,'2018-11-01','2018-11-30',0.00,0.00,0.00,NULL,NULL,55),(2606,'2018-11',2018,11,'2018-11-01','2018-11-30',0.00,0.00,0.00,NULL,NULL,56),(2607,'2018-11',2018,11,'2018-11-01','2018-11-30',0.00,0.00,0.00,NULL,NULL,57),(2608,'2018-11',2018,11,'2018-11-01','2018-11-30',0.00,0.00,0.00,NULL,NULL,58),(2609,'2018-11',2018,11,'2018-11-01','2018-11-30',0.00,0.00,0.00,NULL,NULL,59),(2610,'2018-11',2018,11,'2018-11-01','2018-11-30',0.00,0.00,0.00,NULL,NULL,60),(2611,'2018-11',2018,11,'2018-11-01','2018-11-30',0.00,0.00,0.00,NULL,NULL,61),(2612,'2018-11',2018,11,'2018-11-01','2018-11-30',0.00,0.00,0.00,NULL,NULL,62),(2613,'2018-11',2018,11,'2018-11-01','2018-11-30',0.00,0.00,0.00,NULL,NULL,63),(2614,'2018-11',2018,11,'2018-11-01','2018-11-30',0.00,0.00,0.00,NULL,NULL,64),(2615,'2018-11',2018,11,'2018-11-01','2018-11-30',0.00,0.00,0.00,NULL,NULL,65),(2616,'2018-11',2018,11,'2018-11-01','2018-11-30',0.00,0.00,0.00,NULL,NULL,66),(2617,'2018-11',2018,11,'2018-11-01','2018-11-30',0.00,0.00,0.00,NULL,NULL,67),(2618,'2018-11',2018,11,'2018-11-01','2018-11-30',0.00,0.00,0.00,NULL,NULL,68),(2619,'2018-11',2018,11,'2018-11-01','2018-11-30',0.00,0.00,0.00,NULL,NULL,69),(2620,'2018-11',2018,11,'2018-11-01','2018-11-30',0.00,0.00,0.00,NULL,NULL,70),(2621,'2018-11',2018,11,'2018-11-01','2018-11-30',0.00,0.00,0.00,NULL,NULL,71),(2622,'2018-11',2018,11,'2018-11-01','2018-11-30',0.00,0.00,0.00,NULL,NULL,72),(2623,'2018-11',2018,11,'2018-11-01','2018-11-30',0.00,0.00,0.00,NULL,NULL,73),(2624,'2018-11',2018,11,'2018-11-01','2018-11-30',0.00,0.00,0.00,NULL,NULL,74),(2625,'2018-11',2018,11,'2018-11-01','2018-11-30',0.00,0.00,0.00,NULL,NULL,75),(2626,'2018-11',2018,11,'2018-11-01','2018-11-30',0.00,0.00,0.00,NULL,NULL,76),(2627,'2018-11',2018,11,'2018-11-01','2018-11-30',0.00,0.00,0.00,NULL,NULL,77),(2628,'2018-11',2018,11,'2018-11-01','2018-11-30',0.00,0.00,0.00,NULL,NULL,78),(2629,'2018-11',2018,11,'2018-11-01','2018-11-30',0.00,0.00,0.00,NULL,NULL,79),(2630,'2018-11',2018,11,'2018-11-01','2018-11-30',0.00,0.00,0.00,NULL,NULL,80),(2631,'2018-11',2018,11,'2018-11-01','2018-11-30',0.00,0.00,0.00,NULL,NULL,81),(2632,'2018-11',2018,11,'2018-11-01','2018-11-30',0.00,0.00,0.00,NULL,NULL,82),(2633,'2018-11',2018,11,'2018-11-01','2018-11-30',0.00,0.00,0.00,NULL,NULL,83),(2634,'2018-11',2018,11,'2018-11-01','2018-11-30',0.00,0.00,0.00,NULL,NULL,84),(2635,'2018-11',2018,11,'2018-11-01','2018-11-30',0.00,0.00,0.00,NULL,NULL,85),(2636,'2018-11',2018,11,'2018-11-01','2018-11-30',0.00,0.00,0.00,NULL,NULL,86),(2637,'2018-11',2018,11,'2018-11-01','2018-11-30',0.00,0.00,0.00,NULL,NULL,87),(2638,'2018-11',2018,11,'2018-11-01','2018-11-30',0.00,0.00,0.00,NULL,NULL,88),(2639,'2018-11',2018,11,'2018-11-01','2018-11-30',0.00,0.00,0.00,NULL,NULL,89),(2640,'2018-11',2018,11,'2018-11-01','2018-11-30',0.00,0.00,0.00,NULL,NULL,90),(2641,'2018-11',2018,11,'2018-11-01','2018-11-30',0.00,0.00,0.00,NULL,NULL,91),(2642,'2018-11',2018,11,'2018-11-01','2018-11-30',0.00,0.00,0.00,NULL,NULL,92),(2643,'2018-11',2018,11,'2018-11-01','2018-11-30',0.00,0.00,0.00,NULL,NULL,93),(2644,'2018-11',2018,11,'2018-11-01','2018-11-30',0.00,0.00,0.00,NULL,NULL,94),(2645,'2018-11',2018,11,'2018-11-01','2018-11-30',0.00,0.00,0.00,NULL,NULL,95),(2646,'2018-11',2018,11,'2018-11-01','2018-11-30',0.00,0.00,0.00,NULL,NULL,96),(2647,'2018-11',2018,11,'2018-11-01','2018-11-30',0.00,0.00,0.00,NULL,NULL,97),(2648,'2018-11',2018,11,'2018-11-01','2018-11-30',0.00,0.00,0.00,NULL,NULL,98),(2649,'2018-11',2018,11,'2018-11-01','2018-11-30',0.00,0.00,0.00,NULL,NULL,99),(2650,'2018-11',2018,11,'2018-11-01','2018-11-30',0.00,0.00,0.00,NULL,NULL,100),(2651,'2018-11',2018,11,'2018-11-01','2018-11-30',0.00,0.00,0.00,NULL,NULL,101),(2652,'2018-11',2018,11,'2018-11-01','2018-11-30',0.00,0.00,0.00,NULL,NULL,102),(2653,'2018-11',2018,11,'2018-11-01','2018-11-30',0.00,0.00,0.00,NULL,NULL,103),(2654,'2018-11',2018,11,'2018-11-01','2018-11-30',0.00,0.00,0.00,NULL,NULL,104),(2655,'2018-11',2018,11,'2018-11-01','2018-11-30',0.00,0.00,0.00,NULL,NULL,105),(2656,'2018-11',2018,11,'2018-11-01','2018-11-30',0.00,0.00,0.00,NULL,NULL,106),(2657,'2018-11',2018,11,'2018-11-01','2018-11-30',0.00,0.00,0.00,NULL,NULL,107),(2658,'2018-11',2018,11,'2018-11-01','2018-11-30',0.00,0.00,0.00,NULL,NULL,108),(2659,'2018-11',2018,11,'2018-11-01','2018-11-30',0.00,0.00,0.00,NULL,NULL,109),(2660,'2018-11',2018,11,'2018-11-01','2018-11-30',0.00,0.00,0.00,NULL,NULL,110),(2661,'2018-11',2018,11,'2018-11-01','2018-11-30',0.00,0.00,0.00,NULL,NULL,111),(2662,'2018-11',2018,11,'2018-11-01','2018-11-30',0.00,0.00,0.00,NULL,NULL,112),(2663,'2018-11',2018,11,'2018-11-01','2018-11-30',0.00,0.00,0.00,NULL,NULL,113),(2664,'2018-11',2018,11,'2018-11-01','2018-11-30',0.00,0.00,0.00,NULL,NULL,114),(2665,'2018-11',2018,11,'2018-11-01','2018-11-30',0.00,0.00,0.00,NULL,NULL,115),(2666,'2018-11',2018,11,'2018-11-01','2018-11-30',0.00,0.00,0.00,NULL,NULL,116),(2667,'2018-11',2018,11,'2018-11-01','2018-11-30',0.00,0.00,0.00,NULL,NULL,117),(2668,'2018-11',2018,11,'2018-11-01','2018-11-30',0.00,0.00,0.00,NULL,NULL,118),(2669,'2018-11',2018,11,'2018-11-01','2018-11-30',0.00,0.00,0.00,NULL,NULL,119),(2670,'2018-11',2018,11,'2018-11-01','2018-11-30',0.00,0.00,0.00,NULL,NULL,120),(2671,'2018-11',2018,11,'2018-11-01','2018-11-30',0.00,0.00,0.00,NULL,NULL,121),(2672,'2018-11',2018,11,'2018-11-01','2018-11-30',0.00,0.00,0.00,NULL,NULL,122),(2673,'2018-11',2018,11,'2018-11-01','2018-11-30',0.00,0.00,0.00,NULL,NULL,123),(2674,'2018-11',2018,11,'2018-11-01','2018-11-30',0.00,0.00,0.00,NULL,NULL,124),(2675,'2018-11',2018,11,'2018-11-01','2018-11-30',0.00,0.00,0.00,NULL,NULL,125),(2676,'2018-11',2018,11,'2018-11-01','2018-11-30',0.00,0.00,0.00,NULL,NULL,126),(2677,'2018-11',2018,11,'2018-11-01','2018-11-30',0.00,0.00,0.00,NULL,NULL,127),(2678,'2018-11',2018,11,'2018-11-01','2018-11-30',0.00,0.00,0.00,NULL,NULL,128),(2679,'2018-11',2018,11,'2018-11-01','2018-11-30',0.00,0.00,0.00,NULL,NULL,129),(2680,'2018-11',2018,11,'2018-11-01','2018-11-30',0.00,0.00,0.00,NULL,NULL,130),(2681,'2018-11',2018,11,'2018-11-01','2018-11-30',0.00,0.00,0.00,NULL,NULL,131),(2682,'2018-11',2018,11,'2018-11-01','2018-11-30',0.00,0.00,0.00,NULL,NULL,132),(2683,'2018-11',2018,11,'2018-11-01','2018-11-30',0.00,0.00,0.00,NULL,NULL,133),(2684,'2018-11',2018,11,'2018-11-01','2018-11-30',0.00,0.00,0.00,NULL,NULL,134),(2685,'2018-11',2018,11,'2018-11-01','2018-11-30',0.00,0.00,0.00,NULL,NULL,135),(2686,'2018-11',2018,11,'2018-11-01','2018-11-30',0.00,0.00,0.00,NULL,NULL,136),(2687,'2018-11',2018,11,'2018-11-01','2018-11-30',0.00,0.00,0.00,NULL,NULL,137),(2688,'2018-11',2018,11,'2018-11-01','2018-11-30',0.00,0.00,0.00,NULL,NULL,138),(2689,'2018-11',2018,11,'2018-11-01','2018-11-30',0.00,0.00,0.00,NULL,NULL,139),(2690,'2018-11',2018,11,'2018-11-01','2018-11-30',0.00,0.00,0.00,NULL,NULL,140),(2691,'2018-11',2018,11,'2018-11-01','2018-11-30',0.00,0.00,0.00,NULL,NULL,141),(2692,'2018-11',2018,11,'2018-11-01','2018-11-30',0.00,0.00,0.00,NULL,NULL,142),(2693,'2018-11',2018,11,'2018-11-01','2018-11-30',0.00,0.00,0.00,NULL,NULL,143),(2694,'2018-11',2018,11,'2018-11-01','2018-11-30',0.00,0.00,0.00,NULL,NULL,144),(2695,'2018-11',2018,11,'2018-11-01','2018-11-30',0.00,0.00,0.00,NULL,NULL,145),(2696,'2018-11',2018,11,'2018-11-01','2018-11-30',0.00,0.00,0.00,NULL,NULL,146),(2697,'2018-11',2018,11,'2018-11-01','2018-11-30',0.00,0.00,0.00,NULL,NULL,147),(2698,'2018-11',2018,11,'2018-11-01','2018-11-30',0.00,0.00,0.00,NULL,NULL,148),(2699,'2018-11',2018,11,'2018-11-01','2018-11-30',0.00,0.00,0.00,NULL,NULL,149),(2700,'2018-11',2018,11,'2018-11-01','2018-11-30',0.00,0.00,0.00,NULL,NULL,150),(2701,'2018-11',2018,11,'2018-11-01','2018-11-30',0.00,0.00,0.00,NULL,NULL,151),(2702,'2018-11',2018,11,'2018-11-01','2018-11-30',0.00,0.00,0.00,NULL,NULL,152),(2703,'2018-11',2018,11,'2018-11-01','2018-11-30',0.00,0.00,0.00,NULL,NULL,153),(2704,'2018-11',2018,11,'2018-11-01','2018-11-30',0.00,0.00,0.00,NULL,NULL,154),(2705,'2018-11',2018,11,'2018-11-01','2018-11-30',0.00,0.00,0.00,NULL,NULL,155),(2706,'2018-11',2018,11,'2018-11-01','2018-11-30',0.00,0.00,0.00,NULL,NULL,156),(2707,'2018-11',2018,11,'2018-11-01','2018-11-30',0.00,0.00,0.00,NULL,NULL,157),(2708,'2018-11',2018,11,'2018-11-01','2018-11-30',0.00,0.00,0.00,NULL,NULL,158),(2709,'2018-11',2018,11,'2018-11-01','2018-11-30',0.00,0.00,0.00,NULL,NULL,159),(2710,'2018-11',2018,11,'2018-11-01','2018-11-30',0.00,0.00,0.00,NULL,NULL,160),(2711,'2018-11',2018,11,'2018-11-01','2018-11-30',0.00,0.00,0.00,NULL,NULL,161),(2712,'2018-11',2018,11,'2018-11-01','2018-11-30',0.00,0.00,0.00,NULL,NULL,162),(2713,'2018-11',2018,11,'2018-11-01','2018-11-30',0.00,0.00,0.00,NULL,NULL,163),(2714,'2018-11',2018,11,'2018-11-01','2018-11-30',0.00,0.00,0.00,NULL,NULL,164),(2715,'2018-11',2018,11,'2018-11-01','2018-11-30',0.00,0.00,0.00,NULL,NULL,165),(2716,'2018-11',2018,11,'2018-11-01','2018-11-30',0.00,0.00,0.00,NULL,NULL,166),(2717,'2018-11',2018,11,'2018-11-01','2018-11-30',0.00,0.00,0.00,NULL,NULL,167),(2718,'2018-11',2018,11,'2018-11-01','2018-11-30',0.00,0.00,0.00,NULL,NULL,168),(2719,'2018-11',2018,11,'2018-11-01','2018-11-30',0.00,0.00,0.00,NULL,NULL,169),(2720,'2018-11',2018,11,'2018-11-01','2018-11-30',0.00,0.00,0.00,NULL,NULL,170),(2721,'2018-11',2018,11,'2018-11-01','2018-11-30',0.00,0.00,0.00,NULL,NULL,171),(2722,'2018-11',2018,11,'2018-11-01','2018-11-30',0.00,0.00,0.00,NULL,NULL,172),(2723,'2018-11',2018,11,'2018-11-01','2018-11-30',0.00,0.00,0.00,NULL,NULL,173),(2724,'2018-11',2018,11,'2018-11-01','2018-11-30',0.00,0.00,0.00,NULL,NULL,174),(2725,'2018-11',2018,11,'2018-11-01','2018-11-30',0.00,0.00,0.00,NULL,NULL,175),(2726,'2018-11',2018,11,'2018-11-01','2018-11-30',0.00,0.00,0.00,NULL,NULL,176),(2727,'2018-11',2018,11,'2018-11-01','2018-11-30',0.00,0.00,0.00,NULL,NULL,177),(2728,'2018-11',2018,11,'2018-11-01','2018-11-30',0.00,0.00,0.00,NULL,NULL,178),(2729,'2018-11',2018,11,'2018-11-01','2018-11-30',0.00,0.00,0.00,NULL,NULL,179),(2730,'2018-11',2018,11,'2018-11-01','2018-11-30',0.00,0.00,0.00,NULL,NULL,180),(2731,'2018-11',2018,11,'2018-11-01','2018-11-30',0.00,0.00,0.00,NULL,NULL,181),(2732,'2018-11',2018,11,'2018-11-01','2018-11-30',0.00,0.00,0.00,NULL,NULL,182),(2733,'2018-11',2018,11,'2018-11-01','2018-11-30',0.00,0.00,0.00,NULL,NULL,183),(2734,'2018-11',2018,11,'2018-11-01','2018-11-30',0.00,0.00,0.00,NULL,NULL,184),(2735,'2018-11',2018,11,'2018-11-01','2018-11-30',0.00,0.00,0.00,NULL,NULL,185),(2736,'2018-11',2018,11,'2018-11-01','2018-11-30',0.00,0.00,0.00,NULL,NULL,186),(2737,'2018-11',2018,11,'2018-11-01','2018-11-30',0.00,0.00,0.00,NULL,NULL,187),(2738,'2018-11',2018,11,'2018-11-01','2018-11-30',0.00,0.00,0.00,NULL,NULL,188),(2739,'2018-11',2018,11,'2018-11-01','2018-11-30',0.00,0.00,0.00,NULL,NULL,189),(2740,'2018-11',2018,11,'2018-11-01','2018-11-30',0.00,0.00,0.00,NULL,NULL,190),(2741,'2018-11',2018,11,'2018-11-01','2018-11-30',0.00,0.00,0.00,NULL,NULL,191),(2742,'2018-11',2018,11,'2018-11-01','2018-11-30',0.00,0.00,0.00,NULL,NULL,192),(2743,'2018-11',2018,11,'2018-11-01','2018-11-30',0.00,0.00,0.00,NULL,NULL,193),(2744,'2018-11',2018,11,'2018-11-01','2018-11-30',0.00,0.00,0.00,NULL,NULL,194),(2745,'2018-11',2018,11,'2018-11-01','2018-11-30',0.00,0.00,0.00,NULL,NULL,195),(2746,'2018-11',2018,11,'2018-11-01','2018-11-30',0.00,0.00,0.00,NULL,NULL,196),(2747,'2018-11',2018,11,'2018-11-01','2018-11-30',0.00,0.00,0.00,NULL,NULL,197),(2748,'2018-11',2018,11,'2018-11-01','2018-11-30',0.00,0.00,0.00,NULL,NULL,198),(2749,'2018-11',2018,11,'2018-11-01','2018-11-30',0.00,0.00,0.00,NULL,NULL,199),(2750,'2018-11',2018,11,'2018-11-01','2018-11-30',0.00,0.00,0.00,NULL,NULL,200),(2806,'2018-12',2018,12,'2018-12-01','2018-12-31',0.00,0.00,0.00,NULL,NULL,1),(2807,'2018-12',2018,12,'2018-12-01','2018-12-31',0.00,0.00,0.00,NULL,NULL,2),(2808,'2018-12',2018,12,'2018-12-01','2018-12-31',0.00,0.00,0.00,NULL,NULL,3),(2809,'2018-12',2018,12,'2018-12-01','2018-12-31',0.00,0.00,0.00,NULL,NULL,4),(2810,'2018-12',2018,12,'2018-12-01','2018-12-31',0.00,0.00,0.00,NULL,NULL,5),(2811,'2018-12',2018,12,'2018-12-01','2018-12-31',0.00,0.00,0.00,NULL,NULL,6),(2812,'2018-12',2018,12,'2018-12-01','2018-12-31',0.00,0.00,0.00,NULL,NULL,7),(2813,'2018-12',2018,12,'2018-12-01','2018-12-31',0.00,0.00,0.00,NULL,NULL,8),(2814,'2018-12',2018,12,'2018-12-01','2018-12-31',0.00,0.00,0.00,NULL,NULL,9),(2815,'2018-12',2018,12,'2018-12-01','2018-12-31',0.00,0.00,0.00,NULL,NULL,10),(2816,'2018-12',2018,12,'2018-12-01','2018-12-31',0.00,0.00,0.00,NULL,NULL,11),(2817,'2018-12',2018,12,'2018-12-01','2018-12-31',0.00,0.00,0.00,NULL,NULL,12),(2818,'2018-12',2018,12,'2018-12-01','2018-12-31',0.00,0.00,0.00,NULL,NULL,13),(2819,'2018-12',2018,12,'2018-12-01','2018-12-31',0.00,0.00,0.00,NULL,NULL,14),(2820,'2018-12',2018,12,'2018-12-01','2018-12-31',0.00,0.00,0.00,NULL,NULL,15),(2821,'2018-12',2018,12,'2018-12-01','2018-12-31',0.00,0.00,0.00,NULL,NULL,16),(2822,'2018-12',2018,12,'2018-12-01','2018-12-31',0.00,0.00,0.00,NULL,NULL,17),(2823,'2018-12',2018,12,'2018-12-01','2018-12-31',0.00,0.00,0.00,NULL,NULL,18),(2824,'2018-12',2018,12,'2018-12-01','2018-12-31',0.00,0.00,0.00,NULL,NULL,19),(2825,'2018-12',2018,12,'2018-12-01','2018-12-31',0.00,0.00,0.00,NULL,NULL,20),(2826,'2018-12',2018,12,'2018-12-01','2018-12-31',0.00,0.00,0.00,NULL,NULL,21),(2827,'2018-12',2018,12,'2018-12-01','2018-12-31',0.00,0.00,0.00,NULL,NULL,22),(2828,'2018-12',2018,12,'2018-12-01','2018-12-31',0.00,0.00,0.00,NULL,NULL,23),(2829,'2018-12',2018,12,'2018-12-01','2018-12-31',0.00,0.00,0.00,NULL,NULL,24),(2830,'2018-12',2018,12,'2018-12-01','2018-12-31',0.00,0.00,0.00,NULL,NULL,25),(2831,'2018-12',2018,12,'2018-12-01','2018-12-31',0.00,0.00,0.00,NULL,NULL,26),(2832,'2018-12',2018,12,'2018-12-01','2018-12-31',0.00,0.00,0.00,NULL,NULL,27),(2833,'2018-12',2018,12,'2018-12-01','2018-12-31',0.00,0.00,0.00,NULL,NULL,28),(2834,'2018-12',2018,12,'2018-12-01','2018-12-31',0.00,0.00,0.00,NULL,NULL,29),(2835,'2018-12',2018,12,'2018-12-01','2018-12-31',0.00,0.00,0.00,NULL,NULL,30),(2836,'2018-12',2018,12,'2018-12-01','2018-12-31',0.00,0.00,0.00,NULL,NULL,31),(2837,'2018-12',2018,12,'2018-12-01','2018-12-31',0.00,0.00,0.00,NULL,NULL,32),(2838,'2018-12',2018,12,'2018-12-01','2018-12-31',0.00,0.00,0.00,NULL,NULL,33),(2839,'2018-12',2018,12,'2018-12-01','2018-12-31',0.00,0.00,0.00,NULL,NULL,34),(2840,'2018-12',2018,12,'2018-12-01','2018-12-31',0.00,0.00,0.00,NULL,NULL,35),(2841,'2018-12',2018,12,'2018-12-01','2018-12-31',0.00,0.00,0.00,NULL,NULL,36),(2842,'2018-12',2018,12,'2018-12-01','2018-12-31',0.00,0.00,0.00,NULL,NULL,37),(2843,'2018-12',2018,12,'2018-12-01','2018-12-31',0.00,0.00,0.00,NULL,NULL,38),(2844,'2018-12',2018,12,'2018-12-01','2018-12-31',0.00,0.00,0.00,NULL,NULL,39),(2845,'2018-12',2018,12,'2018-12-01','2018-12-31',0.00,0.00,0.00,NULL,NULL,40),(2846,'2018-12',2018,12,'2018-12-01','2018-12-31',0.00,0.00,0.00,NULL,NULL,41),(2847,'2018-12',2018,12,'2018-12-01','2018-12-31',0.00,0.00,0.00,NULL,NULL,42),(2848,'2018-12',2018,12,'2018-12-01','2018-12-31',0.00,0.00,0.00,NULL,NULL,43),(2849,'2018-12',2018,12,'2018-12-01','2018-12-31',0.00,0.00,0.00,NULL,NULL,44),(2850,'2018-12',2018,12,'2018-12-01','2018-12-31',0.00,0.00,0.00,NULL,NULL,45),(2851,'2018-12',2018,12,'2018-12-01','2018-12-31',0.00,0.00,0.00,NULL,NULL,46),(2852,'2018-12',2018,12,'2018-12-01','2018-12-31',0.00,0.00,0.00,NULL,NULL,47),(2853,'2018-12',2018,12,'2018-12-01','2018-12-31',0.00,0.00,0.00,NULL,NULL,48),(2854,'2018-12',2018,12,'2018-12-01','2018-12-31',0.00,0.00,0.00,NULL,NULL,49),(2855,'2018-12',2018,12,'2018-12-01','2018-12-31',0.00,0.00,0.00,NULL,NULL,50),(2856,'2018-12',2018,12,'2018-12-01','2018-12-31',0.00,0.00,0.00,NULL,NULL,51),(2857,'2018-12',2018,12,'2018-12-01','2018-12-31',0.00,0.00,0.00,NULL,NULL,52),(2858,'2018-12',2018,12,'2018-12-01','2018-12-31',0.00,0.00,0.00,NULL,NULL,53),(2859,'2018-12',2018,12,'2018-12-01','2018-12-31',0.00,0.00,0.00,NULL,NULL,54),(2860,'2018-12',2018,12,'2018-12-01','2018-12-31',0.00,0.00,0.00,NULL,NULL,55),(2861,'2018-12',2018,12,'2018-12-01','2018-12-31',0.00,0.00,0.00,NULL,NULL,56),(2862,'2018-12',2018,12,'2018-12-01','2018-12-31',0.00,0.00,0.00,NULL,NULL,57),(2863,'2018-12',2018,12,'2018-12-01','2018-12-31',0.00,0.00,0.00,NULL,NULL,58),(2864,'2018-12',2018,12,'2018-12-01','2018-12-31',0.00,0.00,0.00,NULL,NULL,59),(2865,'2018-12',2018,12,'2018-12-01','2018-12-31',0.00,0.00,0.00,NULL,NULL,60),(2866,'2018-12',2018,12,'2018-12-01','2018-12-31',0.00,0.00,0.00,NULL,NULL,61),(2867,'2018-12',2018,12,'2018-12-01','2018-12-31',0.00,0.00,0.00,NULL,NULL,62),(2868,'2018-12',2018,12,'2018-12-01','2018-12-31',0.00,0.00,0.00,NULL,NULL,63),(2869,'2018-12',2018,12,'2018-12-01','2018-12-31',0.00,0.00,0.00,NULL,NULL,64),(2870,'2018-12',2018,12,'2018-12-01','2018-12-31',0.00,0.00,0.00,NULL,NULL,65),(2871,'2018-12',2018,12,'2018-12-01','2018-12-31',0.00,0.00,0.00,NULL,NULL,66),(2872,'2018-12',2018,12,'2018-12-01','2018-12-31',0.00,0.00,0.00,NULL,NULL,67),(2873,'2018-12',2018,12,'2018-12-01','2018-12-31',0.00,0.00,0.00,NULL,NULL,68),(2874,'2018-12',2018,12,'2018-12-01','2018-12-31',0.00,0.00,0.00,NULL,NULL,69),(2875,'2018-12',2018,12,'2018-12-01','2018-12-31',0.00,0.00,0.00,NULL,NULL,70),(2876,'2018-12',2018,12,'2018-12-01','2018-12-31',0.00,0.00,0.00,NULL,NULL,71),(2877,'2018-12',2018,12,'2018-12-01','2018-12-31',0.00,0.00,0.00,NULL,NULL,72),(2878,'2018-12',2018,12,'2018-12-01','2018-12-31',0.00,0.00,0.00,NULL,NULL,73),(2879,'2018-12',2018,12,'2018-12-01','2018-12-31',0.00,0.00,0.00,NULL,NULL,74),(2880,'2018-12',2018,12,'2018-12-01','2018-12-31',0.00,0.00,0.00,NULL,NULL,75),(2881,'2018-12',2018,12,'2018-12-01','2018-12-31',0.00,0.00,0.00,NULL,NULL,76),(2882,'2018-12',2018,12,'2018-12-01','2018-12-31',0.00,0.00,0.00,NULL,NULL,77),(2883,'2018-12',2018,12,'2018-12-01','2018-12-31',0.00,0.00,0.00,NULL,NULL,78),(2884,'2018-12',2018,12,'2018-12-01','2018-12-31',0.00,0.00,0.00,NULL,NULL,79),(2885,'2018-12',2018,12,'2018-12-01','2018-12-31',0.00,0.00,0.00,NULL,NULL,80),(2886,'2018-12',2018,12,'2018-12-01','2018-12-31',0.00,0.00,0.00,NULL,NULL,81),(2887,'2018-12',2018,12,'2018-12-01','2018-12-31',0.00,0.00,0.00,NULL,NULL,82),(2888,'2018-12',2018,12,'2018-12-01','2018-12-31',0.00,0.00,0.00,NULL,NULL,83),(2889,'2018-12',2018,12,'2018-12-01','2018-12-31',0.00,0.00,0.00,NULL,NULL,84),(2890,'2018-12',2018,12,'2018-12-01','2018-12-31',0.00,0.00,0.00,NULL,NULL,85),(2891,'2018-12',2018,12,'2018-12-01','2018-12-31',0.00,0.00,0.00,NULL,NULL,86),(2892,'2018-12',2018,12,'2018-12-01','2018-12-31',0.00,0.00,0.00,NULL,NULL,87),(2893,'2018-12',2018,12,'2018-12-01','2018-12-31',0.00,0.00,0.00,NULL,NULL,88),(2894,'2018-12',2018,12,'2018-12-01','2018-12-31',0.00,0.00,0.00,NULL,NULL,89),(2895,'2018-12',2018,12,'2018-12-01','2018-12-31',0.00,0.00,0.00,NULL,NULL,90),(2896,'2018-12',2018,12,'2018-12-01','2018-12-31',0.00,0.00,0.00,NULL,NULL,91),(2897,'2018-12',2018,12,'2018-12-01','2018-12-31',0.00,0.00,0.00,NULL,NULL,92),(2898,'2018-12',2018,12,'2018-12-01','2018-12-31',0.00,0.00,0.00,NULL,NULL,93),(2899,'2018-12',2018,12,'2018-12-01','2018-12-31',0.00,0.00,0.00,NULL,NULL,94),(2900,'2018-12',2018,12,'2018-12-01','2018-12-31',0.00,0.00,0.00,NULL,NULL,95),(2901,'2018-12',2018,12,'2018-12-01','2018-12-31',0.00,0.00,0.00,NULL,NULL,96),(2902,'2018-12',2018,12,'2018-12-01','2018-12-31',0.00,0.00,0.00,NULL,NULL,97),(2903,'2018-12',2018,12,'2018-12-01','2018-12-31',0.00,0.00,0.00,NULL,NULL,98),(2904,'2018-12',2018,12,'2018-12-01','2018-12-31',0.00,0.00,0.00,NULL,NULL,99),(2905,'2018-12',2018,12,'2018-12-01','2018-12-31',0.00,0.00,0.00,NULL,NULL,100),(2906,'2018-12',2018,12,'2018-12-01','2018-12-31',0.00,0.00,0.00,NULL,NULL,101),(2907,'2018-12',2018,12,'2018-12-01','2018-12-31',0.00,0.00,0.00,NULL,NULL,102),(2908,'2018-12',2018,12,'2018-12-01','2018-12-31',0.00,0.00,0.00,NULL,NULL,103),(2909,'2018-12',2018,12,'2018-12-01','2018-12-31',0.00,0.00,0.00,NULL,NULL,104),(2910,'2018-12',2018,12,'2018-12-01','2018-12-31',0.00,0.00,0.00,NULL,NULL,105),(2911,'2018-12',2018,12,'2018-12-01','2018-12-31',0.00,0.00,0.00,NULL,NULL,106),(2912,'2018-12',2018,12,'2018-12-01','2018-12-31',0.00,0.00,0.00,NULL,NULL,107),(2913,'2018-12',2018,12,'2018-12-01','2018-12-31',0.00,0.00,0.00,NULL,NULL,108),(2914,'2018-12',2018,12,'2018-12-01','2018-12-31',0.00,0.00,0.00,NULL,NULL,109),(2915,'2018-12',2018,12,'2018-12-01','2018-12-31',0.00,0.00,0.00,NULL,NULL,110),(2916,'2018-12',2018,12,'2018-12-01','2018-12-31',0.00,0.00,0.00,NULL,NULL,111),(2917,'2018-12',2018,12,'2018-12-01','2018-12-31',0.00,0.00,0.00,NULL,NULL,112),(2918,'2018-12',2018,12,'2018-12-01','2018-12-31',0.00,0.00,0.00,NULL,NULL,113),(2919,'2018-12',2018,12,'2018-12-01','2018-12-31',0.00,0.00,0.00,NULL,NULL,114),(2920,'2018-12',2018,12,'2018-12-01','2018-12-31',0.00,0.00,0.00,NULL,NULL,115),(2921,'2018-12',2018,12,'2018-12-01','2018-12-31',0.00,0.00,0.00,NULL,NULL,116),(2922,'2018-12',2018,12,'2018-12-01','2018-12-31',0.00,0.00,0.00,NULL,NULL,117),(2923,'2018-12',2018,12,'2018-12-01','2018-12-31',0.00,0.00,0.00,NULL,NULL,118),(2924,'2018-12',2018,12,'2018-12-01','2018-12-31',0.00,0.00,0.00,NULL,NULL,119),(2925,'2018-12',2018,12,'2018-12-01','2018-12-31',0.00,0.00,0.00,NULL,NULL,120),(2926,'2018-12',2018,12,'2018-12-01','2018-12-31',0.00,0.00,0.00,NULL,NULL,121),(2927,'2018-12',2018,12,'2018-12-01','2018-12-31',0.00,0.00,0.00,NULL,NULL,122),(2928,'2018-12',2018,12,'2018-12-01','2018-12-31',0.00,0.00,0.00,NULL,NULL,123),(2929,'2018-12',2018,12,'2018-12-01','2018-12-31',0.00,0.00,0.00,NULL,NULL,124),(2930,'2018-12',2018,12,'2018-12-01','2018-12-31',0.00,0.00,0.00,NULL,NULL,125),(2931,'2018-12',2018,12,'2018-12-01','2018-12-31',0.00,0.00,0.00,NULL,NULL,126),(2932,'2018-12',2018,12,'2018-12-01','2018-12-31',0.00,0.00,0.00,NULL,NULL,127),(2933,'2018-12',2018,12,'2018-12-01','2018-12-31',0.00,0.00,0.00,NULL,NULL,128),(2934,'2018-12',2018,12,'2018-12-01','2018-12-31',0.00,0.00,0.00,NULL,NULL,129),(2935,'2018-12',2018,12,'2018-12-01','2018-12-31',0.00,0.00,0.00,NULL,NULL,130),(2936,'2018-12',2018,12,'2018-12-01','2018-12-31',0.00,0.00,0.00,NULL,NULL,131),(2937,'2018-12',2018,12,'2018-12-01','2018-12-31',0.00,0.00,0.00,NULL,NULL,132),(2938,'2018-12',2018,12,'2018-12-01','2018-12-31',0.00,0.00,0.00,NULL,NULL,133),(2939,'2018-12',2018,12,'2018-12-01','2018-12-31',0.00,0.00,0.00,NULL,NULL,134),(2940,'2018-12',2018,12,'2018-12-01','2018-12-31',0.00,0.00,0.00,NULL,NULL,135),(2941,'2018-12',2018,12,'2018-12-01','2018-12-31',0.00,0.00,0.00,NULL,NULL,136),(2942,'2018-12',2018,12,'2018-12-01','2018-12-31',0.00,0.00,0.00,NULL,NULL,137),(2943,'2018-12',2018,12,'2018-12-01','2018-12-31',0.00,0.00,0.00,NULL,NULL,138),(2944,'2018-12',2018,12,'2018-12-01','2018-12-31',0.00,0.00,0.00,NULL,NULL,139),(2945,'2018-12',2018,12,'2018-12-01','2018-12-31',0.00,0.00,0.00,NULL,NULL,140),(2946,'2018-12',2018,12,'2018-12-01','2018-12-31',0.00,0.00,0.00,NULL,NULL,141),(2947,'2018-12',2018,12,'2018-12-01','2018-12-31',0.00,0.00,0.00,NULL,NULL,142),(2948,'2018-12',2018,12,'2018-12-01','2018-12-31',0.00,0.00,0.00,NULL,NULL,143),(2949,'2018-12',2018,12,'2018-12-01','2018-12-31',0.00,0.00,0.00,NULL,NULL,144),(2950,'2018-12',2018,12,'2018-12-01','2018-12-31',0.00,0.00,0.00,NULL,NULL,145),(2951,'2018-12',2018,12,'2018-12-01','2018-12-31',0.00,0.00,0.00,NULL,NULL,146),(2952,'2018-12',2018,12,'2018-12-01','2018-12-31',0.00,0.00,0.00,NULL,NULL,147),(2953,'2018-12',2018,12,'2018-12-01','2018-12-31',0.00,0.00,0.00,NULL,NULL,148),(2954,'2018-12',2018,12,'2018-12-01','2018-12-31',0.00,0.00,0.00,NULL,NULL,149),(2955,'2018-12',2018,12,'2018-12-01','2018-12-31',0.00,0.00,0.00,NULL,NULL,150),(2956,'2018-12',2018,12,'2018-12-01','2018-12-31',0.00,0.00,0.00,NULL,NULL,151),(2957,'2018-12',2018,12,'2018-12-01','2018-12-31',0.00,0.00,0.00,NULL,NULL,152),(2958,'2018-12',2018,12,'2018-12-01','2018-12-31',0.00,0.00,0.00,NULL,NULL,153),(2959,'2018-12',2018,12,'2018-12-01','2018-12-31',0.00,0.00,0.00,NULL,NULL,154),(2960,'2018-12',2018,12,'2018-12-01','2018-12-31',0.00,0.00,0.00,NULL,NULL,155),(2961,'2018-12',2018,12,'2018-12-01','2018-12-31',0.00,0.00,0.00,NULL,NULL,156),(2962,'2018-12',2018,12,'2018-12-01','2018-12-31',0.00,0.00,0.00,NULL,NULL,157),(2963,'2018-12',2018,12,'2018-12-01','2018-12-31',0.00,0.00,0.00,NULL,NULL,158),(2964,'2018-12',2018,12,'2018-12-01','2018-12-31',0.00,0.00,0.00,NULL,NULL,159),(2965,'2018-12',2018,12,'2018-12-01','2018-12-31',0.00,0.00,0.00,NULL,NULL,160),(2966,'2018-12',2018,12,'2018-12-01','2018-12-31',0.00,0.00,0.00,NULL,NULL,161),(2967,'2018-12',2018,12,'2018-12-01','2018-12-31',0.00,0.00,0.00,NULL,NULL,162),(2968,'2018-12',2018,12,'2018-12-01','2018-12-31',0.00,0.00,0.00,NULL,NULL,163),(2969,'2018-12',2018,12,'2018-12-01','2018-12-31',0.00,0.00,0.00,NULL,NULL,164),(2970,'2018-12',2018,12,'2018-12-01','2018-12-31',0.00,0.00,0.00,NULL,NULL,165),(2971,'2018-12',2018,12,'2018-12-01','2018-12-31',0.00,0.00,0.00,NULL,NULL,166),(2972,'2018-12',2018,12,'2018-12-01','2018-12-31',0.00,0.00,0.00,NULL,NULL,167),(2973,'2018-12',2018,12,'2018-12-01','2018-12-31',0.00,0.00,0.00,NULL,NULL,168),(2974,'2018-12',2018,12,'2018-12-01','2018-12-31',0.00,0.00,0.00,NULL,NULL,169),(2975,'2018-12',2018,12,'2018-12-01','2018-12-31',0.00,0.00,0.00,NULL,NULL,170),(2976,'2018-12',2018,12,'2018-12-01','2018-12-31',0.00,0.00,0.00,NULL,NULL,171),(2977,'2018-12',2018,12,'2018-12-01','2018-12-31',0.00,0.00,0.00,NULL,NULL,172),(2978,'2018-12',2018,12,'2018-12-01','2018-12-31',0.00,0.00,0.00,NULL,NULL,173),(2979,'2018-12',2018,12,'2018-12-01','2018-12-31',0.00,0.00,0.00,NULL,NULL,174),(2980,'2018-12',2018,12,'2018-12-01','2018-12-31',0.00,0.00,0.00,NULL,NULL,175),(2981,'2018-12',2018,12,'2018-12-01','2018-12-31',0.00,0.00,0.00,NULL,NULL,176),(2982,'2018-12',2018,12,'2018-12-01','2018-12-31',0.00,0.00,0.00,NULL,NULL,177),(2983,'2018-12',2018,12,'2018-12-01','2018-12-31',0.00,0.00,0.00,NULL,NULL,178),(2984,'2018-12',2018,12,'2018-12-01','2018-12-31',0.00,0.00,0.00,NULL,NULL,179),(2985,'2018-12',2018,12,'2018-12-01','2018-12-31',0.00,0.00,0.00,NULL,NULL,180),(2986,'2018-12',2018,12,'2018-12-01','2018-12-31',0.00,0.00,0.00,NULL,NULL,181),(2987,'2018-12',2018,12,'2018-12-01','2018-12-31',0.00,0.00,0.00,NULL,NULL,182),(2988,'2018-12',2018,12,'2018-12-01','2018-12-31',0.00,0.00,0.00,NULL,NULL,183),(2989,'2018-12',2018,12,'2018-12-01','2018-12-31',0.00,0.00,0.00,NULL,NULL,184),(2990,'2018-12',2018,12,'2018-12-01','2018-12-31',0.00,0.00,0.00,NULL,NULL,185),(2991,'2018-12',2018,12,'2018-12-01','2018-12-31',0.00,0.00,0.00,NULL,NULL,186),(2992,'2018-12',2018,12,'2018-12-01','2018-12-31',0.00,0.00,0.00,NULL,NULL,187),(2993,'2018-12',2018,12,'2018-12-01','2018-12-31',0.00,0.00,0.00,NULL,NULL,188),(2994,'2018-12',2018,12,'2018-12-01','2018-12-31',0.00,0.00,0.00,NULL,NULL,189),(2995,'2018-12',2018,12,'2018-12-01','2018-12-31',0.00,0.00,0.00,NULL,NULL,190),(2996,'2018-12',2018,12,'2018-12-01','2018-12-31',0.00,0.00,0.00,NULL,NULL,191),(2997,'2018-12',2018,12,'2018-12-01','2018-12-31',0.00,0.00,0.00,NULL,NULL,192),(2998,'2018-12',2018,12,'2018-12-01','2018-12-31',0.00,0.00,0.00,NULL,NULL,193),(2999,'2018-12',2018,12,'2018-12-01','2018-12-31',0.00,0.00,0.00,NULL,NULL,194),(3000,'2018-12',2018,12,'2018-12-01','2018-12-31',0.00,0.00,0.00,NULL,NULL,195),(3001,'2018-12',2018,12,'2018-12-01','2018-12-31',0.00,0.00,0.00,NULL,NULL,196),(3002,'2018-12',2018,12,'2018-12-01','2018-12-31',0.00,0.00,0.00,NULL,NULL,197),(3003,'2018-12',2018,12,'2018-12-01','2018-12-31',0.00,0.00,0.00,NULL,NULL,198),(3004,'2018-12',2018,12,'2018-12-01','2018-12-31',0.00,0.00,0.00,NULL,NULL,199),(3005,'2018-12',2018,12,'2018-12-01','2018-12-31',0.00,0.00,0.00,NULL,NULL,200);
/*!40000 ALTER TABLE `periods` ENABLE KEYS */;
UNLOCK TABLES;

--
-- Table structure for table `persons`
--

DROP TABLE IF EXISTS `persons`;
/*!40101 SET @saved_cs_client     = @@character_set_client */;
/*!40101 SET character_set_client = utf8 */;
CREATE TABLE `persons` (
  `id` int(10) unsigned NOT NULL AUTO_INCREMENT,
  `field_name1` varchar(255) COLLATE utf8mb4_unicode_ci NOT NULL,
  `field_name2` varchar(255) COLLATE utf8mb4_unicode_ci DEFAULT NULL,
  `document_type` varchar(10) COLLATE utf8mb4_unicode_ci NOT NULL,
  `document` varchar(30) COLLATE utf8mb4_unicode_ci NOT NULL,
  `country_id` int(10) unsigned DEFAULT NULL,
  `state_id` int(10) unsigned DEFAULT NULL,
  `zone_id` int(10) unsigned DEFAULT NULL,
  `created_at` timestamp NULL DEFAULT NULL,
  `updated_at` timestamp NULL DEFAULT NULL,
  PRIMARY KEY (`id`),
  KEY `persons_zone_id_foreign` (`zone_id`),
  CONSTRAINT `persons_zone_id_foreign` FOREIGN KEY (`zone_id`) REFERENCES `zones` (`id`)
) ENGINE=InnoDB AUTO_INCREMENT=201 DEFAULT CHARSET=utf8mb4 COLLATE=utf8mb4_unicode_ci;
/*!40101 SET character_set_client = @saved_cs_client */;

--
-- Dumping data for table `persons`
--

LOCK TABLES `persons` WRITE;
/*!40000 ALTER TABLE `persons` DISABLE KEYS */;
INSERT INTO `persons` VALUES (1,'Alexie Ankunding','Prof. Gracie Bogan V','cuil','24262',91,391,NULL,'2017-12-30 05:27:54','2017-12-30 05:27:54'),(2,'Tillman Marquardt','Verna Kunde','cuit','98576818',210,263,NULL,'2017-12-30 05:27:54','2017-12-30 05:27:54'),(3,'Mr. Stevie Hammes','Mrs. Lorena Kuhic','cuil','730880',29,1427,NULL,'2017-12-30 05:27:54','2017-12-30 05:27:54'),(4,'Salvatore Hauck IV','Ms. Nadia Ortiz III','cuil','13920',157,628,NULL,'2017-12-30 05:27:54','2017-12-30 05:27:54'),(5,'Georgianna Satterfield','Hailey Hettinger','cuil','46',242,1367,NULL,'2017-12-30 05:27:54','2017-12-30 05:27:54'),(6,'Claude Kunde','Mia Quigley','cuil','35221',49,2023,NULL,'2017-12-30 05:27:54','2017-12-30 05:27:54'),(7,'Dillan DuBuque DDS','Eudora Homenick MD','cuil','58',68,277,NULL,'2017-12-30 05:27:54','2017-12-30 05:27:54'),(8,'Ms. Dana Stiedemann II','Jana Moen','cuit','982',98,957,NULL,'2017-12-30 05:27:54','2017-12-30 05:27:54'),(9,'Cade Jacobs MD','Melyna Fritsch','cuil','4498',115,61,NULL,'2017-12-30 05:27:54','2017-12-30 05:27:54'),(10,'Dr. Donna Sporer','Prof. Antonio Lesch','cuit','949106',33,2053,NULL,'2017-12-30 05:27:54','2017-12-30 05:27:54'),(11,'Jules Huels','Kathryne Larson Jr.','cuit','92',45,2158,NULL,'2017-12-30 05:27:54','2017-12-30 05:27:54'),(12,'Miss Trycia Flatley','Ms. Rozella Stamm MD','cuil','30723969',5,2015,NULL,'2017-12-30 05:27:54','2017-12-30 05:27:54'),(13,'Bernardo Koch','Francis Gaylord','cuil','6',107,478,NULL,'2017-12-30 05:27:55','2017-12-30 05:27:55'),(14,'Thea Beatty','Dr. Kiera Cassin','cuil','2134830',15,2046,NULL,'2017-12-30 05:27:55','2017-12-30 05:27:55'),(15,'Madison Koch','Dr. Annetta Hammes','cuit','7571314',178,1301,NULL,'2017-12-30 05:27:55','2017-12-30 05:27:55'),(16,'Agustin Smith','Hiram Smitham','cuit','448048',80,1901,NULL,'2017-12-30 05:27:55','2017-12-30 05:27:55'),(17,'Miss Shany Kuphal II','Roslyn Howe','cuit','59763',176,97,NULL,'2017-12-30 05:27:55','2017-12-30 05:27:55'),(18,'Mr. Adan Eichmann','Max Senger','cuil','75',107,1873,NULL,'2017-12-30 05:27:55','2017-12-30 05:27:55'),(19,'Xzavier Beier II','Ms. Rubie Connelly','cuil','6954',30,965,NULL,'2017-12-30 05:27:55','2017-12-30 05:27:55'),(20,'Ms. Eve Langosh','Prof. Brant Little DDS','cuit','550226',222,1061,NULL,'2017-12-30 05:27:55','2017-12-30 05:27:55'),(21,'Jillian Effertz I','Fredrick Veum','cuit','153800304',53,840,NULL,'2017-12-30 05:27:55','2017-12-30 05:27:55'),(22,'Vincenza McDermott','Ahmad Langworth','cuit','0',134,1317,NULL,'2017-12-30 05:27:55','2017-12-30 05:27:55'),(23,'Napoleon Koelpin','Orpha Lowe','cuil','2',152,1359,NULL,'2017-12-30 05:27:55','2017-12-30 05:27:55'),(24,'Nannie Murray','Ms. Angelina Parker','cuil','82551',102,1935,NULL,'2017-12-30 05:27:55','2017-12-30 05:27:55'),(25,'Rupert Anderson PhD','Laurie Heller IV','cuit','5',91,804,NULL,'2017-12-30 05:27:55','2017-12-30 05:27:55'),(26,'Matteo Torphy','Ofelia Schiller','cuit','729533',208,1841,NULL,'2017-12-30 05:27:55','2017-12-30 05:27:55'),(27,'Mr. Marc Smitham III','Ms. Lorna Yost','cuit','3304059',180,1400,NULL,'2017-12-30 05:27:55','2017-12-30 05:27:55'),(28,'Camilla Jenkins','Tatyana Jones','cuil','4443933',143,1879,NULL,'2017-12-30 05:27:55','2017-12-30 05:27:55'),(29,'Leonel Rice V','Arlene Schultz','cuil','1',100,1332,NULL,'2017-12-30 05:27:55','2017-12-30 05:27:55'),(30,'Amos Pacocha','Florian Graham','cuit','4',164,1603,NULL,'2017-12-30 05:27:55','2017-12-30 05:27:55'),(31,'Eugenia Simonis','Norene Hoeger','cuil','331860',196,383,NULL,'2017-12-30 05:27:55','2017-12-30 05:27:55'),(32,'Loy Murphy','Jace Ankunding Jr.','cuil','0',227,17,NULL,'2017-12-30 05:27:55','2017-12-30 05:27:55'),(33,'Vincent Willms','Jarrod Weber','cuit','3',65,1046,NULL,'2017-12-30 05:27:55','2017-12-30 05:27:55'),(34,'Hayley Reynolds','Maeve Kuphal','cuil','9664',95,1309,NULL,'2017-12-30 05:27:55','2017-12-30 05:27:55'),(35,'Dr. Talia Lang','Kasey Rau','cuil','206297625',22,671,NULL,'2017-12-30 05:27:55','2017-12-30 05:27:55'),(36,'Aylin Zieme DVM','Patsy Hammes','cuit','390851893',71,1383,NULL,'2017-12-30 05:27:55','2017-12-30 05:27:55'),(37,'Dejuan Ferry','Kali Carter Jr.','cuit','6',5,1376,NULL,'2017-12-30 05:27:55','2017-12-30 05:27:55'),(38,'Jeremy Kris','Dr. Rebeka Langosh','cuit','85',16,73,NULL,'2017-12-30 05:27:55','2017-12-30 05:27:55'),(39,'Polly Purdy','Ocie Howe','cuil','11461926',136,1688,NULL,'2017-12-30 05:27:55','2017-12-30 05:27:55'),(40,'Dr. Cathy Schmitt','Mrs. Cortney Abbott','cuil','6735',21,584,NULL,'2017-12-30 05:27:55','2017-12-30 05:27:55'),(41,'Jonathon Carter I','Mr. Helmer McLaughlin V','cuil','499',112,992,NULL,'2017-12-30 05:27:55','2017-12-30 05:27:55'),(42,'Fleta Gusikowski','Alden Davis','cuit','4809675',116,1627,NULL,'2017-12-30 05:27:56','2017-12-30 05:27:56'),(43,'Kaelyn Murphy','Mona Waelchi III','cuil','45934050',226,1052,NULL,'2017-12-30 05:27:56','2017-12-30 05:27:56'),(44,'Edd Hoppe','Prof. Robin Hackett','cuit','151432',216,1514,NULL,'2017-12-30 05:27:56','2017-12-30 05:27:56'),(45,'Isaac Franecki','Beth Shanahan','cuil','895865659',58,482,NULL,'2017-12-30 05:27:56','2017-12-30 05:27:56'),(46,'Mireya Block','Walton Bailey','cuit','792',114,100,NULL,'2017-12-30 05:27:56','2017-12-30 05:27:56'),(47,'Dr. Elody Stoltenberg DVM','Lempi Jerde PhD','cuil','202802',74,951,NULL,'2017-12-30 05:27:56','2017-12-30 05:27:56'),(48,'Karolann Ritchie','Hardy Schultz V','cuil','571085',67,1002,NULL,'2017-12-30 05:27:56','2017-12-30 05:27:56'),(49,'Brigitte Macejkovic','Elvie Halvorson','cuil','2869',37,549,NULL,'2017-12-30 05:27:56','2017-12-30 05:27:56'),(50,'Gaylord Nolan','Prof. Michel Nolan Sr.','cuil','5541',8,1451,NULL,'2017-12-30 05:27:56','2017-12-30 05:27:56'),(51,'Lyric Gottlieb','Valentina Wiegand','cuit','861737',180,570,NULL,'2017-12-30 05:27:56','2017-12-30 05:27:56'),(52,'Aglae Kemmer','Mrs. Suzanne Ruecker','cuit','7959076',96,1863,NULL,'2017-12-30 05:27:56','2017-12-30 05:27:56'),(53,'Rick Gottlieb','Ebba Kreiger','cuit','31795',116,435,NULL,'2017-12-30 05:27:56','2017-12-30 05:27:56'),(54,'Jefferey Quitzon','Elsie Anderson PhD','cuit','1',64,271,NULL,'2017-12-30 05:27:56','2017-12-30 05:27:56'),(55,'Janessa Leuschke','Mr. Nicholas Osinski DVM','cuil','550259130',16,2164,NULL,'2017-12-30 05:27:56','2017-12-30 05:27:56'),(56,'Maiya Haag V','Brenden Leannon','cuit','6',26,2116,NULL,'2017-12-30 05:27:56','2017-12-30 05:27:56'),(57,'Ms. Leda Pollich II','Heath Christiansen','cuit','70852998',196,1376,NULL,'2017-12-30 05:27:56','2017-12-30 05:27:56'),(58,'Florine Willms','Grayce Abshire','cuit','4',205,317,NULL,'2017-12-30 05:27:56','2017-12-30 05:27:56'),(59,'Missouri Lockman','Dr. Marlin Schuppe','cuil','437',205,473,NULL,'2017-12-30 05:27:56','2017-12-30 05:27:56'),(60,'Ova Hammes I','Ellsworth Kulas DDS','cuit','809489',139,1388,NULL,'2017-12-30 05:27:56','2017-12-30 05:27:56'),(61,'Prof. Seamus Abbott II','Velva Beier','cuil','6',155,2027,NULL,'2017-12-30 05:27:56','2017-12-30 05:27:56'),(62,'Crystal Kuhic','Shea Deckow Sr.','cuil','3',31,364,NULL,'2017-12-30 05:27:56','2017-12-30 05:27:56'),(63,'Marianna Herman','Aric Ward','cuit','95',236,1321,NULL,'2017-12-30 05:27:56','2017-12-30 05:27:56'),(64,'Allie Tremblay','Keven Beatty','cuit','0',92,659,NULL,'2017-12-30 05:27:56','2017-12-30 05:27:56'),(65,'Frederik Torphy','Miss Angeline Graham','cuil','36274843',105,497,NULL,'2017-12-30 05:27:56','2017-12-30 05:27:56'),(66,'Nestor Schoen','Rozella Ledner','cuil','5',62,168,NULL,'2017-12-30 05:27:56','2017-12-30 05:27:56'),(67,'Miss Maiya Considine','Rasheed Leffler','cuit','62',121,864,NULL,'2017-12-30 05:27:56','2017-12-30 05:27:56'),(68,'Heber Reilly','Katherine Berge','cuil','59',17,1070,NULL,'2017-12-30 05:27:56','2017-12-30 05:27:56'),(69,'Finn Wisoky I','Miss Ramona Hoppe','cuit','81854',57,1482,NULL,'2017-12-30 05:27:56','2017-12-30 05:27:56'),(70,'Mrs. Jazmyn Swift','Elsa Kreiger','cuil','234809',175,1085,NULL,'2017-12-30 05:27:56','2017-12-30 05:27:56'),(71,'Magdalen Tromp','Lenore Towne','cuil','8',134,719,NULL,'2017-12-30 05:27:57','2017-12-30 05:27:57'),(72,'Nellie Turcotte','Lynn Zieme','cuil','784559888',123,1467,NULL,'2017-12-30 05:27:57','2017-12-30 05:27:57'),(73,'Francesca Kuvalis Sr.','Godfrey Pfannerstill','cuit','92586',70,2090,NULL,'2017-12-30 05:27:57','2017-12-30 05:27:57'),(74,'Minerva Runolfsson MD','Dustin Corwin','cuil','30292',239,1770,NULL,'2017-12-30 05:27:57','2017-12-30 05:27:57'),(75,'Amira Abbott','Mrs. Fabiola Ebert','cuil','522745638',159,1386,NULL,'2017-12-30 05:27:57','2017-12-30 05:27:57'),(76,'Prof. Donato Pfannerstill','Clemmie Pacocha','cuil','39914612',31,1108,NULL,'2017-12-30 05:27:57','2017-12-30 05:27:57'),(77,'Mrs. Jessyca Walter II','America Kreiger','cuit','21910443',178,1887,NULL,'2017-12-30 05:27:57','2017-12-30 05:27:57'),(78,'Gerard Casper','Arlo Gleichner','cuil','1',93,1770,NULL,'2017-12-30 05:27:57','2017-12-30 05:27:57'),(79,'Roderick Jacobs','Gavin Greenfelder','cuit','744',206,445,NULL,'2017-12-30 05:27:57','2017-12-30 05:27:57'),(80,'Prof. Remington Marks IV','Giovanni Will','cuil','21727886',213,1719,NULL,'2017-12-30 05:27:57','2017-12-30 05:27:57'),(81,'Kamren Zulauf','Dr. Aron Kulas MD','cuit','16516',227,250,NULL,'2017-12-30 05:27:57','2017-12-30 05:27:57'),(82,'Wayne Ortiz','Yasmeen Kshlerin','cuit','87',52,1572,NULL,'2017-12-30 05:27:57','2017-12-30 05:27:57'),(83,'Brenna Kiehn','Jadyn Orn','cuit','190',108,981,NULL,'2017-12-30 05:27:57','2017-12-30 05:27:57'),(84,'Preston Daugherty','Betsy Schmitt PhD','cuil','252124',225,1951,NULL,'2017-12-30 05:27:57','2017-12-30 05:27:57'),(85,'Karson Kuhn','Ms. Juliet Gorczany','cuil','8085',105,1589,NULL,'2017-12-30 05:27:57','2017-12-30 05:27:57'),(86,'Anastasia Lind V','Ms. Marlene Crist','cuit','660372',66,405,NULL,'2017-12-30 05:27:57','2017-12-30 05:27:57'),(87,'Brisa Grimes','Mr. Zackery Boyle Jr.','cuit','18814',1,1993,NULL,'2017-12-30 05:27:57','2017-12-30 05:27:57'),(88,'Adam Greenholt V','Hazel Purdy','cuit','2',95,1859,NULL,'2017-12-30 05:27:57','2017-12-30 05:27:57'),(89,'Fredrick Luettgen','Oral Schuppe','cuit','79044',9,1410,NULL,'2017-12-30 05:27:57','2017-12-30 05:27:57'),(90,'Emely Bosco V','Sammie Bednar','cuit','4049052',80,1810,NULL,'2017-12-30 05:27:57','2017-12-30 05:27:57'),(91,'Marina Corkery','Caesar Stanton','cuil','73308',41,1363,NULL,'2017-12-30 05:27:57','2017-12-30 05:27:57'),(92,'Melody Thiel','Chyna Moore','cuit','562517',143,1522,NULL,'2017-12-30 05:27:57','2017-12-30 05:27:57'),(93,'Dr. Jennings Dickinson Sr.','Nikko Mosciski','cuit','1',59,1799,NULL,'2017-12-30 05:27:57','2017-12-30 05:27:57'),(94,'Reyna Kutch Sr.','Margot DuBuque','cuit','303495',2,114,NULL,'2017-12-30 05:27:57','2017-12-30 05:27:57'),(95,'Herbert Adams','Agnes McGlynn','cuil','1',140,1385,NULL,'2017-12-30 05:27:57','2017-12-30 05:27:57'),(96,'Dr. Magnus Rau','Hoyt Walsh','cuil','44133331',121,1041,NULL,'2017-12-30 05:27:57','2017-12-30 05:27:57'),(97,'Delpha Ebert Sr.','Tate Zboncak III','cuil','516',107,1653,NULL,'2017-12-30 05:27:57','2017-12-30 05:27:57'),(98,'Isabel Osinski DVM','Herminia O\'Reilly','cuit','205560',32,1103,NULL,'2017-12-30 05:27:57','2017-12-30 05:27:57'),(99,'April Rowe','Prof. Aliyah Rutherford DDS','cuit','3200855',99,950,NULL,'2017-12-30 05:27:57','2017-12-30 05:27:57'),(100,'Katrina Buckridge','Violette Kuhic','cuit','0',114,1682,NULL,'2017-12-30 05:27:58','2017-12-30 05:27:58'),(101,'Jesus Cole','Prof. Zita Cremin','cuil','6658',237,2177,NULL,'2017-12-30 05:27:58','2017-12-30 05:27:58'),(102,'Joany Leuschke','Maximo D\'Amore','cuit','1599701',63,843,NULL,'2017-12-30 05:27:58','2017-12-30 05:27:58'),(103,'Daisy Feil III','Edgar Romaguera IV','cuit','67585',8,2119,NULL,'2017-12-30 05:27:58','2017-12-30 05:27:58'),(104,'Dr. Arjun Weissnat MD','Zoie Goldner','cuit','868',224,1382,NULL,'2017-12-30 05:27:58','2017-12-30 05:27:58'),(105,'Mrs. Neoma Altenwerth DVM','Barney Bins Jr.','cuil','606261',107,909,NULL,'2017-12-30 05:27:58','2017-12-30 05:27:58'),(106,'Dina Paucek','Dorothea Jenkins','cuil','617676',73,2201,NULL,'2017-12-30 05:27:58','2017-12-30 05:27:58'),(107,'Bernardo Koelpin','Jamie Marks DVM','cuit','7552',225,1644,NULL,'2017-12-30 05:27:58','2017-12-30 05:27:58'),(108,'Prof. Kitty Shields','Marisol Heidenreich','cuil','2717',130,183,NULL,'2017-12-30 05:27:58','2017-12-30 05:27:58'),(109,'Brendon Kozey','Rebeka Kautzer V','cuit','35572467',169,1013,NULL,'2017-12-30 05:27:58','2017-12-30 05:27:58'),(110,'Mona Walter','Geoffrey Kohler V','cuil','0',52,144,NULL,'2017-12-30 05:27:58','2017-12-30 05:27:58'),(111,'Roselyn Emmerich','Muriel Funk','cuit','2241',82,1662,NULL,'2017-12-30 05:27:58','2017-12-30 05:27:58'),(112,'Mr. Braulio Ortiz Sr.','Markus Mante','cuit','20',46,2104,NULL,'2017-12-30 05:27:58','2017-12-30 05:27:58'),(113,'Zoey McCullough','Darren VonRueden','cuil','448',109,1170,NULL,'2017-12-30 05:27:58','2017-12-30 05:27:58'),(114,'Dr. Lilly Hermann V','Ms. Jackie Bosco DVM','cuil','5291569',19,1566,NULL,'2017-12-30 05:27:58','2017-12-30 05:27:58'),(115,'Nona Murazik','Carmine Blick','cuil','342349',219,1134,NULL,'2017-12-30 05:27:58','2017-12-30 05:27:58'),(116,'Jeromy Bernier','Khalid Goodwin II','cuil','4557066',147,2017,NULL,'2017-12-30 05:27:58','2017-12-30 05:27:58'),(117,'Dayana Collins','Candice Macejkovic','cuit','441',93,305,NULL,'2017-12-30 05:27:58','2017-12-30 05:27:58'),(118,'Vida Berge PhD','Rene Bashirian','cuit','6701473',180,1462,NULL,'2017-12-30 05:27:58','2017-12-30 05:27:58'),(119,'Christophe Weissnat I','Taryn Corwin','cuit','77769869',108,808,NULL,'2017-12-30 05:27:58','2017-12-30 05:27:58'),(120,'Prof. Alta Ritchie PhD','Gretchen Ziemann','cuit','98146014',36,1931,NULL,'2017-12-30 05:27:58','2017-12-30 05:27:58'),(121,'Athena West DDS','Dejah Macejkovic','cuit','9',105,69,NULL,'2017-12-30 05:27:58','2017-12-30 05:27:58'),(122,'Jewell Tremblay','Miss Mary Koss MD','cuil','881216',70,1416,NULL,'2017-12-30 05:27:58','2017-12-30 05:27:58'),(123,'Providenci Prosacco','Alfreda Lang','cuil','792287015',80,233,NULL,'2017-12-30 05:27:58','2017-12-30 05:27:58'),(124,'Dr. Asa Fisher PhD','Dr. Savanna Kautzer','cuil','726589',60,26,NULL,'2017-12-30 05:27:58','2017-12-30 05:27:58'),(125,'Ms. Viva Legros','Tristian Batz','cuil','74',157,1772,NULL,'2017-12-30 05:27:58','2017-12-30 05:27:58'),(126,'Brenden Lind','Lauryn Vandervort','cuit','834',227,1696,NULL,'2017-12-30 05:27:58','2017-12-30 05:27:58'),(127,'Mr. Reymundo Price','Vada O\'Hara','cuit','902926259',31,423,NULL,'2017-12-30 05:27:58','2017-12-30 05:27:58'),(128,'Bernie Murphy','Nakia Balistreri','cuit','904865',22,1642,NULL,'2017-12-30 05:27:58','2017-12-30 05:27:58'),(129,'Vergie Kuvalis','Ayden Mayert','cuit','9384949',94,405,NULL,'2017-12-30 05:27:58','2017-12-30 05:27:58'),(130,'Mrs. Bulah Huels PhD','Adele Kessler','cuit','841340',69,595,NULL,'2017-12-30 05:27:59','2017-12-30 05:27:59'),(131,'Luella Sipes','Percival Kemmer III','cuil','9',101,749,NULL,'2017-12-30 05:27:59','2017-12-30 05:27:59'),(132,'Leilani Heathcote','Chaya Schmitt III','cuit','2852888',109,1653,NULL,'2017-12-30 05:27:59','2017-12-30 05:27:59'),(133,'Moshe Smitham','Dante Brown','cuil','2651520',73,1281,NULL,'2017-12-30 05:27:59','2017-12-30 05:27:59'),(134,'Kraig Hermann','Dr. Heather Vandervort DDS','cuil','1',95,200,NULL,'2017-12-30 05:27:59','2017-12-30 05:27:59'),(135,'Miss Gertrude Swaniawski DDS','Berta Graham V','cuit','486',134,928,NULL,'2017-12-30 05:27:59','2017-12-30 05:27:59'),(136,'Garth Lakin III','Alvina Bashirian','cuil','23',144,266,NULL,'2017-12-30 05:27:59','2017-12-30 05:27:59'),(137,'Jamal West','Dr. Geraldine Tillman','cuit','406966792',71,1404,NULL,'2017-12-30 05:27:59','2017-12-30 05:27:59'),(138,'Mabel Block DVM','Prof. Korbin Weissnat III','cuit','167766',234,1066,NULL,'2017-12-30 05:27:59','2017-12-30 05:27:59'),(139,'Marquis Hayes','Marlin Marquardt','cuil','214',205,1908,NULL,'2017-12-30 05:27:59','2017-12-30 05:27:59'),(140,'Elmira Schowalter','Montana Hilpert','cuil','242',143,1936,NULL,'2017-12-30 05:27:59','2017-12-30 05:27:59'),(141,'Haylee Hauck','Lynn Bernhard IV','cuit','81595',125,1715,NULL,'2017-12-30 05:27:59','2017-12-30 05:27:59'),(142,'Prof. Nola Auer','Pauline Feil','cuil','32',94,510,NULL,'2017-12-30 05:27:59','2017-12-30 05:27:59'),(143,'Cody Nitzsche','Yasmeen Reilly','cuil','76940311',178,1598,NULL,'2017-12-30 05:27:59','2017-12-30 05:27:59'),(144,'Cali Hickle','Ms. Lera Monahan','cuil','8',126,1082,NULL,'2017-12-30 05:27:59','2017-12-30 05:27:59'),(145,'Clotilde Ratke','Jadyn Ledner I','cuil','66542730',218,1286,NULL,'2017-12-30 05:27:59','2017-12-30 05:27:59'),(146,'Zechariah McKenzie III','Dr. Elenora Howell','cuit','13593132',20,1339,NULL,'2017-12-30 05:27:59','2017-12-30 05:27:59'),(147,'Arnold Predovic','Dr. Kaden Lockman I','cuit','26080585',239,976,NULL,'2017-12-30 05:27:59','2017-12-30 05:27:59'),(148,'Carrie Ruecker','Dr. Dino Swaniawski MD','cuit','1306',87,1228,NULL,'2017-12-30 05:27:59','2017-12-30 05:27:59'),(149,'Zola Kreiger III','Ms. Janice Stanton IV','cuil','414530',124,220,NULL,'2017-12-30 05:27:59','2017-12-30 05:27:59'),(150,'Eden Upton III','Jena Ankunding','cuit','7210786',126,462,NULL,'2017-12-30 05:27:59','2017-12-30 05:27:59'),(151,'June Crooks','Britney Herman','cuit','707074450',15,1905,NULL,'2017-12-30 05:27:59','2017-12-30 05:27:59'),(152,'Erin Gorczany','Prof. Diana Greenfelder','cuit','864203578',178,211,NULL,'2017-12-30 05:27:59','2017-12-30 05:27:59'),(153,'Roberta DuBuque','Lempi Mertz','cuil','6259817',221,201,NULL,'2017-12-30 05:27:59','2017-12-30 05:27:59'),(154,'Hallie Gleichner I','Dahlia Kozey','cuil','52194',239,1209,NULL,'2017-12-30 05:27:59','2017-12-30 05:27:59'),(155,'Mr. Randy Boyle','Dr. Taylor Kozey','cuit','6463238',114,733,NULL,'2017-12-30 05:27:59','2017-12-30 05:27:59'),(156,'Gabe Ruecker','Miss Alda Konopelski','cuit','4776902',42,81,NULL,'2017-12-30 05:27:59','2017-12-30 05:27:59'),(157,'Carissa Barton','Dr. Elmer Klein','cuil','85',136,88,NULL,'2017-12-30 05:27:59','2017-12-30 05:27:59'),(158,'Dr. Filomena Little','Marisa Torphy','cuit','58684',218,1177,NULL,'2017-12-30 05:27:59','2017-12-30 05:27:59'),(159,'Vena Abernathy','Mr. Grady Senger','cuit','27',221,1544,NULL,'2017-12-30 05:27:59','2017-12-30 05:27:59'),(160,'Stella Marvin','Vernice Bayer MD','cuit','3822217',132,599,NULL,'2017-12-30 05:28:00','2017-12-30 05:28:00'),(161,'Mrs. Roberta Donnelly PhD','Zena Rohan DVM','cuit','84795752',79,1851,NULL,'2017-12-30 05:28:00','2017-12-30 05:28:00'),(162,'Jevon Kub','Billy Leannon','cuit','617',26,1369,NULL,'2017-12-30 05:28:00','2017-12-30 05:28:00'),(163,'Mrs. Jaunita Emmerich','Mariano Spencer Sr.','cuit','4',175,806,NULL,'2017-12-30 05:28:00','2017-12-30 05:28:00'),(164,'Dr. Yolanda Prohaska','Ellsworth Hartmann PhD','cuit','71',55,1387,NULL,'2017-12-30 05:28:00','2017-12-30 05:28:00'),(165,'Mr. Deonte Lynch II','Cleora Greenfelder','cuil','385859564',21,576,NULL,'2017-12-30 05:28:00','2017-12-30 05:28:00'),(166,'Ansley Berge','Lysanne Schiller','cuil','62440680',96,552,NULL,'2017-12-30 05:28:00','2017-12-30 05:28:00'),(167,'Prof. Norris Casper Jr.','Prof. Esteban Kerluke','cuit','982811746',60,59,NULL,'2017-12-30 05:28:00','2017-12-30 05:28:00'),(168,'Mrs. Neha Huel I','Ms. Chasity Pollich','cuil','410082',92,1165,NULL,'2017-12-30 05:28:00','2017-12-30 05:28:00'),(169,'Florence Wyman','Millie Pagac','cuit','27',37,1805,NULL,'2017-12-30 05:28:00','2017-12-30 05:28:00'),(170,'Aniyah Heaney','Travis Auer Sr.','cuit','9',94,388,NULL,'2017-12-30 05:28:00','2017-12-30 05:28:00'),(171,'Prof. Leta Hamill','Mrs. Amina Wunsch','cuit','362890',99,1685,NULL,'2017-12-30 05:28:00','2017-12-30 05:28:00'),(172,'Lafayette Witting','Dr. Martina Collins','cuil','312',25,611,NULL,'2017-12-30 05:28:00','2017-12-30 05:28:00'),(173,'Isabelle Runolfsdottir MD','Willy Marvin PhD','cuil','397099',201,793,NULL,'2017-12-30 05:28:00','2017-12-30 05:28:00'),(174,'Jose Oberbrunner','Stanley Deckow','cuit','1',112,1084,NULL,'2017-12-30 05:28:00','2017-12-30 05:28:00'),(175,'Elian Miller','Lucio Kutch','cuil','16804',236,511,NULL,'2017-12-30 05:28:00','2017-12-30 05:28:00'),(176,'Macie Kerluke','Jack Rau','cuil','748175599',122,923,NULL,'2017-12-30 05:28:00','2017-12-30 05:28:00'),(177,'Prof. Maiya Lakin','Lincoln Gerlach','cuil','224687',34,1397,NULL,'2017-12-30 05:28:00','2017-12-30 05:28:00'),(178,'Micheal Runolfsdottir Sr.','Prof. Jonathan Graham III','cuit','309',195,1150,NULL,'2017-12-30 05:28:00','2017-12-30 05:28:00'),(179,'Rylan Nicolas','Bettye Schmidt','cuit','2719',71,497,NULL,'2017-12-30 05:28:00','2017-12-30 05:28:00'),(180,'Pink Simonis','Mr. Presley Skiles','cuit','881',53,1100,NULL,'2017-12-30 05:28:00','2017-12-30 05:28:00'),(181,'Lydia Larkin','Alysson Torphy','cuit','2030',93,823,NULL,'2017-12-30 05:28:00','2017-12-30 05:28:00'),(182,'Orin Nienow','Joannie Herzog IV','cuil','36188170',184,998,NULL,'2017-12-30 05:28:00','2017-12-30 05:28:00'),(183,'Miss Geraldine Rutherford','Ms. Francesca Dickinson DDS','cuit','572379224',34,84,NULL,'2017-12-30 05:28:00','2017-12-30 05:28:00'),(184,'Lily Kuhn','Ms. Reba Mante','cuil','677',222,2,NULL,'2017-12-30 05:28:00','2017-12-30 05:28:00'),(185,'Alexis Lebsack PhD','Mr. Louie Gleason V','cuit','0',193,144,NULL,'2017-12-30 05:28:00','2017-12-30 05:28:00'),(186,'April Nolan','Marjolaine Bradtke DVM','cuit','462',37,739,NULL,'2017-12-30 05:28:01','2017-12-30 05:28:01'),(187,'Brennon Hilll','Garfield Zieme','cuil','422130',87,471,NULL,'2017-12-30 05:28:01','2017-12-30 05:28:01'),(188,'Tia Torphy','Darian Predovic','cuil','6148621',166,2192,NULL,'2017-12-30 05:28:01','2017-12-30 05:28:01'),(189,'Catherine Orn','Dr. Nikko Orn','cuit','0',18,1573,NULL,'2017-12-30 05:28:01','2017-12-30 05:28:01'),(190,'Stanton Rogahn','Ethelyn Roberts Sr.','cuil','64',126,391,NULL,'2017-12-30 05:28:01','2017-12-30 05:28:01'),(191,'Fae Emmerich','Bertram Emmerich','cuit','3088421',222,1600,NULL,'2017-12-30 05:28:01','2017-12-30 05:28:01'),(192,'Jedidiah Fritsch III','Jennyfer Homenick','cuit','417',19,1160,NULL,'2017-12-30 05:28:01','2017-12-30 05:28:01'),(193,'Dr. Beau Smith','Alan Beatty','cuit','9807',74,1201,NULL,'2017-12-30 05:28:01','2017-12-30 05:28:01'),(194,'Lorine Lynch','Bert O\'Hara Sr.','cuil','9909355',62,1754,NULL,'2017-12-30 05:28:01','2017-12-30 05:28:01'),(195,'Ivy Walker','Shaun Lang','cuit','368',234,2164,NULL,'2017-12-30 05:28:01','2017-12-30 05:28:01'),(196,'Dr. Ciara Anderson V','Emie Hills','cuil','294218',82,1585,NULL,'2017-12-30 05:28:01','2017-12-30 05:28:01'),(197,'Nolan Grant DVM','Vidal Barton','cuit','709216453',58,511,NULL,'2017-12-30 05:28:01','2017-12-30 05:28:01'),(198,'Marquise Halvorson','Mrs. Jennyfer Kuhn','cuil','69816274',107,360,NULL,'2017-12-30 05:28:01','2017-12-30 05:28:01'),(199,'Ericka Rice','Susan Ruecker Sr.','cuil','523320',241,2192,NULL,'2017-12-30 05:28:01','2017-12-30 05:28:01'),(200,'Ocie Fay','Magdalena Cassin','cuil','8621724',80,810,NULL,'2017-12-30 05:28:01','2017-12-30 05:28:01');
/*!40000 ALTER TABLE `persons` ENABLE KEYS */;
UNLOCK TABLES;

--
-- Table structure for table `receipt_taxes`
--

DROP TABLE IF EXISTS `receipt_taxes`;
/*!40101 SET @saved_cs_client     = @@character_set_client */;
/*!40101 SET character_set_client = utf8 */;
CREATE TABLE `receipt_taxes` (
  `id` int(10) unsigned NOT NULL AUTO_INCREMENT,
  `receipt_id` int(10) unsigned NOT NULL,
  `tax_id` int(10) unsigned DEFAULT NULL,
  `amount` decimal(16,2) NOT NULL,
  `tax_amount` decimal(16,2) NOT NULL DEFAULT '0.00',
  `taxable` int(11) NOT NULL DEFAULT '0',
  `iva` int(11) NOT NULL DEFAULT '0',
  `created_at` timestamp NULL DEFAULT NULL,
  `updated_at` timestamp NULL DEFAULT NULL,
  PRIMARY KEY (`id`),
  KEY `receipt_taxes_receipt_id_foreign` (`receipt_id`),
  CONSTRAINT `receipt_taxes_receipt_id_foreign` FOREIGN KEY (`receipt_id`) REFERENCES `receipts` (`id`)
) ENGINE=InnoDB AUTO_INCREMENT=46 DEFAULT CHARSET=utf8mb4 COLLATE=utf8mb4_unicode_ci;
/*!40101 SET character_set_client = @saved_cs_client */;

--
-- Dumping data for table `receipt_taxes`
--

LOCK TABLES `receipt_taxes` WRITE;
/*!40000 ALTER TABLE `receipt_taxes` DISABLE KEYS */;
INSERT INTO `receipt_taxes` VALUES (6,10,7,80.00,0.00,2,1,'2018-01-06 06:59:21','2018-01-06 06:59:21'),(7,10,3,100.00,27.00,2,1,'2018-01-06 06:59:21','2018-01-06 06:59:21'),(8,10,4,10.00,0.25,2,1,'2018-01-06 06:59:21','2018-01-06 06:59:21'),(9,10,6,30.00,0.00,2,1,'2018-01-06 06:59:21','2018-01-06 06:59:21'),(10,13,3,150.00,40.50,2,1,'2018-01-06 17:08:59','2018-01-06 17:08:59'),(11,13,1,200.00,21.00,2,1,'2018-01-06 17:08:59','2018-01-06 17:08:59'),(12,13,7,100.00,0.00,2,1,'2018-01-06 17:08:59','2018-01-06 17:08:59'),(21,18,5,300.00,15.00,2,1,'2018-01-07 15:13:02','2018-01-07 15:13:02'),(22,18,7,200.00,0.00,2,1,'2018-01-07 15:13:02','2018-01-07 15:13:02'),(23,18,1001,20.00,0.00,2,2,'2018-01-07 15:13:02','2018-01-07 15:13:02'),(24,18,1012,30.00,0.00,2,1,'2018-01-07 15:13:02','2018-01-07 15:13:02'),(25,19,3,20.00,5.40,2,1,'2018-01-07 16:50:51','2018-01-07 16:50:51'),(26,19,2,10.00,2.10,2,1,'2018-01-07 16:50:51','2018-01-07 16:50:51'),(27,19,7,5.00,0.00,2,1,'2018-01-07 16:50:51','2018-01-07 16:50:51'),(28,19,1001,12.00,0.00,2,2,'2018-01-07 16:50:51','2018-01-07 16:50:51'),(29,19,1000,44.00,0.00,2,2,'2018-01-07 16:50:51','2018-01-07 16:50:51'),(30,19,1012,66.00,0.00,2,1,'2018-01-07 16:50:51','2018-01-07 16:50:51'),(31,20,3,20.00,5.40,2,1,'2018-01-07 16:57:38','2018-01-07 16:57:38'),(32,20,2,10.00,2.10,2,1,'2018-01-07 16:57:38','2018-01-07 16:57:38'),(33,20,7,5.00,0.00,2,1,'2018-01-07 16:57:38','2018-01-07 16:57:38'),(34,20,1001,12.00,0.00,2,2,'2018-01-07 16:57:38','2018-01-07 16:57:38'),(35,20,1000,44.00,0.00,2,2,'2018-01-07 16:57:38','2018-01-07 16:57:38'),(36,20,1012,66.00,0.00,2,1,'2018-01-07 16:57:38','2018-01-07 16:57:38'),(37,21,1,50.00,5.25,2,1,'2018-01-07 17:34:46','2018-01-07 17:34:46'),(38,21,7,100.00,0.00,2,1,'2018-01-07 17:34:46','2018-01-07 17:34:46'),(39,21,1000,20.00,0.00,2,2,'2018-01-07 17:34:46','2018-01-07 17:34:46'),(40,22,7,2000.00,0.00,2,1,'2018-01-07 18:09:15','2018-01-07 18:09:15'),(41,23,3,180.00,48.60,2,1,'2018-01-07 18:16:30','2018-01-07 18:16:30'),(42,23,7,10.00,0.00,2,1,'2018-01-07 18:16:30','2018-01-07 18:16:30'),(43,23,1011,5.00,0.00,2,1,'2018-01-07 18:16:30','2018-01-07 18:16:30'),(44,24,5,50.00,2.50,2,1,'2018-01-07 18:23:08','2018-01-07 18:23:08'),(45,25,5,600.00,30.00,2,1,'2018-01-07 18:26:06','2018-01-07 18:26:06');
/*!40000 ALTER TABLE `receipt_taxes` ENABLE KEYS */;
UNLOCK TABLES;

--
-- Table structure for table `receipt_types`
--

DROP TABLE IF EXISTS `receipt_types`;
/*!40101 SET @saved_cs_client     = @@character_set_client */;
/*!40101 SET character_set_client = utf8 */;
CREATE TABLE `receipt_types` (
  `id` int(10) unsigned NOT NULL AUTO_INCREMENT,
  `created_at` timestamp NULL DEFAULT NULL,
  `updated_at` timestamp NULL DEFAULT NULL,
  `name` varchar(255) COLLATE utf8mb4_unicode_ci NOT NULL,
  `code` varchar(255) COLLATE utf8mb4_unicode_ci DEFAULT NULL,
  PRIMARY KEY (`id`)
) ENGINE=InnoDB AUTO_INCREMENT=18 DEFAULT CHARSET=utf8mb4 COLLATE=utf8mb4_unicode_ci;
/*!40101 SET character_set_client = @saved_cs_client */;

--
-- Dumping data for table `receipt_types`
--

LOCK TABLES `receipt_types` WRITE;
/*!40000 ALTER TABLE `receipt_types` DISABLE KEYS */;
INSERT INTO `receipt_types` VALUES (1,NULL,NULL,'Factura A','1'),(2,NULL,NULL,'Nota de débito A','2'),(3,NULL,NULL,'Nota de crédito A','3'),(4,NULL,NULL,'Factura B','6'),(5,NULL,NULL,'Nota de débito B','7'),(6,NULL,NULL,'Nota de crédito B','8'),(7,NULL,NULL,'Factura C','11'),(8,NULL,NULL,'Nota de débito C','12'),(9,NULL,NULL,'Nota de crédito C','13'),(10,NULL,NULL,'RECIBO A','15'),(11,NULL,NULL,'RECIBO B','16'),(12,NULL,NULL,'RECIBO C','17'),(13,NULL,NULL,'Factura E','19'),(14,NULL,NULL,'Nota de débito E','20'),(15,NULL,NULL,'Nota de Crédito E','21'),(16,NULL,NULL,'Factura M','51'),(17,NULL,NULL,'Despacho de Importacion','66');
/*!40000 ALTER TABLE `receipt_types` ENABLE KEYS */;
UNLOCK TABLES;

--
-- Table structure for table `receipts`
--

DROP TABLE IF EXISTS `receipts`;
/*!40101 SET @saved_cs_client     = @@character_set_client */;
/*!40101 SET character_set_client = utf8 */;
CREATE TABLE `receipts` (
  `id` int(10) unsigned NOT NULL AUTO_INCREMENT,
  `type_id` int(10) unsigned NOT NULL,
  `type_receipt_id` int(10) unsigned DEFAULT NULL,
  `period_id` int(10) unsigned NOT NULL,
  `zone_id` int(10) unsigned DEFAULT NULL,
  `activity_id` int(10) unsigned DEFAULT NULL,
  `retention_type_id` int(10) unsigned DEFAULT NULL,
  `person_id_owner` int(10) unsigned NOT NULL,
  `person_id_relationed` int(10) unsigned DEFAULT NULL,
  `number` int(11) DEFAULT NULL,
  `receipt_date` date NOT NULL,
  `expiration_date` date NOT NULL,
  `code_ticket` varchar(255) COLLATE utf8mb4_unicode_ci NOT NULL,
  `status_id` int(10) unsigned DEFAULT NULL,
  `office` varchar(255) COLLATE utf8mb4_unicode_ci DEFAULT NULL,
  `tax_account_id` int(10) unsigned DEFAULT NULL,
  `amount` decimal(16,2) NOT NULL,
  `created_at` timestamp NULL DEFAULT NULL,
  `updated_at` timestamp NULL DEFAULT NULL,
  PRIMARY KEY (`id`),
  KEY `receipts_type_id_foreign` (`type_id`),
  KEY `receipts_type_receipt_id_foreign` (`type_receipt_id`),
  KEY `receipts_tax_account_id_foreign` (`tax_account_id`),
  KEY `receipts_zone_id_foreign` (`zone_id`),
  KEY `receipts_activity_id_foreign` (`activity_id`),
  KEY `receipts_retention_type_id_foreign` (`retention_type_id`),
  KEY `receipts_status_id_foreign` (`status_id`),
  KEY `receipts_person_id_owner_foreign` (`person_id_owner`),
  KEY `receipts_person_id_relationed_foreign` (`person_id_relationed`),
  KEY `receipts_period_id_foreign` (`period_id`),
  CONSTRAINT `receipts_activity_id_foreign` FOREIGN KEY (`activity_id`) REFERENCES `activities` (`id`),
  CONSTRAINT `receipts_period_id_foreign` FOREIGN KEY (`period_id`) REFERENCES `periods` (`id`),
  CONSTRAINT `receipts_person_id_owner_foreign` FOREIGN KEY (`person_id_owner`) REFERENCES `persons` (`id`),
  CONSTRAINT `receipts_person_id_relationed_foreign` FOREIGN KEY (`person_id_relationed`) REFERENCES `persons` (`id`),
  CONSTRAINT `receipts_retention_type_id_foreign` FOREIGN KEY (`retention_type_id`) REFERENCES `retention_types` (`id`),
  CONSTRAINT `receipts_status_id_foreign` FOREIGN KEY (`status_id`) REFERENCES `status` (`id`),
  CONSTRAINT `receipts_tax_account_id_foreign` FOREIGN KEY (`tax_account_id`) REFERENCES `tax_accounts` (`id`),
  CONSTRAINT `receipts_type_id_foreign` FOREIGN KEY (`type_id`) REFERENCES `types` (`id`),
  CONSTRAINT `receipts_type_receipt_id_foreign` FOREIGN KEY (`type_receipt_id`) REFERENCES `receipt_types` (`id`),
  CONSTRAINT `receipts_zone_id_foreign` FOREIGN KEY (`zone_id`) REFERENCES `zones` (`id`)
) ENGINE=InnoDB AUTO_INCREMENT=26 DEFAULT CHARSET=utf8mb4 COLLATE=utf8mb4_unicode_ci;
/*!40101 SET character_set_client = @saved_cs_client */;

--
-- Dumping data for table `receipts`
--

LOCK TABLES `receipts` WRITE;
/*!40000 ALTER TABLE `receipts` DISABLE KEYS */;
INSERT INTO `receipts` VALUES (1,1,4,256,NULL,NULL,NULL,1,193,123,'2018-01-04','2018-01-04','abc',NULL,NULL,NULL,0.00,'2018-01-06 04:58:12','2018-01-06 04:58:12'),(9,1,4,256,94,1,NULL,1,174,11,'2018-01-04','2018-01-04','ee',1,NULL,NULL,300.00,'2018-01-06 06:55:07','2018-01-06 06:55:07'),(10,1,7,2551,89,1,NULL,1,18,555,'2018-01-03','2018-01-03','ttt',1,NULL,NULL,220.00,'2018-01-06 06:59:21','2018-01-06 06:59:21'),(13,1,4,1786,NULL,NULL,NULL,1,35,5878,'2018-01-03','2018-01-03','abbb',1,NULL,NULL,450.00,'2018-01-06 17:08:59','2018-01-06 17:08:59'),(18,1,4,2041,NULL,1,NULL,1,12,11111,'2018-01-02','2018-01-02','aaaa',1,NULL,NULL,500.00,'2018-01-07 15:13:02','2018-01-07 15:13:02'),(19,1,1,2041,NULL,NULL,NULL,1,2,12333,'2018-01-02','2018-01-02','ee',1,NULL,NULL,157.00,'2018-01-07 16:50:51','2018-01-07 16:50:51'),(20,1,1,2041,NULL,NULL,NULL,1,2,12333,'2018-01-02','2018-01-02','ee',1,NULL,NULL,157.00,'2018-01-07 16:57:37','2018-01-07 16:57:37'),(21,1,4,2806,NULL,NULL,NULL,1,19,3333,'2018-01-02','2018-01-02','aa',1,NULL,NULL,170.00,'2018-01-07 17:34:46','2018-01-07 17:34:46'),(22,1,1,1786,NULL,NULL,NULL,1,153,23,'2018-01-03','2018-01-03','tygh',1,NULL,NULL,2000.00,'2018-01-07 18:09:15','2018-01-07 18:09:15'),(23,1,4,2551,NULL,NULL,NULL,1,164,123344,'2018-01-05','2018-01-05','aer',1,NULL,NULL,195.00,'2018-01-07 18:16:29','2018-01-07 18:16:29'),(24,1,7,1276,NULL,NULL,NULL,1,67,48,'2018-01-07','2018-01-07','98',1,NULL,NULL,50.00,'2018-01-07 18:23:08','2018-01-07 18:23:08'),(25,1,1,2041,NULL,NULL,NULL,1,8,12345678,'2018-01-04','2018-01-04','ers',1,NULL,NULL,600.00,'2018-01-07 18:26:06','2018-01-07 18:26:06');
/*!40000 ALTER TABLE `receipts` ENABLE KEYS */;
UNLOCK TABLES;

--
-- Table structure for table `retention_types`
--

DROP TABLE IF EXISTS `retention_types`;
/*!40101 SET @saved_cs_client     = @@character_set_client */;
/*!40101 SET character_set_client = utf8 */;
CREATE TABLE `retention_types` (
  `id` int(10) unsigned NOT NULL AUTO_INCREMENT,
  `created_at` timestamp NULL DEFAULT NULL,
  `updated_at` timestamp NULL DEFAULT NULL,
  `name` varchar(255) COLLATE utf8mb4_unicode_ci NOT NULL,
  `apply_to` varchar(255) COLLATE utf8mb4_unicode_ci NOT NULL DEFAULT 'iibb',
  `code` varchar(255) COLLATE utf8mb4_unicode_ci DEFAULT NULL,
  PRIMARY KEY (`id`)
) ENGINE=InnoDB AUTO_INCREMENT=23 DEFAULT CHARSET=utf8mb4 COLLATE=utf8mb4_unicode_ci;
/*!40101 SET character_set_client = @saved_cs_client */;

--
-- Dumping data for table `retention_types`
--

LOCK TABLES `retention_types` WRITE;
/*!40000 ALTER TABLE `retention_types` DISABLE KEYS */;
INSERT INTO `retention_types` VALUES (1,NULL,NULL,'IIBB CABA','iibb','IIBBCABA'),(2,NULL,NULL,'IIBB Bs. As.','iibb','IIBBBSAS'),(3,NULL,NULL,'Ganancia','ganancias','GAN'),(4,NULL,NULL,'SUSS','sus','SUSS'),(5,NULL,NULL,'Retenciones de IVA','iva','Ret IVA'),(6,NULL,NULL,'IIBB Vicente López','iibb','IIBBVIC'),(7,NULL,NULL,'Retenciones IIBB Tucuman','iibb','IIBBTucuman'),(8,NULL,NULL,'Ret IIBBcordoba','iibb','IIBBCba'),(9,NULL,NULL,'Ret IIBB Misiones','iibb','IIBB Misiones'),(10,NULL,NULL,'Ret IIBB La Pampa','iibb','IIBB La Pampa'),(11,NULL,NULL,'Ret IIBB Rio Negro','iibb','IIBB Rio Negro'),(12,NULL,NULL,'Ret IIBB Corrientes','iibb','IIBBCorrientes'),(13,NULL,NULL,'Ret IIBB Santiago del Estero','iibb','IIBBSantiago'),(14,NULL,NULL,'IIBB CABA','iibb','IIBBCABA'),(15,NULL,NULL,'IIBB Bs. As.','iibb','IIBBBSAS'),(16,NULL,NULL,'Percepcion IIBB Tucuman','iibb','IIBBTucuman'),(17,NULL,NULL,'Perc IIBB Misiones','iibb','IIBBMisiones'),(18,NULL,NULL,'Perc IIBB Cordoba','iibb','IIBBCba'),(19,NULL,NULL,'Pec IIBB La Pampa','iibb','IIBB La Pampa'),(20,NULL,NULL,'Perc IIBB Rio Negro','iibb','IIBB Rio Negro'),(21,NULL,NULL,'Perc IIBB Corrientes','iibb','IIIBB Corrientes'),(22,NULL,NULL,'Perc IIBB Santiago del Estero','iibb','IIBBSantiago');
/*!40000 ALTER TABLE `retention_types` ENABLE KEYS */;
UNLOCK TABLES;

--
-- Table structure for table `retentions`
--

DROP TABLE IF EXISTS `retentions`;
/*!40101 SET @saved_cs_client     = @@character_set_client */;
/*!40101 SET character_set_client = utf8 */;
CREATE TABLE `retentions` (
  `id` int(10) unsigned NOT NULL AUTO_INCREMENT,
  `created_at` timestamp NULL DEFAULT NULL,
  `updated_at` timestamp NULL DEFAULT NULL,
  `name` varchar(255) COLLATE utf8mb4_unicode_ci NOT NULL,
  PRIMARY KEY (`id`)
) ENGINE=InnoDB DEFAULT CHARSET=utf8mb4 COLLATE=utf8mb4_unicode_ci;
/*!40101 SET character_set_client = @saved_cs_client */;

--
-- Dumping data for table `retentions`
--

LOCK TABLES `retentions` WRITE;
/*!40000 ALTER TABLE `retentions` DISABLE KEYS */;
/*!40000 ALTER TABLE `retentions` ENABLE KEYS */;
UNLOCK TABLES;

--
-- Table structure for table `status`
--

DROP TABLE IF EXISTS `status`;
/*!40101 SET @saved_cs_client     = @@character_set_client */;
/*!40101 SET character_set_client = utf8 */;
CREATE TABLE `status` (
  `id` int(10) unsigned NOT NULL AUTO_INCREMENT,
  `name` varchar(255) COLLATE utf8mb4_unicode_ci NOT NULL,
  `receipt_type_id` int(10) unsigned DEFAULT NULL,
  `created_at` timestamp NULL DEFAULT NULL,
  `updated_at` timestamp NULL DEFAULT NULL,
  PRIMARY KEY (`id`),
  KEY `status_receipt_type_id_foreign` (`receipt_type_id`),
  CONSTRAINT `status_receipt_type_id_foreign` FOREIGN KEY (`receipt_type_id`) REFERENCES `receipt_types` (`id`)
) ENGINE=InnoDB AUTO_INCREMENT=4 DEFAULT CHARSET=utf8mb4 COLLATE=utf8mb4_unicode_ci;
/*!40101 SET character_set_client = @saved_cs_client */;

--
-- Dumping data for table `status`
--

LOCK TABLES `status` WRITE;
/*!40000 ALTER TABLE `status` DISABLE KEYS */;
INSERT INTO `status` VALUES (1,'Activo',NULL,NULL,NULL),(2,'Anulado',NULL,NULL,NULL),(3,'Liquidado',NULL,NULL,NULL);
/*!40000 ALTER TABLE `status` ENABLE KEYS */;
UNLOCK TABLES;

--
-- Table structure for table `system_taxes`
--

DROP TABLE IF EXISTS `system_taxes`;
/*!40101 SET @saved_cs_client     = @@character_set_client */;
/*!40101 SET character_set_client = utf8 */;
CREATE TABLE `system_taxes` (
  `id` int(10) unsigned NOT NULL AUTO_INCREMENT,
  `created_at` timestamp NULL DEFAULT NULL,
  `updated_at` timestamp NULL DEFAULT NULL,
  `name` varchar(255) COLLATE utf8mb4_unicode_ci NOT NULL,
  `apply_to` varchar(255) COLLATE utf8mb4_unicode_ci NOT NULL,
  `ammount_permited` int(11) NOT NULL DEFAULT '1',
  `percent_iva` decimal(16,2) NOT NULL DEFAULT '0.00',
  `taxable_iibb` int(11) NOT NULL DEFAULT '1',
  `taxable_iva` int(11) NOT NULL DEFAULT '1',
  PRIMARY KEY (`id`)
) ENGINE=InnoDB AUTO_INCREMENT=8 DEFAULT CHARSET=utf8mb4 COLLATE=utf8mb4_unicode_ci;
/*!40101 SET character_set_client = @saved_cs_client */;

--
-- Dumping data for table `system_taxes`
--

LOCK TABLES `system_taxes` WRITE;
/*!40000 ALTER TABLE `system_taxes` DISABLE KEYS */;
INSERT INTO `system_taxes` VALUES (1,NULL,NULL,'gravado al 10,5%','iva',1,10.50,1,1),(2,NULL,NULL,'gravado al 21%','iva',1,21.00,1,1),(3,NULL,NULL,'gravado al 27%','iva',1,27.00,1,1),(4,NULL,NULL,'gravado al 2,5%','iva',1,2.50,1,1),(5,NULL,NULL,'gravado al 5%','iva',1,5.00,1,1),(6,NULL,NULL,'gravado al 0%','iva',1,0.00,1,1),(7,NULL,NULL,'no gravado','iva',1,0.00,1,0);
/*!40000 ALTER TABLE `system_taxes` ENABLE KEYS */;
UNLOCK TABLES;

--
-- Table structure for table `tCountrys`
--

DROP TABLE IF EXISTS `tCountrys`;
/*!40101 SET @saved_cs_client     = @@character_set_client */;
/*!40101 SET character_set_client = utf8 */;
CREATE TABLE `tCountrys` (
  `idCountry` int(11) NOT NULL AUTO_INCREMENT,
  `countryName` varchar(400) NOT NULL,
  PRIMARY KEY (`idCountry`)
) ENGINE=InnoDB AUTO_INCREMENT=247 DEFAULT CHARSET=utf8mb4;
/*!40101 SET character_set_client = @saved_cs_client */;

--
-- Dumping data for table `tCountrys`
--

LOCK TABLES `tCountrys` WRITE;
/*!40000 ALTER TABLE `tCountrys` DISABLE KEYS */;
INSERT INTO `tCountrys` VALUES (1,'Australia'),(2,'Austria'),(3,'Azerbaiyán'),(4,'Anguilla'),(5,'Argentina'),(6,'Armenia'),(7,'Bielorrusia'),(8,'Belice'),(9,'Bélgica'),(10,'Bermudas'),(11,'Bulgaria'),(12,'Brasil'),(13,'Reino Unido'),(14,'Hungría'),(15,'Vietnam'),(16,'Haiti'),(17,'Guadalupe'),(18,'Alemania'),(19,'Países Bajos, Holanda'),(20,'Grecia'),(21,'Georgia'),(22,'Dinamarca'),(23,'Egipto'),(24,'Israel'),(25,'India'),(26,'Irán'),(27,'Irlanda'),(28,'España'),(29,'Italia'),(30,'Kazajstán'),(31,'Camerún'),(32,'Canadá'),(33,'Chipre'),(34,'Kirguistán'),(35,'China'),(36,'Costa Rica'),(37,'Kuwait'),(38,'Letonia'),(39,'Libia'),(40,'Lituania'),(41,'Luxemburgo'),(42,'México'),(43,'Moldavia'),(44,'Mónaco'),(45,'Nueva Zelanda'),(46,'Noruega'),(47,'Polonia'),(48,'Portugal'),(49,'Reunión'),(50,'Rusia'),(51,'El Salvador'),(52,'Eslovaquia'),(53,'Eslovenia'),(54,'Surinam'),(55,'Estados Unidos'),(56,'Tadjikistan'),(57,'Turkmenistan'),(58,'Islas Turcas y Caicos'),(59,'Turquía'),(60,'Uganda'),(61,'Uzbekistán'),(62,'Ucrania'),(63,'Finlandia'),(64,'Francia'),(65,'República Checa'),(66,'Suiza'),(67,'Suecia'),(68,'Estonia'),(69,'Corea del Sur'),(70,'Japón'),(71,'Croacia'),(72,'Rumanía'),(73,'Hong Kong'),(74,'Indonesia'),(75,'Jordania'),(76,'Malasia'),(77,'Singapur'),(78,'Taiwan'),(79,'Bosnia y Herzegovina'),(80,'Bahamas'),(81,'Chile'),(82,'Colombia'),(83,'Islandia'),(84,'Corea del Norte'),(85,'Macedonia'),(86,'Malta'),(87,'Pakistán'),(88,'Papúa-Nueva Guinea'),(89,'Perú'),(90,'Filipinas'),(91,'Arabia Saudita'),(92,'Tailandia'),(93,'Emiratos árabes Unidos'),(94,'Groenlandia'),(95,'Venezuela'),(96,'Zimbabwe'),(97,'Kenia'),(98,'Algeria'),(99,'Líbano'),(100,'Botsuana'),(101,'Tanzania'),(102,'Namibia'),(103,'Ecuador'),(104,'Marruecos'),(105,'Ghana'),(106,'Siria'),(107,'Nepal'),(108,'Mauritania'),(109,'Seychelles'),(110,'Paraguay'),(111,'Uruguay'),(112,'Congo (Brazzaville)'),(113,'Cuba'),(114,'Albania'),(115,'Nigeria'),(116,'Zambia'),(117,'Mozambique'),(119,'Angola'),(120,'Sri Lanka'),(121,'Etiopía'),(122,'Túnez'),(123,'Bolivia'),(124,'Panamá'),(125,'Malawi'),(126,'Liechtenstein'),(127,'Bahrein'),(128,'Barbados'),(130,'Chad'),(131,'Man, Isla de'),(132,'Jamaica'),(133,'Malí'),(134,'Madagascar'),(135,'Senegal'),(136,'Togo'),(137,'Honduras'),(138,'República Dominicana'),(139,'Mongolia'),(140,'Irak'),(141,'Sudáfrica'),(142,'Aruba'),(143,'Gibraltar'),(144,'Afganistán'),(145,'Andorra'),(147,'Antigua y Barbuda'),(149,'Bangladesh'),(151,'Benín'),(152,'Bután'),(154,'Islas Virgenes Británicas'),(155,'Brunéi'),(156,'Burkina Faso'),(157,'Burundi'),(158,'Camboya'),(159,'Cabo Verde'),(164,'Comores'),(165,'Congo (Kinshasa)'),(166,'Cook, Islas'),(168,'Costa de Marfil'),(169,'Djibouti, Yibuti'),(171,'Timor Oriental'),(172,'Guinea Ecuatorial'),(173,'Eritrea'),(175,'Feroe, Islas'),(176,'Fiyi'),(178,'Polinesia Francesa'),(180,'Gabón'),(181,'Gambia'),(184,'Granada'),(185,'Guatemala'),(186,'Guernsey'),(187,'Guinea'),(188,'Guinea-Bissau'),(189,'Guyana'),(193,'Jersey'),(195,'Kiribati'),(196,'Laos'),(197,'Lesotho'),(198,'Liberia'),(200,'Maldivas'),(201,'Martinica'),(202,'Mauricio'),(205,'Myanmar'),(206,'Nauru'),(207,'Antillas Holandesas'),(208,'Nueva Caledonia'),(209,'Nicaragua'),(210,'Níger'),(212,'Norfolk Island'),(213,'Omán'),(215,'Isla Pitcairn'),(216,'Qatar'),(217,'Ruanda'),(218,'Santa Elena'),(219,'San Cristobal y Nevis'),(220,'Santa Lucía'),(221,'San Pedro y Miquelón'),(222,'San Vincente y Granadinas'),(223,'Samoa'),(224,'San Marino'),(225,'San Tomé y Príncipe'),(226,'Serbia y Montenegro'),(227,'Sierra Leona'),(228,'Islas Salomón'),(229,'Somalia'),(232,'Sudán'),(234,'Swazilandia'),(235,'Tokelau'),(236,'Tonga'),(237,'Trinidad y Tobago'),(239,'Tuvalu'),(240,'Vanuatu'),(241,'Wallis y Futuna'),(242,'Sáhara Occidental'),(243,'Yemen'),(246,'Puerto Rico');
/*!40000 ALTER TABLE `tCountrys` ENABLE KEYS */;
UNLOCK TABLES;

--
-- Table structure for table `tModules`
--

DROP TABLE IF EXISTS `tModules`;
/*!40101 SET @saved_cs_client     = @@character_set_client */;
/*!40101 SET character_set_client = utf8 */;
CREATE TABLE `tModules` (
  `idModule` int(10) unsigned NOT NULL AUTO_INCREMENT,
  `nameModule` varchar(255) COLLATE utf8mb4_unicode_ci NOT NULL,
  `pathModule` varchar(255) COLLATE utf8mb4_unicode_ci NOT NULL,
  `idParent` int(11) NOT NULL,
  `created_at` timestamp NULL DEFAULT NULL,
  `updated_at` timestamp NULL DEFAULT NULL,
  `classIcon` varchar(255) COLLATE utf8mb4_unicode_ci NOT NULL,
  PRIMARY KEY (`idModule`)
) ENGINE=InnoDB AUTO_INCREMENT=22 DEFAULT CHARSET=utf8mb4 COLLATE=utf8mb4_unicode_ci;
/*!40101 SET character_set_client = @saved_cs_client */;

--
-- Dumping data for table `tModules`
--

LOCK TABLES `tModules` WRITE;
/*!40000 ALTER TABLE `tModules` DISABLE KEYS */;
INSERT INTO `tModules` VALUES (7,'Seguridad','security',7,NULL,NULL,'fa-lock'),(8,'Usuarios','security/users',7,NULL,NULL,'fa-user'),(9,'Modulos','security/modules',7,NULL,NULL,'fa-list-alt'),(13,'Impuestos','taxes',13,NULL,NULL,'fa-usd'),(14,'Tablero de Control','taxes/dashboard',13,NULL,NULL,'fa-dashboard'),(15,'Deudas de Clientes','taxes/customerdebt',13,NULL,NULL,'fa-list-alt'),(16,'Liquidar Impuestos','taxes/settle',13,NULL,NULL,'fa-play'),(17,'Configuración','taxes/config',13,NULL,NULL,'fa-cogs'),(18,'Reportes','taxes/reports',13,NULL,NULL,'fa-file-pdf-o'),(19,'Comprobantes','taxes/receipt',13,NULL,NULL,'fa-clipboard'),(20,'Monotributo','taxes/mono',13,NULL,NULL,'fa-user'),(21,'Datos','taxes/data',13,NULL,NULL,'fa-database');
/*!40000 ALTER TABLE `tModules` ENABLE KEYS */;
UNLOCK TABLES;

--
-- Table structure for table `tStates`
--

DROP TABLE IF EXISTS `tStates`;
/*!40101 SET @saved_cs_client     = @@character_set_client */;
/*!40101 SET character_set_client = utf8 */;
CREATE TABLE `tStates` (
  `idState` int(11) NOT NULL AUTO_INCREMENT,
  `idCountry` int(11) NOT NULL,
  `stateName` varchar(400) NOT NULL,
  PRIMARY KEY (`idState`)
) ENGINE=InnoDB AUTO_INCREMENT=2204 DEFAULT CHARSET=utf8mb4;
/*!40101 SET character_set_client = @saved_cs_client */;

--
-- Dumping data for table `tStates`
--

LOCK TABLES `tStates` WRITE;
/*!40000 ALTER TABLE `tStates` DISABLE KEYS */;
INSERT INTO `tStates` VALUES (1,3,'Azerbaijan'),(2,3,'Nargorni Karabakh'),(3,3,'Nakhichevanskaya Region'),(4,4,'Anguilla'),(5,7,'Brestskaya obl.'),(6,7,'Vitebskaya obl.'),(7,7,'Gomelskaya obl.'),(8,7,'Grodnenskaya obl.'),(9,7,'Minskaya obl.'),(10,7,'Mogilevskaya obl.'),(11,8,'Belize'),(12,10,'Hamilton'),(13,15,'Dong Bang Song Cuu Long'),(14,15,'Dong Bang Song Hong'),(15,15,'Dong Nam Bo'),(16,15,'Duyen Hai Mien Trung'),(17,15,'Khu Bon Cu'),(18,15,'Mien Nui Va Trung Du'),(19,15,'Thai Nguyen'),(20,16,'Artibonite'),(21,16,'Grand&#039;Anse'),(22,16,'North West'),(23,16,'West'),(24,16,'South'),(25,16,'South East'),(26,17,'Grande-Terre'),(27,17,'Basse-Terre'),(28,21,'Abkhazia'),(29,21,'Ajaria'),(30,21,'Georgia'),(31,21,'South Ossetia'),(32,23,'Al QÄhira'),(33,23,'Aswan'),(34,23,'Asyut'),(35,23,'Beni Suef'),(36,23,'Gharbia'),(37,23,'Damietta'),(38,24,'Southern District'),(39,24,'Central District'),(40,24,'Northern District'),(41,24,'Haifa'),(42,24,'Tel Aviv'),(43,24,'Jerusalem'),(44,25,'Bangala'),(45,25,'Chhattisgarh'),(46,25,'Karnataka'),(47,25,'Uttaranchal'),(48,25,'Andhara Pradesh'),(49,25,'Assam'),(50,25,'Bihar'),(51,25,'Gujarat'),(52,25,'Jammu and Kashmir'),(53,25,'Kerala'),(54,25,'Madhya Pradesh'),(55,25,'Manipur'),(56,25,'Maharashtra'),(57,25,'Megahalaya'),(58,25,'Orissa'),(59,25,'Punjab'),(60,25,'Pondisheri'),(61,25,'Rajasthan'),(62,25,'Tamil Nadu'),(63,25,'Tripura'),(64,25,'Uttar Pradesh'),(65,25,'Haryana'),(66,25,'Chandigarh'),(67,26,'Azarbayjan-e Khavari'),(68,26,'Esfahan'),(69,26,'Hamadan'),(70,26,'Kordestan'),(71,26,'Markazi'),(72,26,'Sistan-e Baluches'),(73,26,'Yazd'),(74,26,'Kerman'),(75,26,'Kermanshakhan'),(76,26,'Mazenderan'),(77,26,'Tehran'),(78,26,'Fars'),(79,26,'Horasan'),(80,26,'Husistan'),(81,30,'Aktyubinskaya obl.'),(82,30,'Alma-Atinskaya obl.'),(83,30,'Vostochno-Kazahstanskaya obl.'),(84,30,'Gurevskaya obl.'),(85,30,'Zhambylskaya obl. (Dzhambulskaya obl.)'),(86,30,'Dzhezkazganskaya obl.'),(87,30,'Karagandinskaya obl.'),(88,30,'Kzyl-Ordinskaya obl.'),(89,30,'Kokchetavskaya obl.'),(90,30,'Kustanaiskaya obl.'),(91,30,'Mangystauskaya (Mangyshlakskaya obl.)'),(92,30,'Pavlodarskaya obl.'),(93,30,'Severo-Kazahstanskaya obl.'),(94,30,'Taldy-Kurganskaya obl.'),(95,30,'Turgaiskaya obl.'),(96,30,'Akmolinskaya obl. (Tselinogradskaya obl.)'),(97,30,'Chimkentskaya obl.'),(98,31,'Littoral'),(99,31,'Southwest Region'),(100,31,'North'),(101,31,'Central'),(102,33,'Government controlled area'),(103,33,'Turkish controlled area'),(104,34,'Issik Kulskaya Region'),(105,34,'Kyrgyzstan'),(106,34,'Narinskaya Region'),(107,34,'Oshskaya Region'),(108,34,'Tallaskaya Region'),(109,37,'al-Jahra'),(110,37,'al-Kuwait'),(111,38,'Latviya'),(112,39,'Tarabulus'),(113,39,'Bengasi'),(114,40,'Litva'),(115,43,'Moldova'),(116,45,'Auckland'),(117,45,'Bay of Plenty'),(118,45,'Canterbury'),(119,45,'Gisborne'),(120,45,'Hawke&#039;s Bay'),(121,45,'Manawatu-Wanganui'),(122,45,'Marlborough'),(123,45,'Nelson'),(124,45,'Northland'),(125,45,'Otago'),(126,45,'Southland'),(127,45,'Taranaki'),(128,45,'Tasman'),(129,45,'Waikato'),(130,45,'Wellington'),(131,45,'West Coast'),(132,49,'Saint-Denis'),(133,50,'Altaiskii krai'),(134,50,'Amurskaya obl.'),(135,50,'Arhangelskaya obl.'),(136,50,'Astrahanskaya obl.'),(137,50,'Bashkiriya obl.'),(138,50,'Belgorodskaya obl.'),(139,50,'Bryanskaya obl.'),(140,50,'Buryatiya'),(141,50,'Vladimirskaya obl.'),(142,50,'Volgogradskaya obl.'),(143,50,'Vologodskaya obl.'),(144,50,'Voronezhskaya obl.'),(145,50,'Nizhegorodskaya obl.'),(146,50,'Dagestan'),(147,50,'Evreiskaya obl.'),(148,50,'Ivanovskaya obl.'),(149,50,'Irkutskaya obl.'),(150,50,'Kabardino-Balkariya'),(151,50,'Kaliningradskaya obl.'),(152,50,'Tverskaya obl.'),(153,50,'Kalmykiya'),(154,50,'Kaluzhskaya obl.'),(155,50,'Kamchatskaya obl.'),(156,50,'Kareliya'),(157,50,'Kemerovskaya obl.'),(158,50,'Kirovskaya obl.'),(159,50,'Komi'),(160,50,'Kostromskaya obl.'),(161,50,'Krasnodarskii krai'),(162,50,'Krasnoyarskii krai'),(163,50,'Kurganskaya obl.'),(164,50,'Kurskaya obl.'),(165,50,'Lipetskaya obl.'),(166,50,'Magadanskaya obl.'),(167,50,'Marii El'),(168,50,'Mordoviya'),(169,50,'Moscow &amp; Moscow Region'),(170,50,'Murmanskaya obl.'),(171,50,'Novgorodskaya obl.'),(172,50,'Novosibirskaya obl.'),(173,50,'Omskaya obl.'),(174,50,'Orenburgskaya obl.'),(175,50,'Orlovskaya obl.'),(176,50,'Penzenskaya obl.'),(177,50,'Permskiy krai'),(178,50,'Primorskii krai'),(179,50,'Pskovskaya obl.'),(180,50,'Rostovskaya obl.'),(181,50,'Ryazanskaya obl.'),(182,50,'Samarskaya obl.'),(183,50,'Saint-Petersburg and Region'),(184,50,'Saratovskaya obl.'),(185,50,'Saha (Yakutiya)'),(186,50,'Sahalin'),(187,50,'Sverdlovskaya obl.'),(188,50,'Severnaya Osetiya'),(189,50,'Smolenskaya obl.'),(190,50,'Stavropolskii krai'),(191,50,'Tambovskaya obl.'),(192,50,'Tatarstan'),(193,50,'Tomskaya obl.'),(195,50,'Tulskaya obl.'),(196,50,'Tyumenskaya obl. i Hanty-Mansiiskii AO'),(197,50,'Udmurtiya'),(198,50,'Ulyanovskaya obl.'),(199,50,'Uralskaya obl.'),(200,50,'Habarovskii krai'),(201,50,'Chelyabinskaya obl.'),(202,50,'Checheno-Ingushetiya'),(203,50,'Chitinskaya obl.'),(204,50,'Chuvashiya'),(205,50,'Yaroslavskaya obl.'),(206,51,'Ahuachapán'),(207,51,'Cuscatlán'),(208,51,'La Libertad'),(209,51,'La Paz'),(210,51,'La Unión'),(211,51,'San Miguel'),(212,51,'San Salvador'),(213,51,'Santa Ana'),(214,51,'Sonsonate'),(215,54,'Paramaribo'),(216,56,'Gorno-Badakhshan Region'),(217,56,'Kuljabsk Region'),(218,56,'Kurgan-Tjube Region'),(219,56,'Sughd Region'),(220,56,'Tajikistan'),(221,57,'Ashgabat Region'),(222,57,'Krasnovodsk Region'),(223,57,'Mary Region'),(224,57,'Tashauz Region'),(225,57,'Chardzhou Region'),(226,58,'Grand Turk'),(227,59,'Bartin'),(228,59,'Bayburt'),(229,59,'Karabuk'),(230,59,'Adana'),(231,59,'Aydin'),(232,59,'Amasya'),(233,59,'Ankara'),(234,59,'Antalya'),(235,59,'Artvin'),(236,59,'Afion'),(237,59,'Balikesir'),(238,59,'Bilecik'),(239,59,'Bursa'),(240,59,'Gaziantep'),(241,59,'Denizli'),(242,59,'Izmir'),(243,59,'Isparta'),(244,59,'Icel'),(245,59,'Kayseri'),(246,59,'Kars'),(247,59,'Kodjaeli'),(248,59,'Konya'),(249,59,'Kirklareli'),(250,59,'Kutahya'),(251,59,'Malatya'),(252,59,'Manisa'),(253,59,'Sakarya'),(254,59,'Samsun'),(255,59,'Sivas'),(256,59,'Istanbul'),(257,59,'Trabzon'),(258,59,'Corum'),(259,59,'Edirne'),(260,59,'Elazig'),(261,59,'Erzincan'),(262,59,'Erzurum'),(263,59,'Eskisehir'),(264,60,'Jinja'),(265,60,'Kampala'),(266,61,'Andijon Region'),(267,61,'Buxoro Region'),(268,61,'Jizzac Region'),(269,61,'Qaraqalpaqstan'),(270,61,'Qashqadaryo Region'),(271,61,'Navoiy Region'),(272,61,'Namangan Region'),(273,61,'Samarqand Region'),(274,61,'Surxondaryo Region'),(275,61,'Sirdaryo Region'),(276,61,'Tashkent Region'),(277,61,'Fergana Region'),(278,61,'Xorazm Region'),(279,62,'Vinnitskaya obl.'),(280,62,'Volynskaya obl.'),(281,62,'Dnepropetrovskaya obl.'),(282,62,'Donetskaya obl.'),(283,62,'Zhitomirskaya obl.'),(284,62,'Zakarpatskaya obl.'),(285,62,'Zaporozhskaya obl.'),(286,62,'Ivano-Frankovskaya obl.'),(287,62,'Kievskaya obl.'),(288,62,'Kirovogradskaya obl.'),(289,62,'Krymskaya obl.'),(290,62,'Luganskaya obl.'),(291,62,'Lvovskaya obl.'),(292,62,'Nikolaevskaya obl.'),(293,62,'Odesskaya obl.'),(294,62,'Poltavskaya obl.'),(295,62,'Rovenskaya obl.'),(296,62,'Sumskaya obl.'),(297,62,'Ternopolskaya obl.'),(298,62,'Harkovskaya obl.'),(299,62,'Hersonskaya obl.'),(300,62,'Hmelnitskaya obl.'),(301,62,'Cherkasskaya obl.'),(302,62,'Chernigovskaya obl.'),(303,62,'Chernovitskaya obl.'),(304,68,'Estoniya'),(305,69,'Cheju'),(306,69,'Chollabuk'),(307,69,'Chollanam'),(308,69,'Chungcheongbuk'),(309,69,'Chungcheongnam'),(310,69,'Incheon'),(311,69,'Kangweon'),(312,69,'Kwangju'),(313,69,'Kyeonggi'),(314,69,'Kyeongsangbuk'),(315,69,'Kyeongsangnam'),(316,69,'Pusan'),(317,69,'Seoul'),(318,69,'Taegu'),(319,69,'Taejeon'),(320,69,'Ulsan'),(321,70,'Aichi'),(322,70,'Akita'),(323,70,'Aomori'),(324,70,'Wakayama'),(325,70,'Gifu'),(326,70,'Gunma'),(327,70,'Ibaraki'),(328,70,'Iwate'),(329,70,'Ishikawa'),(330,70,'Kagawa'),(331,70,'Kagoshima'),(332,70,'Kanagawa'),(333,70,'Kyoto'),(334,70,'Kochi'),(335,70,'Kumamoto'),(336,70,'Mie'),(337,70,'Miyagi'),(338,70,'Miyazaki'),(339,70,'Nagano'),(340,70,'Nagasaki'),(341,70,'Nara'),(342,70,'Niigata'),(343,70,'Okayama'),(344,70,'Okinawa'),(345,70,'Osaka'),(346,70,'Saga'),(347,70,'Saitama'),(348,70,'Shiga'),(349,70,'Shizuoka'),(350,70,'Shimane'),(351,70,'Tiba'),(352,70,'Tokyo'),(353,70,'Tokushima'),(354,70,'Tochigi'),(355,70,'Tottori'),(356,70,'Toyama'),(357,70,'Fukui'),(358,70,'Fukuoka'),(359,70,'Fukushima'),(360,70,'Hiroshima'),(361,70,'Hokkaido'),(362,70,'Hyogo'),(363,70,'Yoshimi'),(364,70,'Yamagata'),(365,70,'Yamaguchi'),(366,70,'Yamanashi'),(368,73,'Hong Kong'),(369,74,'Indonesia'),(370,75,'Jordan'),(371,76,'Malaysia'),(372,77,'Singapore'),(373,78,'Taiwan'),(374,30,'Kazahstan'),(375,62,'Ukraina'),(376,25,'India'),(377,23,'Egypt'),(378,106,'Damascus'),(379,131,'Isle of Man'),(380,30,'Zapadno-Kazahstanskaya obl.'),(381,50,'Adygeya'),(382,50,'Hakasiya'),(383,93,'Dubai'),(384,50,'Chukotskii AO'),(385,99,'Beirut'),(386,137,'Tegucigalpa'),(387,138,'Santo Domingo'),(388,139,'Ulan Bator'),(389,23,'Sinai'),(390,140,'Baghdad'),(391,140,'Basra'),(392,140,'Mosul'),(393,141,'Johannesburg'),(394,104,'Morocco'),(395,104,'Tangier'),(396,50,'Yamalo-Nenetskii AO'),(397,122,'Tunisia'),(398,92,'Thailand'),(399,117,'Mozambique'),(400,84,'Korea'),(401,87,'Pakistan'),(402,142,'Aruba'),(403,80,'Bahamas'),(404,69,'South Korea'),(405,132,'Jamaica'),(406,93,'Sharjah'),(407,93,'Abu Dhabi'),(409,24,'Ramat Hagolan'),(410,115,'Nigeria'),(411,64,'Ain'),(412,64,'Haute-Savoie'),(413,64,'Aisne'),(414,64,'Allier'),(415,64,'Alpes-de-Haute-Provence'),(416,64,'Hautes-Alpes'),(417,64,'Alpes-Maritimes'),(418,64,'Ard&egrave;che'),(419,64,'Ardennes'),(420,64,'Ari&egrave;ge'),(421,64,'Aube'),(422,64,'Aude'),(423,64,'Aveyron'),(424,64,'Bouches-du-Rh&ocirc;ne'),(425,64,'Calvados'),(426,64,'Cantal'),(427,64,'Charente'),(428,64,'Charente Maritime'),(429,64,'Cher'),(430,64,'Corr&egrave;ze'),(431,64,'Dordogne'),(432,64,'Corse'),(433,64,'C&ocirc;te d&#039;Or'),(434,64,'Sa&ocirc;ne et Loire'),(435,64,'C&ocirc;tes d&#039;Armor'),(436,64,'Creuse'),(437,64,'Doubs'),(438,64,'Dr&ocirc;me'),(439,64,'Eure'),(440,64,'Eure-et-Loire'),(441,64,'Finist&egrave;re'),(442,64,'Gard'),(443,64,'Haute-Garonne'),(444,64,'Gers'),(445,64,'Gironde'),(446,64,'Hérault'),(447,64,'Ille et Vilaine'),(448,64,'Indre'),(449,64,'Indre-et-Loire'),(450,64,'Isère'),(451,64,'Jura'),(452,64,'Landes'),(453,64,'Loir-et-Cher'),(454,64,'Loire'),(455,64,'Rh&ocirc;ne'),(456,64,'Haute-Loire'),(457,64,'Loire Atlantique'),(458,64,'Loiret'),(459,64,'Lot'),(460,64,'Lot-et-Garonne'),(461,64,'Loz&egrave;re'),(462,64,'Maine et Loire'),(463,64,'Manche'),(464,64,'Marne'),(465,64,'Haute-Marne'),(466,64,'Mayenne'),(467,64,'Meurthe-et-Moselle'),(468,64,'Meuse'),(469,64,'Morbihan'),(470,64,'Moselle'),(471,64,'Ni&egrave;vre'),(472,64,'Nord'),(473,64,'Oise'),(474,64,'Orne'),(475,64,'Pas-de-Calais'),(476,64,'Puy-de-D&ocirc;me'),(477,64,'Pyrénées-Atlantiques'),(478,64,'Hautes-Pyrénées'),(479,64,'Pyrénées-Orientales'),(480,64,'Bas Rhin'),(481,64,'Haut Rhin'),(482,64,'Haute-Sa&ocirc;ne'),(483,64,'Sarthe'),(484,64,'Savoie'),(485,64,'Paris'),(486,64,'Seine-Maritime'),(487,64,'Seine-et-Marne'),(488,64,'Yvelines'),(489,64,'Deux-S&egrave;vres'),(490,64,'Somme'),(491,64,'Tarn'),(492,64,'Tarn-et-Garonne'),(493,64,'Var'),(494,64,'Vaucluse'),(495,64,'Vendée'),(496,64,'Vienne'),(497,64,'Haute-Vienne'),(498,64,'Vosges'),(499,64,'Yonne'),(500,64,'Territoire de Belfort'),(501,64,'Essonne'),(502,64,'Hauts-de-Seine'),(503,64,'Seine-Saint-Denis'),(504,64,'Val-de-Marne'),(505,64,'Val-d&#039;Oise'),(506,29,'Piemonte - Torino'),(507,29,'Piemonte - Alessandria'),(508,29,'Piemonte - Asti'),(509,29,'Piemonte - Biella'),(510,29,'Piemonte - Cuneo'),(511,29,'Piemonte - Novara'),(512,29,'Piemonte - Verbania'),(513,29,'Piemonte - Vercelli'),(514,29,'Valle d&#039;Aosta - Aosta'),(515,29,'Lombardia - Milano'),(516,29,'Lombardia - Bergamo'),(517,29,'Lombardia - Brescia'),(518,29,'Lombardia - Como'),(519,29,'Lombardia - Cremona'),(520,29,'Lombardia - Lecco'),(521,29,'Lombardia - Lodi'),(522,29,'Lombardia - Mantova'),(523,29,'Lombardia - Pavia'),(524,29,'Lombardia - Sondrio'),(525,29,'Lombardia - Varese'),(526,29,'Trentino Alto Adige - Trento'),(527,29,'Trentino Alto Adige - Bolzano'),(528,29,'Veneto - Venezia'),(529,29,'Veneto - Belluno'),(530,29,'Veneto - Padova'),(531,29,'Veneto - Rovigo'),(532,29,'Veneto - Treviso'),(533,29,'Veneto - Verona'),(534,29,'Veneto - Vicenza'),(535,29,'Friuli Venezia Giulia - Trieste'),(536,29,'Friuli Venezia Giulia - Gorizia'),(537,29,'Friuli Venezia Giulia - Pordenone'),(538,29,'Friuli Venezia Giulia - Udine'),(539,29,'Liguria - Genova'),(540,29,'Liguria - Imperia'),(541,29,'Liguria - La Spezia'),(542,29,'Liguria - Savona'),(543,29,'Emilia Romagna - Bologna'),(544,29,'Emilia Romagna - Ferrara'),(545,29,'Emilia Romagna - Forlì-Cesena'),(546,29,'Emilia Romagna - Modena'),(547,29,'Emilia Romagna - Parma'),(548,29,'Emilia Romagna - Piacenza'),(549,29,'Emilia Romagna - Ravenna'),(550,29,'Emilia Romagna - Reggio Emilia'),(551,29,'Emilia Romagna - Rimini'),(552,29,'Toscana - Firenze'),(553,29,'Toscana - Arezzo'),(554,29,'Toscana - Grosseto'),(555,29,'Toscana - Livorno'),(556,29,'Toscana - Lucca'),(557,29,'Toscana - Massa Carrara'),(558,29,'Toscana - Pisa'),(559,29,'Toscana - Pistoia'),(560,29,'Toscana - Prato'),(561,29,'Toscana - Siena'),(562,29,'Umbria - Perugia'),(563,29,'Umbria - Terni'),(564,29,'Marche - Ancona'),(565,29,'Marche - Ascoli Piceno'),(566,29,'Marche - Macerata'),(567,29,'Marche - Pesaro - Urbino'),(568,29,'Lazio - Roma'),(569,29,'Lazio - Frosinone'),(570,29,'Lazio - Latina'),(571,29,'Lazio - Rieti'),(572,29,'Lazio - Viterbo'),(573,29,'Abruzzo - L´Aquila'),(574,29,'Abruzzo - Chieti'),(575,29,'Abruzzo - Pescara'),(576,29,'Abruzzo - Teramo'),(577,29,'Molise - Campobasso'),(578,29,'Molise - Isernia'),(579,29,'Campania - Napoli'),(580,29,'Campania - Avellino'),(581,29,'Campania - Benevento'),(582,29,'Campania - Caserta'),(583,29,'Campania - Salerno'),(584,29,'Puglia - Bari'),(585,29,'Puglia - Brindisi'),(586,29,'Puglia - Foggia'),(587,29,'Puglia - Lecce'),(588,29,'Puglia - Taranto'),(589,29,'Basilicata - Potenza'),(590,29,'Basilicata - Matera'),(591,29,'Calabria - Catanzaro'),(592,29,'Calabria - Cosenza'),(593,29,'Calabria - Crotone'),(594,29,'Calabria - Reggio Calabria'),(595,29,'Calabria - Vibo Valentia'),(596,29,'Sicilia - Palermo'),(597,29,'Sicilia - Agrigento'),(598,29,'Sicilia - Caltanissetta'),(599,29,'Sicilia - Catania'),(600,29,'Sicilia - Enna'),(601,29,'Sicilia - Messina'),(602,29,'Sicilia - Ragusa'),(603,29,'Sicilia - Siracusa'),(604,29,'Sicilia - Trapani'),(605,29,'Sardegna - Cagliari'),(606,29,'Sardegna - Nuoro'),(607,29,'Sardegna - Oristano'),(608,29,'Sardegna - Sassari'),(609,28,'Las Palmas'),(610,28,'Soria'),(611,28,'Palencia'),(612,28,'Zamora'),(613,28,'Cádiz'),(614,28,'Navarra'),(615,28,'Ourense'),(616,28,'Segovia'),(617,28,'Guip&uacute;zcoa'),(618,28,'Ciudad Real'),(619,28,'Vizcaya'),(620,28,'álava'),(621,28,'A Coruña'),(622,28,'Cantabria'),(623,28,'Almería'),(624,28,'Zaragoza'),(625,28,'Santa Cruz de Tenerife'),(626,28,'Cáceres'),(627,28,'Guadalajara'),(628,28,'ávila'),(629,28,'Toledo'),(630,28,'Castellón'),(631,28,'Tarragona'),(632,28,'Lugo'),(633,28,'La Rioja'),(634,28,'Ceuta'),(635,28,'Murcia'),(636,28,'Salamanca'),(637,28,'Valladolid'),(638,28,'Jaén'),(639,28,'Girona'),(640,28,'Granada'),(641,28,'Alacant'),(642,28,'Córdoba'),(643,28,'Albacete'),(644,28,'Cuenca'),(645,28,'Pontevedra'),(646,28,'Teruel'),(647,28,'Melilla'),(648,28,'Barcelona'),(649,28,'Badajoz'),(650,28,'Madrid'),(651,28,'Sevilla'),(652,28,'Val&egrave;ncia'),(653,28,'Huelva'),(654,28,'Lleida'),(655,28,'León'),(656,28,'Illes Balears'),(657,28,'Burgos'),(658,28,'Huesca'),(659,28,'Asturias'),(660,28,'Málaga'),(661,144,'Afghanistan'),(662,210,'Niger'),(663,133,'Mali'),(664,156,'Burkina Faso'),(665,136,'Togo'),(666,151,'Benin'),(667,119,'Angola'),(668,102,'Namibia'),(669,100,'Botswana'),(670,134,'Madagascar'),(671,202,'Mauritius'),(672,196,'Laos'),(673,158,'Cambodia'),(674,90,'Philippines'),(675,88,'Papua New Guinea'),(676,228,'Solomon Islands'),(677,240,'Vanuatu'),(678,176,'Fiji'),(679,223,'Samoa'),(680,206,'Nauru'),(681,168,'Cote D&#039;Ivoire'),(682,198,'Liberia'),(683,187,'Guinea'),(684,189,'Guyana'),(685,98,'Algeria'),(686,147,'Antigua and Barbuda'),(687,127,'Bahrain'),(688,149,'Bangladesh'),(689,128,'Barbados'),(690,152,'Bhutan'),(691,155,'Brunei'),(692,157,'Burundi'),(693,159,'Cape Verde'),(694,130,'Chad'),(695,164,'Comoros'),(696,112,'Congo (Brazzaville)'),(697,169,'Djibouti'),(698,171,'East Timor'),(699,173,'Eritrea'),(700,121,'Ethiopia'),(701,180,'Gabon'),(702,181,'Gambia'),(703,105,'Ghana'),(704,197,'Lesotho'),(705,125,'Malawi'),(706,200,'Maldives'),(707,205,'Myanmar (Burma)'),(708,107,'Nepal'),(709,213,'Oman'),(710,217,'Rwanda'),(711,91,'Saudi Arabia'),(712,120,'Sri Lanka'),(713,232,'Sudan'),(714,234,'Swaziland'),(715,101,'Tanzania'),(716,236,'Tonga'),(717,239,'Tuvalu'),(718,242,'Western Sahara'),(719,243,'Yemen'),(720,116,'Zambia'),(721,96,'Zimbabwe'),(722,66,'Aargau'),(723,66,'Appenzell Innerrhoden'),(724,66,'Appenzell Ausserrhoden'),(725,66,'Bern'),(726,66,'Basel-Landschaft'),(727,66,'Basel-Stadt'),(728,66,'Fribourg'),(729,66,'Gen&egrave;ve'),(730,66,'Glarus'),(731,66,'Graubünden'),(732,66,'Jura'),(733,66,'Luzern'),(734,66,'Neuch&acirc;tel'),(735,66,'Nidwalden'),(736,66,'Obwalden'),(737,66,'Sankt Gallen'),(738,66,'Schaffhausen'),(739,66,'Solothurn'),(740,66,'Schwyz'),(741,66,'Thurgau'),(742,66,'Ticino'),(743,66,'Uri'),(744,66,'Vaud'),(745,66,'Valais'),(746,66,'Zug'),(747,66,'Zürich'),(749,48,'Aveiro'),(750,48,'Beja'),(751,48,'Braga'),(752,48,'Braganca'),(753,48,'Castelo Branco'),(754,48,'Coimbra'),(755,48,'Evora'),(756,48,'Faro'),(757,48,'Madeira'),(758,48,'Guarda'),(759,48,'Leiria'),(760,48,'Lisboa'),(761,48,'Portalegre'),(762,48,'Porto'),(763,48,'Santarem'),(764,48,'Setubal'),(765,48,'Viana do Castelo'),(766,48,'Vila Real'),(767,48,'Viseu'),(768,48,'Azores'),(769,55,'Armed Forces Americas'),(770,55,'Armed Forces Europe'),(771,55,'Alaska'),(772,55,'Alabama'),(773,55,'Armed Forces Pacific'),(774,55,'Arkansas'),(775,55,'American Samoa'),(776,55,'Arizona'),(777,55,'California'),(778,55,'Colorado'),(779,55,'Connecticut'),(780,55,'District of Columbia'),(781,55,'Delaware'),(782,55,'Florida'),(783,55,'Federated States of Micronesia'),(784,55,'Georgia'),(786,55,'Hawaii'),(787,55,'Iowa'),(788,55,'Idaho'),(789,55,'Illinois'),(790,55,'Indiana'),(791,55,'Kansas'),(792,55,'Kentucky'),(793,55,'Louisiana'),(794,55,'Massachusetts'),(795,55,'Maryland'),(796,55,'Maine'),(797,55,'Marshall Islands'),(798,55,'Michigan'),(799,55,'Minnesota'),(800,55,'Missouri'),(801,55,'Northern Mariana Islands'),(802,55,'Mississippi'),(803,55,'Montana'),(804,55,'North Carolina'),(805,55,'North Dakota'),(806,55,'Nebraska'),(807,55,'New Hampshire'),(808,55,'New Jersey'),(809,55,'New Mexico'),(810,55,'Nevada'),(811,55,'New York'),(812,55,'Ohio'),(813,55,'Oklahoma'),(814,55,'Oregon'),(815,55,'Pennsylvania'),(816,246,'Puerto Rico'),(817,55,'Palau'),(818,55,'Rhode Island'),(819,55,'South Carolina'),(820,55,'South Dakota'),(821,55,'Tennessee'),(822,55,'Texas'),(823,55,'Utah'),(824,55,'Virginia'),(825,55,'Virgin Islands'),(826,55,'Vermont'),(827,55,'Washington'),(828,55,'West Virginia'),(829,55,'Wisconsin'),(830,55,'Wyoming'),(831,94,'Greenland'),(832,18,'Brandenburg'),(833,18,'Baden-Württemberg'),(834,18,'Bayern'),(835,18,'Hessen'),(836,18,'Hamburg'),(837,18,'Mecklenburg-Vorpommern'),(838,18,'Niedersachsen'),(839,18,'Nordrhein-Westfalen'),(840,18,'Rheinland-Pfalz'),(841,18,'Schleswig-Holstein'),(842,18,'Sachsen'),(843,18,'Sachsen-Anhalt'),(844,18,'Thüringen'),(845,18,'Berlin'),(846,18,'Bremen'),(847,18,'Saarland'),(848,13,'Scotland North'),(849,13,'England - East'),(850,13,'England - West Midlands'),(851,13,'England - South West'),(852,13,'England - North West'),(853,13,'England - Yorks &amp; Humber'),(854,13,'England - South East'),(855,13,'England - London'),(856,13,'Northern Ireland'),(857,13,'England - North East'),(858,13,'Wales South'),(859,13,'Wales North'),(860,13,'England - East Midlands'),(861,13,'Scotland Central'),(862,13,'Scotland South'),(863,13,'Channel Islands'),(864,13,'Isle of Man'),(865,2,'Burgenland'),(866,2,'Kärnten'),(867,2,'Niederösterreich'),(868,2,'Oberösterreich'),(869,2,'Salzburg'),(870,2,'Steiermark'),(871,2,'Tirol'),(872,2,'Vorarlberg'),(873,2,'Wien'),(874,9,'Bruxelles'),(875,9,'West-Vlaanderen'),(876,9,'Oost-Vlaanderen'),(877,9,'Limburg'),(878,9,'Vlaams Brabant'),(879,9,'Antwerpen'),(880,9,'LiÄge'),(881,9,'Namur'),(882,9,'Hainaut'),(883,9,'Luxembourg'),(884,9,'Brabant Wallon'),(887,67,'Blekinge Lan'),(888,67,'Gavleborgs Lan'),(890,67,'Gotlands Lan'),(891,67,'Hallands Lan'),(892,67,'Jamtlands Lan'),(893,67,'Jonkopings Lan'),(894,67,'Kalmar Lan'),(895,67,'Dalarnas Lan'),(897,67,'Kronobergs Lan'),(899,67,'Norrbottens Lan'),(900,67,'Orebro Lan'),(901,67,'Ostergotlands Lan'),(903,67,'Sodermanlands Lan'),(904,67,'Uppsala Lan'),(905,67,'Varmlands Lan'),(906,67,'Vasterbottens Lan'),(907,67,'Vasternorrlands Lan'),(908,67,'Vastmanlands Lan'),(909,67,'Stockholms Lan'),(910,67,'Skane Lan'),(911,67,'Vastra Gotaland'),(913,46,'Akershus'),(914,46,'Aust-Agder'),(915,46,'Buskerud'),(916,46,'Finnmark'),(917,46,'Hedmark'),(918,46,'Hordaland'),(919,46,'More og Romsdal'),(920,46,'Nordland'),(921,46,'Nord-Trondelag'),(922,46,'Oppland'),(923,46,'Oslo'),(924,46,'Ostfold'),(925,46,'Rogaland'),(926,46,'Sogn og Fjordane'),(927,46,'Sor-Trondelag'),(928,46,'Telemark'),(929,46,'Troms'),(930,46,'Vest-Agder'),(931,46,'Vestfold'),(933,63,'&ETH;&bull;land'),(934,63,'Lapland'),(935,63,'Oulu'),(936,63,'Southern Finland'),(937,63,'Eastern Finland'),(938,63,'Western Finland'),(940,22,'Arhus'),(941,22,'Bornholm'),(942,22,'Frederiksborg'),(943,22,'Fyn'),(944,22,'Kobenhavn'),(945,22,'Staden Kobenhavn'),(946,22,'Nordjylland'),(947,22,'Ribe'),(948,22,'Ringkobing'),(949,22,'Roskilde'),(950,22,'Sonderjylland'),(951,22,'Storstrom'),(952,22,'Vejle'),(953,22,'Vestsjalland'),(954,22,'Viborg'),(956,65,'Hlavni Mesto Praha'),(957,65,'Jihomoravsky Kraj'),(958,65,'Jihocesky Kraj'),(959,65,'Vysocina'),(960,65,'Karlovarsky Kraj'),(961,65,'Kralovehradecky Kraj'),(962,65,'Liberecky Kraj'),(963,65,'Olomoucky Kraj'),(964,65,'Moravskoslezsky Kraj'),(965,65,'Pardubicky Kraj'),(966,65,'Plzensky Kraj'),(967,65,'Stredocesky Kraj'),(968,65,'Ustecky Kraj'),(969,65,'Zlinsky Kraj'),(971,114,'Berat'),(972,114,'Diber'),(973,114,'Durres'),(974,114,'Elbasan'),(975,114,'Fier'),(976,114,'Gjirokaster'),(977,114,'Korce'),(978,114,'Kukes'),(979,114,'Lezhe'),(980,114,'Shkoder'),(981,114,'Tirane'),(982,114,'Vlore'),(984,145,'Canillo'),(985,145,'Encamp'),(986,145,'La Massana'),(987,145,'Ordino'),(988,145,'Sant Julia de Loria'),(989,145,'Andorra la Vella'),(990,145,'Escaldes-Engordany'),(992,6,'Aragatsotn'),(993,6,'Ararat'),(994,6,'Armavir'),(995,6,'Geghark&#039;unik&#039;'),(996,6,'Kotayk&#039;'),(997,6,'Lorri'),(998,6,'Shirak'),(999,6,'Syunik&#039;'),(1000,6,'Tavush'),(1001,6,'Vayots&#039; Dzor'),(1002,6,'Yerevan'),(1004,79,'Federation of Bosnia and Herzegovina'),(1005,79,'Republika Srpska'),(1007,11,'Mikhaylovgrad'),(1008,11,'Blagoevgrad'),(1009,11,'Burgas'),(1010,11,'Dobrich'),(1011,11,'Gabrovo'),(1012,11,'Grad Sofiya'),(1013,11,'Khaskovo'),(1014,11,'Kurdzhali'),(1015,11,'Kyustendil'),(1016,11,'Lovech'),(1017,11,'Montana'),(1018,11,'Pazardzhik'),(1019,11,'Pernik'),(1020,11,'Pleven'),(1021,11,'Plovdiv'),(1022,11,'Razgrad'),(1023,11,'Ruse'),(1024,11,'Shumen'),(1025,11,'Silistra'),(1026,11,'Sliven'),(1027,11,'Smolyan'),(1028,11,'Sofiya'),(1029,11,'Stara Zagora'),(1030,11,'Turgovishte'),(1031,11,'Varna'),(1032,11,'Veliko Turnovo'),(1033,11,'Vidin'),(1034,11,'Vratsa'),(1035,11,'Yambol'),(1037,71,'Bjelovarsko-Bilogorska'),(1038,71,'Brodsko-Posavska'),(1039,71,'Dubrovacko-Neretvanska'),(1040,71,'Istarska'),(1041,71,'Karlovacka'),(1042,71,'Koprivnicko-Krizevacka'),(1043,71,'Krapinsko-Zagorska'),(1044,71,'Licko-Senjska'),(1045,71,'Medimurska'),(1046,71,'Osjecko-Baranjska'),(1047,71,'Pozesko-Slavonska'),(1048,71,'Primorsko-Goranska'),(1049,71,'Sibensko-Kninska'),(1050,71,'Sisacko-Moslavacka'),(1051,71,'Splitsko-Dalmatinska'),(1052,71,'Varazdinska'),(1053,71,'Viroviticko-Podravska'),(1054,71,'Vukovarsko-Srijemska'),(1055,71,'Zadarska'),(1056,71,'Zagrebacka'),(1057,71,'Grad Zagreb'),(1059,143,'Gibraltar'),(1060,20,'Evros'),(1061,20,'Rodhopi'),(1062,20,'Xanthi'),(1063,20,'Drama'),(1064,20,'Serrai'),(1065,20,'Kilkis'),(1066,20,'Pella'),(1067,20,'Florina'),(1068,20,'Kastoria'),(1069,20,'Grevena'),(1070,20,'Kozani'),(1071,20,'Imathia'),(1072,20,'Thessaloniki'),(1073,20,'Kavala'),(1074,20,'Khalkidhiki'),(1075,20,'Pieria'),(1076,20,'Ioannina'),(1077,20,'Thesprotia'),(1078,20,'Preveza'),(1079,20,'Arta'),(1080,20,'Larisa'),(1081,20,'Trikala'),(1082,20,'Kardhitsa'),(1083,20,'Magnisia'),(1084,20,'Kerkira'),(1085,20,'Levkas'),(1086,20,'Kefallinia'),(1087,20,'Zakinthos'),(1088,20,'Fthiotis'),(1089,20,'Evritania'),(1090,20,'Aitolia kai Akarnania'),(1091,20,'Fokis'),(1092,20,'Voiotia'),(1093,20,'Evvoia'),(1094,20,'Attiki'),(1095,20,'Argolis'),(1096,20,'Korinthia'),(1097,20,'Akhaia'),(1098,20,'Ilia'),(1099,20,'Messinia'),(1100,20,'Arkadhia'),(1101,20,'Lakonia'),(1102,20,'Khania'),(1103,20,'Rethimni'),(1104,20,'Iraklion'),(1105,20,'Lasithi'),(1106,20,'Dhodhekanisos'),(1107,20,'Samos'),(1108,20,'Kikladhes'),(1109,20,'Khios'),(1110,20,'Lesvos'),(1112,14,'Bacs-Kiskun'),(1113,14,'Baranya'),(1114,14,'Bekes'),(1115,14,'Borsod-Abauj-Zemplen'),(1116,14,'Budapest'),(1117,14,'Csongrad'),(1118,14,'Debrecen'),(1119,14,'Fejer'),(1120,14,'Gyor-Moson-Sopron'),(1121,14,'Hajdu-Bihar'),(1122,14,'Heves'),(1123,14,'Komarom-Esztergom'),(1124,14,'Miskolc'),(1125,14,'Nograd'),(1126,14,'Pecs'),(1127,14,'Pest'),(1128,14,'Somogy'),(1129,14,'Szabolcs-Szatmar-Bereg'),(1130,14,'Szeged'),(1131,14,'Jasz-Nagykun-Szolnok'),(1132,14,'Tolna'),(1133,14,'Vas'),(1134,14,'Veszprem'),(1135,14,'Zala'),(1136,14,'Gyor'),(1150,14,'Veszprem'),(1152,126,'Balzers'),(1153,126,'Eschen'),(1154,126,'Gamprin'),(1155,126,'Mauren'),(1156,126,'Planken'),(1157,126,'Ruggell'),(1158,126,'Schaan'),(1159,126,'Schellenberg'),(1160,126,'Triesen'),(1161,126,'Triesenberg'),(1162,126,'Vaduz'),(1163,41,'Diekirch'),(1164,41,'Grevenmacher'),(1165,41,'Luxembourg'),(1167,85,'Aracinovo'),(1168,85,'Bac'),(1169,85,'Belcista'),(1170,85,'Berovo'),(1171,85,'Bistrica'),(1172,85,'Bitola'),(1173,85,'Blatec'),(1174,85,'Bogdanci'),(1175,85,'Bogomila'),(1176,85,'Bogovinje'),(1177,85,'Bosilovo'),(1179,85,'Cair'),(1180,85,'Capari'),(1181,85,'Caska'),(1182,85,'Cegrane'),(1184,85,'Centar Zupa'),(1187,85,'Debar'),(1188,85,'Delcevo'),(1190,85,'Demir Hisar'),(1191,85,'Demir Kapija'),(1195,85,'Dorce Petrov'),(1198,85,'Gazi Baba'),(1199,85,'Gevgelija'),(1200,85,'Gostivar'),(1201,85,'Gradsko'),(1204,85,'Jegunovce'),(1205,85,'Kamenjane'),(1207,85,'Karpos'),(1208,85,'Kavadarci'),(1209,85,'Kicevo'),(1210,85,'Kisela Voda'),(1211,85,'Klecevce'),(1212,85,'Kocani'),(1214,85,'Kondovo'),(1217,85,'Kratovo'),(1219,85,'Krivogastani'),(1220,85,'Krusevo'),(1223,85,'Kumanovo'),(1224,85,'Labunista'),(1225,85,'Lipkovo'),(1228,85,'Makedonska Kamenica'),(1229,85,'Makedonski Brod'),(1234,85,'Murtino'),(1235,85,'Negotino'),(1238,85,'Novo Selo'),(1240,85,'Ohrid'),(1242,85,'Orizari'),(1245,85,'Petrovec'),(1248,85,'Prilep'),(1249,85,'Probistip'),(1250,85,'Radovis'),(1252,85,'Resen'),(1253,85,'Rosoman'),(1256,85,'Saraj'),(1260,85,'Srbinovo'),(1262,85,'Star Dojran'),(1264,85,'Stip'),(1265,85,'Struga'),(1266,85,'Strumica'),(1267,85,'Studenicani'),(1268,85,'Suto Orizari'),(1269,85,'Sveti Nikole'),(1270,85,'Tearce'),(1271,85,'Tetovo'),(1273,85,'Valandovo'),(1275,85,'Veles'),(1277,85,'Vevcani'),(1278,85,'Vinica'),(1281,85,'Vrapciste'),(1286,85,'Zelino'),(1289,85,'Zrnovci'),(1291,86,'Malta'),(1292,44,'La Condamine'),(1293,44,'Monaco'),(1294,44,'Monte-Carlo'),(1295,47,'Biala Podlaska'),(1296,47,'Bialystok'),(1297,47,'Bielsko'),(1298,47,'Bydgoszcz'),(1299,47,'Chelm'),(1300,47,'Ciechanow'),(1301,47,'Czestochowa'),(1302,47,'Elblag'),(1303,47,'Gdansk'),(1304,47,'Gorzow'),(1305,47,'Jelenia Gora'),(1306,47,'Kalisz'),(1307,47,'Katowice'),(1308,47,'Kielce'),(1309,47,'Konin'),(1310,47,'Koszalin'),(1311,47,'Krakow'),(1312,47,'Krosno'),(1313,47,'Legnica'),(1314,47,'Leszno'),(1315,47,'Lodz'),(1316,47,'Lomza'),(1317,47,'Lublin'),(1318,47,'Nowy Sacz'),(1319,47,'Olsztyn'),(1320,47,'Opole'),(1321,47,'Ostroleka'),(1322,47,'Pila'),(1323,47,'Piotrkow'),(1324,47,'Plock'),(1325,47,'Poznan'),(1326,47,'Przemysl'),(1327,47,'Radom'),(1328,47,'Rzeszow'),(1329,47,'Siedlce'),(1330,47,'Sieradz'),(1331,47,'Skierniewice'),(1332,47,'Slupsk'),(1333,47,'Suwalki'),(1335,47,'Tarnobrzeg'),(1336,47,'Tarnow'),(1337,47,'Torun'),(1338,47,'Walbrzych'),(1339,47,'Warszawa'),(1340,47,'Wloclawek'),(1341,47,'Wroclaw'),(1342,47,'Zamosc'),(1343,47,'Zielona Gora'),(1344,47,'Dolnoslaskie'),(1345,47,'Kujawsko-Pomorskie'),(1346,47,'Lodzkie'),(1347,47,'Lubelskie'),(1348,47,'Lubuskie'),(1349,47,'Malopolskie'),(1350,47,'Mazowieckie'),(1351,47,'Opolskie'),(1352,47,'Podkarpackie'),(1353,47,'Podlaskie'),(1354,47,'Pomorskie'),(1355,47,'Slaskie'),(1356,47,'Swietokrzyskie'),(1357,47,'Warminsko-Mazurskie'),(1358,47,'Wielkopolskie'),(1359,47,'Zachodniopomorskie'),(1361,72,'Alba'),(1362,72,'Arad'),(1363,72,'Arges'),(1364,72,'Bacau'),(1365,72,'Bihor'),(1366,72,'Bistrita-Nasaud'),(1367,72,'Botosani'),(1368,72,'Braila'),(1369,72,'Brasov'),(1370,72,'Bucuresti'),(1371,72,'Buzau'),(1372,72,'Caras-Severin'),(1373,72,'Cluj'),(1374,72,'Constanta'),(1375,72,'Covasna'),(1376,72,'Dambovita'),(1377,72,'Dolj'),(1378,72,'Galati'),(1379,72,'Gorj'),(1380,72,'Harghita'),(1381,72,'Hunedoara'),(1382,72,'Ialomita'),(1383,72,'Iasi'),(1384,72,'Maramures'),(1385,72,'Mehedinti'),(1386,72,'Mures'),(1387,72,'Neamt'),(1388,72,'Olt'),(1389,72,'Prahova'),(1390,72,'Salaj'),(1391,72,'Satu Mare'),(1392,72,'Sibiu'),(1393,72,'Suceava'),(1394,72,'Teleorman'),(1395,72,'Timis'),(1396,72,'Tulcea'),(1397,72,'Vaslui'),(1398,72,'Valcea'),(1399,72,'Vrancea'),(1400,72,'Calarasi'),(1401,72,'Giurgiu'),(1404,224,'Acquaviva'),(1405,224,'Chiesanuova'),(1406,224,'Domagnano'),(1407,224,'Faetano'),(1408,224,'Fiorentino'),(1409,224,'Borgo Maggiore'),(1410,224,'San Marino'),(1411,224,'Monte Giardino'),(1412,224,'Serravalle'),(1413,52,'Banska Bystrica'),(1414,52,'Bratislava'),(1415,52,'Kosice'),(1416,52,'Nitra'),(1417,52,'Presov'),(1418,52,'Trencin'),(1419,52,'Trnava'),(1420,52,'Zilina'),(1423,53,'Beltinci'),(1425,53,'Bohinj'),(1426,53,'Borovnica'),(1427,53,'Bovec'),(1428,53,'Brda'),(1429,53,'Brezice'),(1430,53,'Brezovica'),(1432,53,'Cerklje na Gorenjskem'),(1434,53,'Cerkno'),(1436,53,'Crna na Koroskem'),(1437,53,'Crnomelj'),(1438,53,'Divaca'),(1439,53,'Dobrepolje'),(1440,53,'Dol pri Ljubljani'),(1443,53,'Duplek'),(1447,53,'Gornji Grad'),(1450,53,'Hrastnik'),(1451,53,'Hrpelje-Kozina'),(1452,53,'Idrija'),(1453,53,'Ig'),(1454,53,'Ilirska Bistrica'),(1455,53,'Ivancna Gorica'),(1462,53,'Komen'),(1463,53,'Koper-Capodistria'),(1464,53,'Kozje'),(1465,53,'Kranj'),(1466,53,'Kranjska Gora'),(1467,53,'Krsko'),(1469,53,'Lasko'),(1470,53,'Ljubljana'),(1471,53,'Ljubno'),(1472,53,'Logatec'),(1475,53,'Medvode'),(1476,53,'Menges'),(1478,53,'Mezica'),(1480,53,'Moravce'),(1482,53,'Mozirje'),(1483,53,'Murska Sobota'),(1487,53,'Nova Gorica'),(1489,53,'Ormoz'),(1491,53,'Pesnica'),(1494,53,'Postojna'),(1497,53,'Radece'),(1498,53,'Radenci'),(1500,53,'Radovljica'),(1502,53,'Rogaska Slatina'),(1505,53,'Sencur'),(1506,53,'Sentilj'),(1508,53,'Sevnica'),(1509,53,'Sezana'),(1511,53,'Skofja Loka'),(1513,53,'Slovenj Gradec'),(1514,53,'Slovenske Konjice'),(1515,53,'Smarje pri Jelsah'),(1521,53,'Tolmin'),(1522,53,'Trbovlje'),(1524,53,'Trzic'),(1526,53,'Velenje'),(1528,53,'Vipava'),(1531,53,'Vrhnika'),(1532,53,'Vuzenica'),(1533,53,'Zagorje ob Savi'),(1535,53,'Zelezniki'),(1536,53,'Ziri'),(1537,53,'Zrece'),(1539,53,'Domzale'),(1540,53,'Jesenice'),(1541,53,'Kamnik'),(1542,53,'Kocevje'),(1544,53,'Lenart'),(1545,53,'Litija'),(1546,53,'Ljutomer'),(1550,53,'Maribor'),(1552,53,'Novo Mesto'),(1553,53,'Piran'),(1554,53,'Preddvor'),(1555,53,'Ptuj'),(1556,53,'Ribnica'),(1558,53,'Sentjur pri Celju'),(1559,53,'Slovenska Bistrica'),(1560,53,'Videm'),(1562,53,'Zalec'),(1564,109,'Seychelles'),(1565,108,'Mauritania'),(1566,135,'Senegal'),(1567,154,'Road Town'),(1568,165,'Congo'),(1569,166,'Avarua'),(1570,172,'Malabo'),(1571,175,'Torshavn'),(1572,178,'Papeete'),(1573,184,'St George&#039;s'),(1574,186,'St Peter Port'),(1575,188,'Bissau'),(1576,193,'Saint Helier'),(1577,201,'Fort-de-France'),(1578,207,'Willemstad'),(1579,208,'Noumea'),(1580,212,'Kingston'),(1581,215,'Adamstown'),(1582,216,'Doha'),(1583,218,'Jamestown'),(1584,219,'Basseterre'),(1585,220,'Castries'),(1586,221,'Saint Pierre'),(1587,222,'Kingstown'),(1588,225,'San Tome'),(1589,226,'Belgrade'),(1590,227,'Freetown'),(1591,229,'Mogadishu'),(1592,235,'Fakaofo'),(1593,237,'Port of Spain'),(1594,241,'Mata-Utu'),(1596,89,'Amazonas'),(1597,89,'Ancash'),(1598,89,'Apurímac'),(1599,89,'Arequipa'),(1600,89,'Ayacucho'),(1601,89,'Cajamarca'),(1602,89,'Callao'),(1603,89,'Cusco'),(1604,89,'Huancavelica'),(1605,89,'Huánuco'),(1606,89,'Ica'),(1607,89,'Junín'),(1608,89,'La Libertad'),(1609,89,'Lambayeque'),(1610,89,'Lima'),(1611,89,'Loreto'),(1612,89,'Madre de Dios'),(1613,89,'Moquegua'),(1614,89,'Pasco'),(1615,89,'Piura'),(1616,89,'Puno'),(1617,89,'San Martín'),(1618,89,'Tacna'),(1619,89,'Tumbes'),(1620,89,'Ucayali'),(1622,110,'Alto Paraná'),(1623,110,'Amambay'),(1624,110,'Boquerón'),(1625,110,'Caaguaz&uacute;'),(1626,110,'Caazapá'),(1627,110,'Central'),(1628,110,'Concepción'),(1629,110,'Cordillera'),(1630,110,'Guairá'),(1631,110,'Itap&uacute;a'),(1632,110,'Misiones'),(1633,110,'Neembuc&uacute;'),(1634,110,'Paraguarí'),(1635,110,'Presidente Hayes'),(1636,110,'San Pedro'),(1637,110,'Alto Paraguay'),(1638,110,'Canindey&uacute;'),(1639,110,'Chaco'),(1642,111,'Artigas'),(1643,111,'Canelones'),(1644,111,'Cerro Largo'),(1645,111,'Colonia'),(1646,111,'Durazno'),(1647,111,'Flores'),(1648,111,'Florida'),(1649,111,'Lavalleja'),(1650,111,'Maldonado'),(1651,111,'Montevideo'),(1652,111,'Paysand&uacute;'),(1653,111,'Río Negro'),(1654,111,'Rivera'),(1655,111,'Rocha'),(1656,111,'Salto'),(1657,111,'San José'),(1658,111,'Soriano'),(1659,111,'Tacuarembó'),(1660,111,'Treinta y Tres'),(1662,81,'Región de Tarapacá'),(1663,81,'Región de Antofagasta'),(1664,81,'Región de Atacama'),(1665,81,'Región de Coquimbo'),(1666,81,'Región de Valparaíso'),(1667,81,'Región del Libertador General Bernardo O&#039;Higgins'),(1668,81,'Región del Maule'),(1669,81,'Región del Bío Bío'),(1670,81,'Región de La Araucanía'),(1671,81,'Región de Los Lagos'),(1672,81,'Región Aisén del General Carlos Ibáñez del Campo'),(1673,81,'Región de Magallanes y de la Antártica Chilena'),(1674,81,'Región Metropolitana de Santiago'),(1676,185,'Alta Verapaz'),(1677,185,'Baja Verapaz'),(1678,185,'Chimaltenango'),(1679,185,'Chiquimula'),(1680,185,'El Progreso'),(1681,185,'Escuintla'),(1682,185,'Guatemala'),(1683,185,'Huehuetenango'),(1684,185,'Izabal'),(1685,185,'Jalapa'),(1686,185,'Jutiapa'),(1687,185,'Petén'),(1688,185,'Quetzaltenango'),(1689,185,'Quiché'),(1690,185,'Retalhuleu'),(1691,185,'Sacatepéquez'),(1692,185,'San Marcos'),(1693,185,'Santa Rosa'),(1694,185,'Sololá'),(1695,185,'Suchitepequez'),(1696,185,'Totonicapán'),(1697,185,'Zacapa'),(1699,82,'Amazonas'),(1700,82,'Antioquia'),(1701,82,'Arauca'),(1702,82,'Atlántico'),(1703,82,'Caquetá'),(1704,82,'Cauca'),(1705,82,'César'),(1706,82,'Chocó'),(1707,82,'Córdoba'),(1708,82,'Guaviare'),(1709,82,'Guainía'),(1710,82,'Huila'),(1711,82,'La Guajira'),(1712,82,'Meta'),(1713,82,'Narino'),(1714,82,'Norte de Santander'),(1715,82,'Putumayo'),(1716,82,'Quindío'),(1717,82,'Risaralda'),(1718,82,'San Andrés y Providencia'),(1719,82,'Santander'),(1720,82,'Sucre'),(1721,82,'Tolima'),(1722,82,'Valle del Cauca'),(1723,82,'Vaupés'),(1724,82,'Vichada'),(1725,82,'Casanare'),(1726,82,'Cundinamarca'),(1727,82,'Distrito Especial'),(1730,82,'Caldas'),(1731,82,'Magdalena'),(1733,42,'Aguascalientes'),(1734,42,'Baja California'),(1735,42,'Baja California Sur'),(1736,42,'Campeche'),(1737,42,'Chiapas'),(1738,42,'Chihuahua'),(1739,42,'Coahuila de Zaragoza'),(1740,42,'Colima'),(1741,42,'Distrito Federal'),(1742,42,'Durango'),(1743,42,'Guanajuato'),(1744,42,'Guerrero'),(1745,42,'Hidalgo'),(1746,42,'Jalisco'),(1747,42,'México'),(1748,42,'Michoacán de Ocampo'),(1749,42,'Morelos'),(1750,42,'Nayarit'),(1751,42,'Nuevo León'),(1752,42,'Oaxaca'),(1753,42,'Puebla'),(1754,42,'Querétaro de Arteaga'),(1755,42,'Quintana Roo'),(1756,42,'San Luis Potosí'),(1757,42,'Sinaloa'),(1758,42,'Sonora'),(1759,42,'Tabasco'),(1760,42,'Tamaulipas'),(1761,42,'Tlaxcala'),(1762,42,'Veracruz-Llave'),(1763,42,'Yucatán'),(1764,42,'Zacatecas'),(1766,124,'Bocas del Toro'),(1767,124,'Chiriquí'),(1768,124,'Coclé'),(1769,124,'Colón'),(1770,124,'Darién'),(1771,124,'Herrera'),(1772,124,'Los Santos'),(1773,124,'Panamá'),(1774,124,'San Blas'),(1775,124,'Veraguas'),(1777,123,'Chuquisaca'),(1778,123,'Cochabamba'),(1779,123,'El Beni'),(1780,123,'La Paz'),(1781,123,'Oruro'),(1782,123,'Pando'),(1783,123,'Potosí'),(1784,123,'Santa Cruz'),(1785,123,'Tarija'),(1787,36,'Alajuela'),(1788,36,'Cartago'),(1789,36,'Guanacaste'),(1790,36,'Heredia'),(1791,36,'Limón'),(1792,36,'Puntarenas'),(1793,36,'San José'),(1795,103,'Galápagos'),(1796,103,'Azuay'),(1797,103,'Bolívar'),(1798,103,'Canar'),(1799,103,'Carchi'),(1800,103,'Chimborazo'),(1801,103,'Cotopaxi'),(1802,103,'El Oro'),(1803,103,'Esmeraldas'),(1804,103,'Guayas'),(1805,103,'Imbabura'),(1806,103,'Loja'),(1807,103,'Los Ríos'),(1808,103,'Manabí'),(1809,103,'Morona-Santiago'),(1810,103,'Pastaza'),(1811,103,'Pichincha'),(1812,103,'Tungurahua'),(1813,103,'Zamora-Chinchipe'),(1814,103,'Sucumbíos'),(1815,103,'Napo'),(1816,103,'Orellana'),(1818,5,'Buenos Aires'),(1819,5,'Catamarca'),(1820,5,'Chaco'),(1821,5,'Chubut'),(1822,5,'Córdoba'),(1823,5,'Corrientes'),(1824,5,'Distrito Federal'),(1825,5,'Entre Ríos'),(1826,5,'Formosa'),(1827,5,'Jujuy'),(1828,5,'La Pampa'),(1829,5,'La Rioja'),(1830,5,'Mendoza'),(1831,5,'Misiones'),(1832,5,'Neuquén'),(1833,5,'Río Negro'),(1834,5,'Salta'),(1835,5,'San Juan'),(1836,5,'San Luis'),(1837,5,'Santa Cruz'),(1838,5,'Santa Fe'),(1839,5,'Santiago del Estero'),(1840,5,'Tierra del Fuego'),(1841,5,'Tucumán'),(1843,95,'Amazonas'),(1844,95,'Anzoategui'),(1845,95,'Apure'),(1846,95,'Aragua'),(1847,95,'Barinas'),(1848,95,'Bolívar'),(1849,95,'Carabobo'),(1850,95,'Cojedes'),(1851,95,'Delta Amacuro'),(1852,95,'Falcón'),(1853,95,'Guárico'),(1854,95,'Lara'),(1855,95,'Mérida'),(1856,95,'Miranda'),(1857,95,'Monagas'),(1858,95,'Nueva Esparta'),(1859,95,'Portuguesa'),(1860,95,'Sucre'),(1861,95,'Táchira'),(1862,95,'Trujillo'),(1863,95,'Yaracuy'),(1864,95,'Zulia'),(1865,95,'Dependencias Federales'),(1866,95,'Distrito Capital'),(1867,95,'Vargas'),(1869,209,'Boaco'),(1870,209,'Carazo'),(1871,209,'Chinandega'),(1872,209,'Chontales'),(1873,209,'Estelí'),(1874,209,'Granada'),(1875,209,'Jinotega'),(1876,209,'León'),(1877,209,'Madriz'),(1878,209,'Managua'),(1879,209,'Masaya'),(1880,209,'Matagalpa'),(1881,209,'Nueva Segovia'),(1882,209,'Rio San Juan'),(1883,209,'Rivas'),(1884,209,'Zelaya'),(1886,113,'Pinar del Rio'),(1887,113,'Ciudad de la Habana'),(1888,113,'Matanzas'),(1889,113,'Isla de la Juventud'),(1890,113,'Camaguey'),(1891,113,'Ciego de Avila'),(1892,113,'Cienfuegos'),(1893,113,'Granma'),(1894,113,'Guantanamo'),(1895,113,'La Habana'),(1896,113,'Holguin'),(1897,113,'Las Tunas'),(1898,113,'Sancti Spiritus'),(1899,113,'Santiago de Cuba'),(1900,113,'Villa Clara'),(1901,12,'Acre'),(1902,12,'Alagoas'),(1903,12,'Amapa'),(1904,12,'Amazonas'),(1905,12,'Bahia'),(1906,12,'Ceara'),(1907,12,'Distrito Federal'),(1908,12,'Espirito Santo'),(1909,12,'Mato Grosso do Sul'),(1910,12,'Maranhao'),(1911,12,'Mato Grosso'),(1912,12,'Minas Gerais'),(1913,12,'Para'),(1914,12,'Paraiba'),(1915,12,'Parana'),(1916,12,'Piaui'),(1917,12,'Rio de Janeiro'),(1918,12,'Rio Grande do Norte'),(1919,12,'Rio Grande do Sul'),(1920,12,'Rondonia'),(1921,12,'Roraima'),(1922,12,'Santa Catarina'),(1923,12,'Sao Paulo'),(1924,12,'Sergipe'),(1925,12,'Goias'),(1926,12,'Pernambuco'),(1927,12,'Tocantins'),(1930,83,'Akureyri'),(1931,83,'Arnessysla'),(1932,83,'Austur-Bardastrandarsysla'),(1933,83,'Austur-Hunavatnssysla'),(1934,83,'Austur-Skaftafellssysla'),(1935,83,'Borgarfjardarsysla'),(1936,83,'Dalasysla'),(1937,83,'Eyjafjardarsysla'),(1938,83,'Gullbringusysla'),(1939,83,'Hafnarfjordur'),(1943,83,'Kjosarsysla'),(1944,83,'Kopavogur'),(1945,83,'Myrasysla'),(1946,83,'Neskaupstadur'),(1947,83,'Nordur-Isafjardarsysla'),(1948,83,'Nordur-Mulasysla'),(1949,83,'Nordur-Tingeyjarsysla'),(1950,83,'Olafsfjordur'),(1951,83,'Rangarvallasysla'),(1952,83,'Reykjavik'),(1953,83,'Saudarkrokur'),(1954,83,'Seydisfjordur'),(1956,83,'Skagafjardarsysla'),(1957,83,'Snafellsnes- og Hnappadalssysla'),(1958,83,'Strandasysla'),(1959,83,'Sudur-Mulasysla'),(1960,83,'Sudur-Tingeyjarsysla'),(1961,83,'Vestmannaeyjar'),(1962,83,'Vestur-Bardastrandarsysla'),(1964,83,'Vestur-Isafjardarsysla'),(1965,83,'Vestur-Skaftafellssysla'),(1966,35,'Anhui'),(1967,35,'Zhejiang'),(1968,35,'Jiangxi'),(1969,35,'Jiangsu'),(1970,35,'Jilin'),(1971,35,'Qinghai'),(1972,35,'Fujian'),(1973,35,'Heilongjiang'),(1974,35,'Henan'),(1975,35,'Hebei'),(1976,35,'Hunan'),(1977,35,'Hubei'),(1978,35,'Xinjiang'),(1979,35,'Xizang'),(1980,35,'Gansu'),(1981,35,'Guangxi'),(1982,35,'Guizhou'),(1983,35,'Liaoning'),(1984,35,'Nei Mongol'),(1985,35,'Ningxia'),(1986,35,'Beijing'),(1987,35,'Shanghai'),(1988,35,'Shanxi'),(1989,35,'Shandong'),(1990,35,'Shaanxi'),(1991,35,'Sichuan'),(1992,35,'Tianjin'),(1993,35,'Yunnan'),(1994,35,'Guangdong'),(1995,35,'Hainan'),(1996,35,'Chongqing'),(1997,97,'Central'),(1998,97,'Coast'),(1999,97,'Eastern'),(2000,97,'Nairobi Area'),(2001,97,'North-Eastern'),(2002,97,'Nyanza'),(2003,97,'Rift Valley'),(2004,97,'Western'),(2006,195,'Gilbert Islands'),(2007,195,'Line Islands'),(2008,195,'Phoenix Islands'),(2010,1,'Australian Capital Territory'),(2011,1,'New South Wales'),(2012,1,'Northern Territory'),(2013,1,'Queensland'),(2014,1,'South Australia'),(2015,1,'Tasmania'),(2016,1,'Victoria'),(2017,1,'Western Australia'),(2018,27,'Dublin'),(2019,27,'Galway'),(2020,27,'Kildare'),(2021,27,'Leitrim'),(2022,27,'Limerick'),(2023,27,'Mayo'),(2024,27,'Meath'),(2025,27,'Carlow'),(2026,27,'Kilkenny'),(2027,27,'Laois'),(2028,27,'Longford'),(2029,27,'Louth'),(2030,27,'Offaly'),(2031,27,'Westmeath'),(2032,27,'Wexford'),(2033,27,'Wicklow'),(2034,27,'Roscommon'),(2035,27,'Sligo'),(2036,27,'Clare'),(2037,27,'Cork'),(2038,27,'Kerry'),(2039,27,'Tipperary'),(2040,27,'Waterford'),(2041,27,'Cavan'),(2042,27,'Donegal'),(2043,27,'Monaghan'),(2044,50,'Karachaeva-Cherkesskaya Respublica'),(2045,50,'Raimirskii (Dolgano-Nenetskii) AO'),(2046,50,'Respublica Tiva'),(2047,32,'Newfoundland'),(2048,32,'Nova Scotia'),(2049,32,'Prince Edward Island'),(2050,32,'New Brunswick'),(2051,32,'Quebec'),(2052,32,'Ontario'),(2053,32,'Manitoba'),(2054,32,'Saskatchewan'),(2055,32,'Alberta'),(2056,32,'British Columbia'),(2057,32,'Nunavut'),(2058,32,'Northwest Territories'),(2059,32,'Yukon Territory'),(2060,19,'Drenthe'),(2061,19,'Friesland'),(2062,19,'Gelderland'),(2063,19,'Groningen'),(2064,19,'Limburg'),(2065,19,'Noord-Brabant'),(2066,19,'Noord-Holland'),(2067,19,'Utrecht'),(2068,19,'Zeeland'),(2069,19,'Zuid-Holland'),(2071,19,'Overijssel'),(2072,19,'Flevoland'),(2073,138,'Duarte'),(2074,138,'Puerto Plata'),(2075,138,'Valverde'),(2076,138,'María Trinidad Sánchez'),(2077,138,'Azua'),(2078,138,'Santiago'),(2079,138,'San Cristóbal'),(2080,138,'Peravia'),(2081,138,'Elías Piña'),(2082,138,'Barahona'),(2083,138,'Monte Plata'),(2084,138,'Salcedo'),(2085,138,'La Altagracia'),(2086,138,'San Juan'),(2087,138,'Monseñor Nouel'),(2088,138,'Monte Cristi'),(2089,138,'Espaillat'),(2090,138,'Sánchez Ramírez'),(2091,138,'La Vega'),(2092,138,'San Pedro de Macorís'),(2093,138,'Independencia'),(2094,138,'Dajabón'),(2095,138,'Baoruco'),(2096,138,'El Seibo'),(2097,138,'Hato Mayor'),(2098,138,'La Romana'),(2099,138,'Pedernales'),(2100,138,'Samaná'),(2101,138,'Santiago Rodríguez'),(2102,138,'San José de Ocoa'),(2103,70,'Chiba'),(2104,70,'Ehime'),(2105,70,'Oita'),(2106,85,'Skopje'),(2108,35,'Schanghai'),(2109,35,'Hongkong'),(2110,35,'Neimenggu'),(2111,35,'Aomen'),(2112,92,'Amnat Charoen'),(2113,92,'Ang Thong'),(2114,92,'Bangkok'),(2115,92,'Buri Ram'),(2116,92,'Chachoengsao'),(2117,92,'Chai Nat'),(2118,92,'Chaiyaphum'),(2119,92,'Chanthaburi'),(2120,92,'Chiang Mai'),(2121,92,'Chiang Rai'),(2122,92,'Chon Buri'),(2124,92,'Kalasin'),(2126,92,'Kanchanaburi'),(2127,92,'Khon Kaen'),(2128,92,'Krabi'),(2129,92,'Lampang'),(2131,92,'Loei'),(2132,92,'Lop Buri'),(2133,92,'Mae Hong Son'),(2134,92,'Maha Sarakham'),(2137,92,'Nakhon Pathom'),(2139,92,'Nakhon Ratchasima'),(2140,92,'Nakhon Sawan'),(2141,92,'Nakhon Si Thammarat'),(2143,92,'Narathiwat'),(2144,92,'Nong Bua Lam Phu'),(2145,92,'Nong Khai'),(2146,92,'Nonthaburi'),(2147,92,'Pathum Thani'),(2148,92,'Pattani'),(2149,92,'Phangnga'),(2150,92,'Phatthalung'),(2154,92,'Phichit'),(2155,92,'Phitsanulok'),(2156,92,'Phra Nakhon Si Ayutthaya'),(2157,92,'Phrae'),(2158,92,'Phuket'),(2159,92,'Prachin Buri'),(2160,92,'Prachuap Khiri Khan'),(2162,92,'Ratchaburi'),(2163,92,'Rayong'),(2164,92,'Roi Et'),(2165,92,'Sa Kaeo'),(2166,92,'Sakon Nakhon'),(2167,92,'Samut Prakan'),(2168,92,'Samut Sakhon'),(2169,92,'Samut Songkhran'),(2170,92,'Saraburi'),(2172,92,'Si Sa Ket'),(2173,92,'Sing Buri'),(2174,92,'Songkhla'),(2175,92,'Sukhothai'),(2176,92,'Suphan Buri'),(2177,92,'Surat Thani'),(2178,92,'Surin'),(2180,92,'Trang'),(2182,92,'Ubon Ratchathani'),(2183,92,'Udon Thani'),(2184,92,'Uthai Thani'),(2185,92,'Uttaradit'),(2186,92,'Yala'),(2187,92,'Yasothon'),(2188,69,'Busan'),(2189,69,'Daegu'),(2191,69,'Gangwon'),(2192,69,'Gwangju'),(2193,69,'Gyeonggi'),(2194,69,'Gyeongsangbuk'),(2195,69,'Gyeongsangnam'),(2196,69,'Jeju'),(2201,25,'Delhi'),(2202,81,'Región de Los Ríos'),(2203,81,'Región de Arica y Parinacota');
/*!40000 ALTER TABLE `tStates` ENABLE KEYS */;
UNLOCK TABLES;

--
-- Table structure for table `tUserModules`
--

DROP TABLE IF EXISTS `tUserModules`;
/*!40101 SET @saved_cs_client     = @@character_set_client */;
/*!40101 SET character_set_client = utf8 */;
CREATE TABLE `tUserModules` (
  `idUserModule` int(10) unsigned NOT NULL AUTO_INCREMENT,
  `idUser` int(10) unsigned NOT NULL,
  `idModule` int(10) unsigned NOT NULL,
  `created_at` timestamp NULL DEFAULT NULL,
  `updated_at` timestamp NULL DEFAULT NULL,
  PRIMARY KEY (`idUserModule`),
  KEY `tusermodules_iduser_foreign` (`idUser`),
  KEY `tusermodules_idmodule_foreign` (`idModule`),
  CONSTRAINT `tusermodules_idmodule_foreign` FOREIGN KEY (`idModule`) REFERENCES `tModules` (`idModule`),
  CONSTRAINT `tusermodules_iduser_foreign` FOREIGN KEY (`idUser`) REFERENCES `tUsers` (`idUser`)
) ENGINE=InnoDB AUTO_INCREMENT=64 DEFAULT CHARSET=utf8mb4 COLLATE=utf8mb4_unicode_ci;
/*!40101 SET character_set_client = @saved_cs_client */;

--
-- Dumping data for table `tUserModules`
--

LOCK TABLES `tUserModules` WRITE;
/*!40000 ALTER TABLE `tUserModules` DISABLE KEYS */;
INSERT INTO `tUserModules` VALUES (54,1,8,NULL,NULL),(55,1,9,NULL,NULL),(56,1,14,NULL,NULL),(57,1,15,NULL,NULL),(58,1,16,NULL,NULL),(59,1,17,NULL,NULL),(60,1,18,NULL,NULL),(61,1,19,NULL,NULL),(62,1,20,NULL,NULL),(63,1,21,NULL,NULL);
/*!40000 ALTER TABLE `tUserModules` ENABLE KEYS */;
UNLOCK TABLES;

--
-- Table structure for table `tUsers`
--

DROP TABLE IF EXISTS `tUsers`;
/*!40101 SET @saved_cs_client     = @@character_set_client */;
/*!40101 SET character_set_client = utf8 */;
CREATE TABLE `tUsers` (
  `idUser` int(10) unsigned NOT NULL AUTO_INCREMENT,
  `loginUser` varchar(180) COLLATE utf8mb4_unicode_ci NOT NULL,
  `emailUser` varchar(180) COLLATE utf8mb4_unicode_ci NOT NULL,
  `claveUser` varchar(180) COLLATE utf8mb4_unicode_ci NOT NULL,
  `statusUser` int(11) NOT NULL DEFAULT '1',
  `remember_token` varchar(100) COLLATE utf8mb4_unicode_ci DEFAULT NULL,
  `created_at` timestamp NULL DEFAULT NULL,
  `updated_at` timestamp NULL DEFAULT NULL,
  PRIMARY KEY (`idUser`),
  UNIQUE KEY `tusers_loginuser_unique` (`loginUser`),
  UNIQUE KEY `tusers_emailuser_unique` (`emailUser`)
) ENGINE=InnoDB AUTO_INCREMENT=2 DEFAULT CHARSET=utf8mb4 COLLATE=utf8mb4_unicode_ci;
/*!40101 SET character_set_client = @saved_cs_client */;

--
-- Dumping data for table `tUsers`
--

LOCK TABLES `tUsers` WRITE;
/*!40000 ALTER TABLE `tUsers` DISABLE KEYS */;
INSERT INTO `tUsers` VALUES (1,'juang','jcgljuancarlos@gmail.com','$2y$10$86Xj6yKmjW7OMa9D9TDXb.vyZFFDC1HH/8qXsi6BTVvkV0.oOuzbC',1,'BuTc3TcrBDM4qSjp3c8dgqAxo6MsNXlLmfRgr4XeMLGyhgj5uMK7NiTteVCM','2017-12-29 07:10:32','2017-12-29 07:10:32');
/*!40000 ALTER TABLE `tUsers` ENABLE KEYS */;
UNLOCK TABLES;

--
-- Table structure for table `tax_accounts`
--

DROP TABLE IF EXISTS `tax_accounts`;
/*!40101 SET @saved_cs_client     = @@character_set_client */;
/*!40101 SET character_set_client = utf8 */;
CREATE TABLE `tax_accounts` (
  `id` int(10) unsigned NOT NULL AUTO_INCREMENT,
  `name` varchar(255) COLLATE utf8mb4_unicode_ci NOT NULL,
  `code` varchar(255) COLLATE utf8mb4_unicode_ci DEFAULT NULL,
  `description` text COLLATE utf8mb4_unicode_ci NOT NULL,
  `extra_description` text COLLATE utf8mb4_unicode_ci NOT NULL,
  `iibb_aliquot` decimal(16,2) NOT NULL DEFAULT '0.00',
  `created_at` timestamp NULL DEFAULT NULL,
  `updated_at` timestamp NULL DEFAULT NULL,
  PRIMARY KEY (`id`)
) ENGINE=InnoDB DEFAULT CHARSET=utf8mb4 COLLATE=utf8mb4_unicode_ci;
/*!40101 SET character_set_client = @saved_cs_client */;

--
-- Dumping data for table `tax_accounts`
--

LOCK TABLES `tax_accounts` WRITE;
/*!40000 ALTER TABLE `tax_accounts` DISABLE KEYS */;
/*!40000 ALTER TABLE `tax_accounts` ENABLE KEYS */;
UNLOCK TABLES;

--
-- Table structure for table `types`
--

DROP TABLE IF EXISTS `types`;
/*!40101 SET @saved_cs_client     = @@character_set_client */;
/*!40101 SET character_set_client = utf8 */;
CREATE TABLE `types` (
  `id` int(10) unsigned NOT NULL AUTO_INCREMENT,
  `created_at` timestamp NULL DEFAULT NULL,
  `updated_at` timestamp NULL DEFAULT NULL,
  `name` varchar(255) COLLATE utf8mb4_unicode_ci NOT NULL,
  `apply_to` varchar(255) COLLATE utf8mb4_unicode_ci NOT NULL,
  PRIMARY KEY (`id`)
) ENGINE=InnoDB AUTO_INCREMENT=7 DEFAULT CHARSET=utf8mb4 COLLATE=utf8mb4_unicode_ci;
/*!40101 SET character_set_client = @saved_cs_client */;

--
-- Dumping data for table `types`
--

LOCK TABLES `types` WRITE;
/*!40000 ALTER TABLE `types` DISABLE KEYS */;
INSERT INTO `types` VALUES (1,NULL,NULL,'Venta','iibb'),(2,NULL,NULL,'Compra','iibb'),(3,NULL,NULL,'Retencion','iibb'),(4,NULL,NULL,'SIRCREB','iibb'),(5,NULL,NULL,'Compensacion','iibb'),(6,NULL,NULL,'Anticipos de Ganancias','iibb');
/*!40000 ALTER TABLE `types` ENABLE KEYS */;
UNLOCK TABLES;

--
-- Table structure for table `user_persons`
--

DROP TABLE IF EXISTS `user_persons`;
/*!40101 SET @saved_cs_client     = @@character_set_client */;
/*!40101 SET character_set_client = utf8 */;
CREATE TABLE `user_persons` (
  `id` int(10) unsigned NOT NULL AUTO_INCREMENT,
  `user_id` int(10) unsigned NOT NULL,
  `person_id` int(10) unsigned NOT NULL,
  `parent_person_id` int(10) unsigned DEFAULT NULL,
  `created_at` timestamp NULL DEFAULT NULL,
  `updated_at` timestamp NULL DEFAULT NULL,
  PRIMARY KEY (`id`),
  KEY `user_persons_user_id_foreign` (`user_id`),
  KEY `user_persons_person_id_foreign` (`person_id`),
  KEY `user_persons_parent_person_id_foreign` (`parent_person_id`),
  CONSTRAINT `user_persons_parent_person_id_foreign` FOREIGN KEY (`parent_person_id`) REFERENCES `persons` (`id`),
  CONSTRAINT `user_persons_person_id_foreign` FOREIGN KEY (`person_id`) REFERENCES `persons` (`id`),
  CONSTRAINT `user_persons_user_id_foreign` FOREIGN KEY (`user_id`) REFERENCES `tUsers` (`idUser`)
) ENGINE=InnoDB AUTO_INCREMENT=201 DEFAULT CHARSET=utf8mb4 COLLATE=utf8mb4_unicode_ci;
/*!40101 SET character_set_client = @saved_cs_client */;

--
-- Dumping data for table `user_persons`
--

LOCK TABLES `user_persons` WRITE;
/*!40000 ALTER TABLE `user_persons` DISABLE KEYS */;
INSERT INTO `user_persons` VALUES (1,1,1,NULL,'2017-12-30 01:31:09','2017-12-30 01:31:09'),(2,1,2,1,'2017-12-30 01:32:32','2017-12-30 01:32:32'),(3,1,3,1,'2017-12-30 01:32:32','2017-12-30 01:32:32'),(4,1,4,1,'2017-12-30 01:32:32','2017-12-30 01:32:32'),(5,1,5,1,'2017-12-30 01:32:32','2017-12-30 01:32:32'),(6,1,6,1,'2017-12-30 01:32:32','2017-12-30 01:32:32'),(7,1,7,1,'2017-12-30 01:32:32','2017-12-30 01:32:32'),(8,1,8,1,'2017-12-30 01:32:32','2017-12-30 01:32:32'),(9,1,9,1,'2017-12-30 01:32:32','2017-12-30 01:32:32'),(10,1,10,1,'2017-12-30 01:32:32','2017-12-30 01:32:32'),(11,1,11,1,'2017-12-30 01:32:32','2017-12-30 01:32:32'),(12,1,12,1,'2017-12-30 01:32:32','2017-12-30 01:32:32'),(13,1,13,1,'2017-12-30 01:32:32','2017-12-30 01:32:32'),(14,1,14,1,'2017-12-30 01:32:32','2017-12-30 01:32:32'),(15,1,15,1,'2017-12-30 01:32:32','2017-12-30 01:32:32'),(16,1,16,1,'2017-12-30 01:32:32','2017-12-30 01:32:32'),(17,1,17,1,'2017-12-30 01:32:32','2017-12-30 01:32:32'),(18,1,18,1,'2017-12-30 01:32:32','2017-12-30 01:32:32'),(19,1,19,1,'2017-12-30 01:32:32','2017-12-30 01:32:32'),(20,1,20,1,'2017-12-30 01:32:32','2017-12-30 01:32:32'),(21,1,21,1,'2017-12-30 01:32:32','2017-12-30 01:32:32'),(22,1,22,1,'2017-12-30 01:32:32','2017-12-30 01:32:32'),(23,1,23,1,'2017-12-30 01:32:32','2017-12-30 01:32:32'),(24,1,24,1,'2017-12-30 01:32:32','2017-12-30 01:32:32'),(25,1,25,1,'2017-12-30 01:32:32','2017-12-30 01:32:32'),(26,1,26,1,'2017-12-30 01:32:32','2017-12-30 01:32:32'),(27,1,27,1,'2017-12-30 01:32:32','2017-12-30 01:32:32'),(28,1,28,1,'2017-12-30 01:32:32','2017-12-30 01:32:32'),(29,1,29,1,'2017-12-30 01:32:32','2017-12-30 01:32:32'),(30,1,30,1,'2017-12-30 01:32:32','2017-12-30 01:32:32'),(31,1,31,1,'2017-12-30 01:32:32','2017-12-30 01:32:32'),(32,1,32,1,'2017-12-30 01:32:32','2017-12-30 01:32:32'),(33,1,33,1,'2017-12-30 01:32:32','2017-12-30 01:32:32'),(34,1,34,1,'2017-12-30 01:32:32','2017-12-30 01:32:32'),(35,1,35,1,'2017-12-30 01:32:32','2017-12-30 01:32:32'),(36,1,36,1,'2017-12-30 01:32:32','2017-12-30 01:32:32'),(37,1,37,1,'2017-12-30 01:32:32','2017-12-30 01:32:32'),(38,1,38,1,'2017-12-30 01:32:32','2017-12-30 01:32:32'),(39,1,39,1,'2017-12-30 01:32:32','2017-12-30 01:32:32'),(40,1,40,1,'2017-12-30 01:32:32','2017-12-30 01:32:32'),(41,1,41,1,'2017-12-30 01:32:32','2017-12-30 01:32:32'),(42,1,42,1,'2017-12-30 01:32:32','2017-12-30 01:32:32'),(43,1,43,1,'2017-12-30 01:32:32','2017-12-30 01:32:32'),(44,1,44,1,'2017-12-30 01:32:32','2017-12-30 01:32:32'),(45,1,45,1,'2017-12-30 01:32:32','2017-12-30 01:32:32'),(46,1,46,1,'2017-12-30 01:32:32','2017-12-30 01:32:32'),(47,1,47,1,'2017-12-30 01:32:32','2017-12-30 01:32:32'),(48,1,48,1,'2017-12-30 01:32:32','2017-12-30 01:32:32'),(49,1,49,1,'2017-12-30 01:32:32','2017-12-30 01:32:32'),(50,1,50,1,'2017-12-30 01:32:32','2017-12-30 01:32:32'),(51,1,51,1,'2017-12-30 01:32:32','2017-12-30 01:32:32'),(52,1,52,1,'2017-12-30 01:32:32','2017-12-30 01:32:32'),(53,1,53,1,'2017-12-30 01:32:32','2017-12-30 01:32:32'),(54,1,54,1,'2017-12-30 01:32:32','2017-12-30 01:32:32'),(55,1,55,1,'2017-12-30 01:32:32','2017-12-30 01:32:32'),(56,1,56,1,'2017-12-30 01:32:32','2017-12-30 01:32:32'),(57,1,57,1,'2017-12-30 01:32:32','2017-12-30 01:32:32'),(58,1,58,1,'2017-12-30 01:32:32','2017-12-30 01:32:32'),(59,1,59,1,'2017-12-30 01:32:32','2017-12-30 01:32:32'),(60,1,60,1,'2017-12-30 01:32:32','2017-12-30 01:32:32'),(61,1,61,1,'2017-12-30 01:32:32','2017-12-30 01:32:32'),(62,1,62,1,'2017-12-30 01:32:32','2017-12-30 01:32:32'),(63,1,63,1,'2017-12-30 01:32:32','2017-12-30 01:32:32'),(64,1,64,1,'2017-12-30 01:32:32','2017-12-30 01:32:32'),(65,1,65,1,'2017-12-30 01:32:32','2017-12-30 01:32:32'),(66,1,66,1,'2017-12-30 01:32:32','2017-12-30 01:32:32'),(67,1,67,1,'2017-12-30 01:32:32','2017-12-30 01:32:32'),(68,1,68,1,'2017-12-30 01:32:32','2017-12-30 01:32:32'),(69,1,69,1,'2017-12-30 01:32:32','2017-12-30 01:32:32'),(70,1,70,1,'2017-12-30 01:32:32','2017-12-30 01:32:32'),(71,1,71,1,'2017-12-30 01:32:32','2017-12-30 01:32:32'),(72,1,72,1,'2017-12-30 01:32:32','2017-12-30 01:32:32'),(73,1,73,1,'2017-12-30 01:32:32','2017-12-30 01:32:32'),(74,1,74,1,'2017-12-30 01:32:32','2017-12-30 01:32:32'),(75,1,75,1,'2017-12-30 01:32:32','2017-12-30 01:32:32'),(76,1,76,1,'2017-12-30 01:32:32','2017-12-30 01:32:32'),(77,1,77,1,'2017-12-30 01:32:32','2017-12-30 01:32:32'),(78,1,78,1,'2017-12-30 01:32:32','2017-12-30 01:32:32'),(79,1,79,1,'2017-12-30 01:32:32','2017-12-30 01:32:32'),(80,1,80,1,'2017-12-30 01:32:32','2017-12-30 01:32:32'),(81,1,81,1,'2017-12-30 01:32:32','2017-12-30 01:32:32'),(82,1,82,1,'2017-12-30 01:32:32','2017-12-30 01:32:32'),(83,1,83,1,'2017-12-30 01:32:32','2017-12-30 01:32:32'),(84,1,84,1,'2017-12-30 01:32:32','2017-12-30 01:32:32'),(85,1,85,1,'2017-12-30 01:32:32','2017-12-30 01:32:32'),(86,1,86,1,'2017-12-30 01:32:32','2017-12-30 01:32:32'),(87,1,87,1,'2017-12-30 01:32:32','2017-12-30 01:32:32'),(88,1,88,1,'2017-12-30 01:32:32','2017-12-30 01:32:32'),(89,1,89,1,'2017-12-30 01:32:32','2017-12-30 01:32:32'),(90,1,90,1,'2017-12-30 01:32:32','2017-12-30 01:32:32'),(91,1,91,1,'2017-12-30 01:32:32','2017-12-30 01:32:32'),(92,1,92,1,'2017-12-30 01:32:32','2017-12-30 01:32:32'),(93,1,93,1,'2017-12-30 01:32:32','2017-12-30 01:32:32'),(94,1,94,1,'2017-12-30 01:32:32','2017-12-30 01:32:32'),(95,1,95,1,'2017-12-30 01:32:32','2017-12-30 01:32:32'),(96,1,96,1,'2017-12-30 01:32:32','2017-12-30 01:32:32'),(97,1,97,1,'2017-12-30 01:32:32','2017-12-30 01:32:32'),(98,1,98,1,'2017-12-30 01:32:32','2017-12-30 01:32:32'),(99,1,99,1,'2017-12-30 01:32:32','2017-12-30 01:32:32'),(100,1,100,1,'2017-12-30 01:32:32','2017-12-30 01:32:32'),(101,1,101,1,'2017-12-30 01:32:32','2017-12-30 01:32:32'),(102,1,102,1,'2017-12-30 01:32:32','2017-12-30 01:32:32'),(103,1,103,1,'2017-12-30 01:32:32','2017-12-30 01:32:32'),(104,1,104,1,'2017-12-30 01:32:32','2017-12-30 01:32:32'),(105,1,105,1,'2017-12-30 01:32:32','2017-12-30 01:32:32'),(106,1,106,1,'2017-12-30 01:32:32','2017-12-30 01:32:32'),(107,1,107,1,'2017-12-30 01:32:32','2017-12-30 01:32:32'),(108,1,108,1,'2017-12-30 01:32:32','2017-12-30 01:32:32'),(109,1,109,1,'2017-12-30 01:32:32','2017-12-30 01:32:32'),(110,1,110,1,'2017-12-30 01:32:32','2017-12-30 01:32:32'),(111,1,111,1,'2017-12-30 01:32:32','2017-12-30 01:32:32'),(112,1,112,1,'2017-12-30 01:32:32','2017-12-30 01:32:32'),(113,1,113,1,'2017-12-30 01:32:32','2017-12-30 01:32:32'),(114,1,114,1,'2017-12-30 01:32:32','2017-12-30 01:32:32'),(115,1,115,1,'2017-12-30 01:32:32','2017-12-30 01:32:32'),(116,1,116,1,'2017-12-30 01:32:32','2017-12-30 01:32:32'),(117,1,117,1,'2017-12-30 01:32:32','2017-12-30 01:32:32'),(118,1,118,1,'2017-12-30 01:32:32','2017-12-30 01:32:32'),(119,1,119,1,'2017-12-30 01:32:32','2017-12-30 01:32:32'),(120,1,120,1,'2017-12-30 01:32:32','2017-12-30 01:32:32'),(121,1,121,1,'2017-12-30 01:32:32','2017-12-30 01:32:32'),(122,1,122,1,'2017-12-30 01:32:32','2017-12-30 01:32:32'),(123,1,123,1,'2017-12-30 01:32:32','2017-12-30 01:32:32'),(124,1,124,1,'2017-12-30 01:32:32','2017-12-30 01:32:32'),(125,1,125,1,'2017-12-30 01:32:32','2017-12-30 01:32:32'),(126,1,126,1,'2017-12-30 01:32:32','2017-12-30 01:32:32'),(127,1,127,1,'2017-12-30 01:32:32','2017-12-30 01:32:32'),(128,1,128,1,'2017-12-30 01:32:32','2017-12-30 01:32:32'),(129,1,129,1,'2017-12-30 01:32:32','2017-12-30 01:32:32'),(130,1,130,1,'2017-12-30 01:32:32','2017-12-30 01:32:32'),(131,1,131,1,'2017-12-30 01:32:32','2017-12-30 01:32:32'),(132,1,132,1,'2017-12-30 01:32:32','2017-12-30 01:32:32'),(133,1,133,1,'2017-12-30 01:32:32','2017-12-30 01:32:32'),(134,1,134,1,'2017-12-30 01:32:32','2017-12-30 01:32:32'),(135,1,135,1,'2017-12-30 01:32:32','2017-12-30 01:32:32'),(136,1,136,1,'2017-12-30 01:32:32','2017-12-30 01:32:32'),(137,1,137,1,'2017-12-30 01:32:32','2017-12-30 01:32:32'),(138,1,138,1,'2017-12-30 01:32:32','2017-12-30 01:32:32'),(139,1,139,1,'2017-12-30 01:32:32','2017-12-30 01:32:32'),(140,1,140,1,'2017-12-30 01:32:32','2017-12-30 01:32:32'),(141,1,141,1,'2017-12-30 01:32:32','2017-12-30 01:32:32'),(142,1,142,1,'2017-12-30 01:32:32','2017-12-30 01:32:32'),(143,1,143,1,'2017-12-30 01:32:32','2017-12-30 01:32:32'),(144,1,144,1,'2017-12-30 01:32:32','2017-12-30 01:32:32'),(145,1,145,1,'2017-12-30 01:32:32','2017-12-30 01:32:32'),(146,1,146,1,'2017-12-30 01:32:32','2017-12-30 01:32:32'),(147,1,147,1,'2017-12-30 01:32:32','2017-12-30 01:32:32'),(148,1,148,1,'2017-12-30 01:32:32','2017-12-30 01:32:32'),(149,1,149,1,'2017-12-30 01:32:32','2017-12-30 01:32:32'),(150,1,150,1,'2017-12-30 01:32:32','2017-12-30 01:32:32'),(151,1,151,1,'2017-12-30 01:32:32','2017-12-30 01:32:32'),(152,1,152,1,'2017-12-30 01:32:32','2017-12-30 01:32:32'),(153,1,153,1,'2017-12-30 01:32:32','2017-12-30 01:32:32'),(154,1,154,1,'2017-12-30 01:32:32','2017-12-30 01:32:32'),(155,1,155,1,'2017-12-30 01:32:32','2017-12-30 01:32:32'),(156,1,156,1,'2017-12-30 01:32:32','2017-12-30 01:32:32'),(157,1,157,1,'2017-12-30 01:32:32','2017-12-30 01:32:32'),(158,1,158,1,'2017-12-30 01:32:32','2017-12-30 01:32:32'),(159,1,159,1,'2017-12-30 01:32:32','2017-12-30 01:32:32'),(160,1,160,1,'2017-12-30 01:32:32','2017-12-30 01:32:32'),(161,1,161,1,'2017-12-30 01:32:32','2017-12-30 01:32:32'),(162,1,162,1,'2017-12-30 01:32:32','2017-12-30 01:32:32'),(163,1,163,1,'2017-12-30 01:32:32','2017-12-30 01:32:32'),(164,1,164,1,'2017-12-30 01:32:32','2017-12-30 01:32:32'),(165,1,165,1,'2017-12-30 01:32:32','2017-12-30 01:32:32'),(166,1,166,1,'2017-12-30 01:32:32','2017-12-30 01:32:32'),(167,1,167,1,'2017-12-30 01:32:32','2017-12-30 01:32:32'),(168,1,168,1,'2017-12-30 01:32:32','2017-12-30 01:32:32'),(169,1,169,1,'2017-12-30 01:32:32','2017-12-30 01:32:32'),(170,1,170,1,'2017-12-30 01:32:32','2017-12-30 01:32:32'),(171,1,171,1,'2017-12-30 01:32:32','2017-12-30 01:32:32'),(172,1,172,1,'2017-12-30 01:32:32','2017-12-30 01:32:32'),(173,1,173,1,'2017-12-30 01:32:32','2017-12-30 01:32:32'),(174,1,174,1,'2017-12-30 01:32:32','2017-12-30 01:32:32'),(175,1,175,1,'2017-12-30 01:32:32','2017-12-30 01:32:32'),(176,1,176,1,'2017-12-30 01:32:32','2017-12-30 01:32:32'),(177,1,177,1,'2017-12-30 01:32:32','2017-12-30 01:32:32'),(178,1,178,1,'2017-12-30 01:32:32','2017-12-30 01:32:32'),(179,1,179,1,'2017-12-30 01:32:32','2017-12-30 01:32:32'),(180,1,180,1,'2017-12-30 01:32:32','2017-12-30 01:32:32'),(181,1,181,1,'2017-12-30 01:32:32','2017-12-30 01:32:32'),(182,1,182,1,'2017-12-30 01:32:32','2017-12-30 01:32:32'),(183,1,183,1,'2017-12-30 01:32:32','2017-12-30 01:32:32'),(184,1,184,1,'2017-12-30 01:32:32','2017-12-30 01:32:32'),(185,1,185,1,'2017-12-30 01:32:32','2017-12-30 01:32:32'),(186,1,186,1,'2017-12-30 01:32:32','2017-12-30 01:32:32'),(187,1,187,1,'2017-12-30 01:32:32','2017-12-30 01:32:32'),(188,1,188,1,'2017-12-30 01:32:32','2017-12-30 01:32:32'),(189,1,189,1,'2017-12-30 01:32:32','2017-12-30 01:32:32'),(190,1,190,1,'2017-12-30 01:32:32','2017-12-30 01:32:32'),(191,1,191,1,'2017-12-30 01:32:32','2017-12-30 01:32:32'),(192,1,192,1,'2017-12-30 01:32:32','2017-12-30 01:32:32'),(193,1,193,1,'2017-12-30 01:32:32','2017-12-30 01:32:32'),(194,1,194,1,'2017-12-30 01:32:32','2017-12-30 01:32:32'),(195,1,195,1,'2017-12-30 01:32:32','2017-12-30 01:32:32'),(196,1,196,1,'2017-12-30 01:32:32','2017-12-30 01:32:32'),(197,1,197,1,'2017-12-30 01:32:32','2017-12-30 01:32:32'),(198,1,198,1,'2017-12-30 01:32:32','2017-12-30 01:32:32'),(199,1,199,1,'2017-12-30 01:32:32','2017-12-30 01:32:32'),(200,1,200,1,'2017-12-30 01:32:32','2017-12-30 01:32:32');
/*!40000 ALTER TABLE `user_persons` ENABLE KEYS */;
UNLOCK TABLES;

--
-- Table structure for table `zones`
--

DROP TABLE IF EXISTS `zones`;
/*!40101 SET @saved_cs_client     = @@character_set_client */;
/*!40101 SET character_set_client = utf8 */;
CREATE TABLE `zones` (
  `id` int(10) unsigned NOT NULL AUTO_INCREMENT,
  `name` varchar(255) COLLATE utf8mb4_unicode_ci NOT NULL,
  `sifere_coef` decimal(16,2) NOT NULL DEFAULT '0.00',
  `iibb_aliquot` decimal(16,2) NOT NULL DEFAULT '0.00',
  `iibb_perception_id` int(10) unsigned DEFAULT NULL,
  `retention_id` int(10) unsigned DEFAULT NULL,
  `activity_id` int(10) unsigned DEFAULT NULL,
  `created_at` timestamp NULL DEFAULT NULL,
  `updated_at` timestamp NULL DEFAULT NULL,
  `code` varchar(255) COLLATE utf8mb4_unicode_ci DEFAULT NULL,
  PRIMARY KEY (`id`),
  KEY `zones_iibb_perception_id_foreign` (`iibb_perception_id`),
  KEY `zones_retention_id_foreign` (`retention_id`),
  KEY `zones_activity_id_foreign` (`activity_id`),
  CONSTRAINT `zones_activity_id_foreign` FOREIGN KEY (`activity_id`) REFERENCES `activities` (`id`),
  CONSTRAINT `zones_iibb_perception_id_foreign` FOREIGN KEY (`iibb_perception_id`) REFERENCES `iibb_perceptions` (`id`),
  CONSTRAINT `zones_retention_id_foreign` FOREIGN KEY (`retention_id`) REFERENCES `retentions` (`id`)
) ENGINE=InnoDB AUTO_INCREMENT=141 DEFAULT CHARSET=utf8mb4 COLLATE=utf8mb4_unicode_ci;
/*!40101 SET character_set_client = @saved_cs_client */;

--
-- Dumping data for table `zones`
--

LOCK TABLES `zones` WRITE;
/*!40000 ALTER TABLE `zones` DISABLE KEYS */;
INSERT INTO `zones` VALUES (1,'Córdoba - Sobremonte',0.00,0.00,NULL,NULL,NULL,NULL,NULL,'10'),(2,'Córdoba - Río Seco',0.00,0.00,NULL,NULL,NULL,NULL,NULL,'11'),(3,'Córdoba - Tulumba',0.00,0.00,NULL,NULL,NULL,NULL,NULL,'12'),(4,'Córdoba - Cruz del Eje',0.00,0.00,NULL,NULL,NULL,NULL,NULL,'13'),(5,'Córdoba - Minas',0.00,0.00,NULL,NULL,NULL,NULL,NULL,'14'),(6,'Córdoba - Pocho',0.00,0.00,NULL,NULL,NULL,NULL,NULL,'15'),(7,'Córdoba - San Alberto',0.00,0.00,NULL,NULL,NULL,NULL,NULL,'16'),(8,'Córdoba - San Javier',0.00,0.00,NULL,NULL,NULL,NULL,NULL,'17'),(9,'Córdoba - Gran Córdoba',0.00,0.00,NULL,NULL,NULL,NULL,NULL,'18'),(10,'Córdoba - Resto de la Provincia',0.00,0.00,NULL,NULL,NULL,NULL,NULL,'19'),(11,'Corrientes - Esquina',0.00,0.00,NULL,NULL,NULL,NULL,NULL,'20'),(12,'Corrientes - Sauce',0.00,0.00,NULL,NULL,NULL,NULL,NULL,'21'),(13,'Corrientes - Curuzú-Cuatia',0.00,0.00,NULL,NULL,NULL,NULL,NULL,'22'),(14,'Corrientes - Monte Caseros',0.00,0.00,NULL,NULL,NULL,NULL,NULL,'23'),(15,'Corrientes - Ciudad de Corrientes',0.00,0.00,NULL,NULL,NULL,NULL,NULL,'24'),(16,'Corrientes - Resto de la Provincia',0.00,0.00,NULL,NULL,NULL,NULL,NULL,'25'),(17,'Chaco - Gran Resistencia',0.00,0.00,NULL,NULL,NULL,NULL,NULL,'26'),(18,'Chaco',0.00,0.00,NULL,NULL,NULL,NULL,NULL,'27'),(19,'Chubut - Trelew',0.00,0.00,NULL,NULL,NULL,NULL,NULL,'28'),(20,'Chubut',0.00,0.00,NULL,NULL,NULL,NULL,NULL,'29'),(21,'Entre Ríos - Federación',0.00,0.00,NULL,NULL,NULL,NULL,NULL,'30'),(22,'Entre Ríos - Feliciano',0.00,0.00,NULL,NULL,NULL,NULL,NULL,'31'),(23,'Entre Ríos - Paraná',0.00,0.00,NULL,NULL,NULL,NULL,NULL,'32'),(24,'Entre Ríos - Resto de la Provincia',0.00,0.00,NULL,NULL,NULL,NULL,NULL,'33'),(25,'Formosa - Ciudad de Formosa',0.00,0.00,NULL,NULL,NULL,NULL,NULL,'34'),(26,'Formosa',0.00,0.00,NULL,NULL,NULL,NULL,NULL,'35'),(27,'Jujuy - Ciudad de Jujuy',0.00,0.00,NULL,NULL,NULL,NULL,NULL,'36'),(28,'Jujuy',0.00,0.00,NULL,NULL,NULL,NULL,NULL,'37'),(29,'La Pampa - Chical-Co',0.00,0.00,NULL,NULL,NULL,NULL,NULL,'38'),(30,'La Pampa - Chalileo',0.00,0.00,NULL,NULL,NULL,NULL,NULL,'39'),(31,'La Pampa - Puelén',0.00,0.00,NULL,NULL,NULL,NULL,NULL,'40'),(32,'La Pampa - Limay-Mahuilda',0.00,0.00,NULL,NULL,NULL,NULL,NULL,'41'),(33,'La Pampa - Curaco',0.00,0.00,NULL,NULL,NULL,NULL,NULL,'42'),(34,'La Pampa - Lihuel - Calel',0.00,0.00,NULL,NULL,NULL,NULL,NULL,'43'),(35,'La Pampa - Toay',0.00,0.00,NULL,NULL,NULL,NULL,NULL,'44'),(36,'La Pampa - Resto de la Provincia',0.00,0.00,NULL,NULL,NULL,NULL,NULL,'45'),(37,'La Rioja - Ciudad de la Rioja',0.00,0.00,NULL,NULL,NULL,NULL,NULL,'46'),(38,'La Rioja',0.00,0.00,NULL,NULL,NULL,NULL,NULL,'47'),(39,'Mendoza - Gran Mendoza',0.00,0.00,NULL,NULL,NULL,NULL,NULL,'48'),(40,'Mendoza',0.00,0.00,NULL,NULL,NULL,NULL,NULL,'49'),(41,'Misiones - Posadas',0.00,0.00,NULL,NULL,NULL,NULL,NULL,'50'),(42,'Misiones',0.00,0.00,NULL,NULL,NULL,NULL,NULL,'51'),(43,'Neuquén - Plottier',0.00,0.00,NULL,NULL,NULL,NULL,NULL,'52'),(44,'Neuquén - Centenario',0.00,0.00,NULL,NULL,NULL,NULL,NULL,'53'),(45,'Neuquén - Cutral-Co',0.00,0.00,NULL,NULL,NULL,NULL,NULL,'54'),(46,'Neuquén - Plaza Huincul',0.00,0.00,NULL,NULL,NULL,NULL,NULL,'55'),(47,'Neuquén',0.00,0.00,NULL,NULL,NULL,NULL,NULL,'56'),(48,'Río Negro - Zona N 2',0.00,0.00,NULL,NULL,NULL,NULL,NULL,'57'),(49,'Río Negro - Villa Regina',0.00,0.00,NULL,NULL,NULL,NULL,NULL,'59'),(50,'Río Negro - Zona N 1',0.00,0.00,NULL,NULL,NULL,NULL,NULL,'60'),(51,'Salta - Gran Salta',0.00,0.00,NULL,NULL,NULL,NULL,NULL,'61'),(52,'Salta',0.00,0.00,NULL,NULL,NULL,NULL,NULL,'62'),(53,'San Juan - Gran San Juan',0.00,0.00,NULL,NULL,NULL,NULL,NULL,'63'),(54,'San Juan',0.00,0.00,NULL,NULL,NULL,NULL,NULL,'64'),(55,'San Luis - Ciudad de San Luis',0.00,0.00,NULL,NULL,NULL,NULL,NULL,'65'),(56,'San Luis',0.00,0.00,NULL,NULL,NULL,NULL,NULL,'66'),(57,'Santa Cruz - Caleta Oliva',0.00,0.00,NULL,NULL,NULL,NULL,NULL,'67'),(58,'Santa Cruz - Río Gallegos',0.00,0.00,NULL,NULL,NULL,NULL,NULL,'68'),(59,'Santa Cruz',0.00,0.00,NULL,NULL,NULL,NULL,NULL,'69'),(60,'Santa Fe - Gral Obligado',0.00,0.00,NULL,NULL,NULL,NULL,NULL,'70'),(61,'Santa Fe - San Javier',0.00,0.00,NULL,NULL,NULL,NULL,NULL,'71'),(62,'Santa Fe - Santo Tome',0.00,0.00,NULL,NULL,NULL,NULL,NULL,'72'),(63,'Santa Fe - 9 de Julio',0.00,0.00,NULL,NULL,NULL,NULL,NULL,'73'),(64,'Santa Fe - Vera',0.00,0.00,NULL,NULL,NULL,NULL,NULL,'74'),(65,'Santa Fe - Resto de la Provincia',0.00,0.00,NULL,NULL,NULL,NULL,NULL,'75'),(66,'Santiago del Estero - La Banda',0.00,0.00,NULL,NULL,NULL,NULL,NULL,'76'),(67,'Santiago del Estero - Ojo de Agua',0.00,0.00,NULL,NULL,NULL,NULL,NULL,'77'),(68,'Santiago del Estero - Quebrachos',0.00,0.00,NULL,NULL,NULL,NULL,NULL,'78'),(69,'Santiago del Estero - Rivadavia',0.00,0.00,NULL,NULL,NULL,NULL,NULL,'79'),(70,'Santiago del Estero - Resto de la Provincia',0.00,0.00,NULL,NULL,NULL,NULL,NULL,'80'),(71,'Tierra del Fuego - Río Grande',0.00,0.00,NULL,NULL,NULL,NULL,NULL,'81'),(72,'Tierra del Fuego - Ushuaia',0.00,0.00,NULL,NULL,NULL,NULL,NULL,'82'),(73,'Tierra del Fuego',0.00,0.00,NULL,NULL,NULL,NULL,NULL,'83'),(74,'Tucuman - Gran Tucuman',0.00,0.00,NULL,NULL,NULL,NULL,NULL,'84'),(75,'Tucuman',0.00,0.00,NULL,NULL,NULL,NULL,NULL,'85'),(76,'Formosa - Bermejo',0.00,0.00,NULL,NULL,NULL,NULL,NULL,'87'),(77,'Formosa - Ramón Lista',0.00,0.00,NULL,NULL,NULL,NULL,NULL,'88'),(78,'Formosa - Mataco',0.00,0.00,NULL,NULL,NULL,NULL,NULL,'89'),(79,'Mendoza - Las Heras - Las Cuevas',0.00,0.00,NULL,NULL,NULL,NULL,NULL,'90'),(80,'Mendoza - Resto Las Heras',0.00,0.00,NULL,NULL,NULL,NULL,NULL,'91'),(81,'Mendoza - Luján de Cuyo - Potrerillos',0.00,0.00,NULL,NULL,NULL,NULL,NULL,'92'),(82,'Mendoza - Luján de Cuyo - Carrizal',0.00,0.00,NULL,NULL,NULL,NULL,NULL,'93'),(83,'Mendoza - Luján de Cuyo - Agrelo',0.00,0.00,NULL,NULL,NULL,NULL,NULL,'94'),(84,'Mendoza - Luján de Cuyo - Ugarteche',0.00,0.00,NULL,NULL,NULL,NULL,NULL,'95'),(85,'Mendoza - Luján de Cuyo - Perdriel',0.00,0.00,NULL,NULL,NULL,NULL,NULL,'96'),(86,'Mendoza - Luján de Cuyo - Las Compuertas',0.00,0.00,NULL,NULL,NULL,NULL,NULL,'97'),(87,'Mendoza - Resto distritos Luján de Cuyo',0.00,0.00,NULL,NULL,NULL,NULL,NULL,'98'),(88,'Mendoza - Tupungato - Santa Clara',0.00,0.00,NULL,NULL,NULL,NULL,NULL,'99'),(89,'Capital Federal',0.00,0.00,NULL,NULL,NULL,NULL,NULL,'01'),(90,'Buenos Aires - Vicente Lopez',0.00,0.00,NULL,NULL,NULL,NULL,NULL,'02'),(91,'Buenos Aires - San Vicente',0.00,0.00,NULL,NULL,NULL,NULL,NULL,'03'),(92,'Buenos Aires - Carmen de Patagones',0.00,0.00,NULL,NULL,NULL,NULL,NULL,'04'),(93,'Buenos Aires - Patagones',0.00,0.00,NULL,NULL,NULL,NULL,NULL,'05'),(94,'Buenos Aires - Resto de la Provincia',0.00,0.00,NULL,NULL,NULL,NULL,NULL,'07'),(95,'Buenos Aires - Villarino',0.00,0.00,NULL,NULL,NULL,NULL,NULL,'06'),(96,'Catamarca',0.00,0.00,NULL,NULL,NULL,NULL,NULL,'09'),(97,'Catamarca - Antofagasta de la Sierra Actividad Minera',0.00,0.00,NULL,NULL,NULL,NULL,NULL,'D5'),(98,'Catamarca - Antofagasta de la Sierra Resto Actividades',0.00,0.00,NULL,NULL,NULL,NULL,NULL,'D6'),(99,'Catamarca - Gran Catamarca',0.00,0.00,NULL,NULL,NULL,NULL,NULL,'08'),(100,'Jujuy - Cochinoca',0.00,0.00,NULL,NULL,NULL,NULL,NULL,'D7'),(101,'Jujuy - Humahuaca',0.00,0.00,NULL,NULL,NULL,NULL,NULL,'D8'),(102,'Jujuy - Rinconada',0.00,0.00,NULL,NULL,NULL,NULL,NULL,'D9'),(103,'Jujuy - Santa Catalina',0.00,0.00,NULL,NULL,NULL,NULL,NULL,'E0'),(104,'Jujuy - Susques',0.00,0.00,NULL,NULL,NULL,NULL,NULL,'E1'),(105,'Jujuy - Yavi',0.00,0.00,NULL,NULL,NULL,NULL,NULL,'E2'),(106,'Mendoza - Resto distritos San Carlos',0.00,0.00,NULL,NULL,NULL,NULL,NULL,'A9'),(107,'Mendoza - Tunuyán - Campos de los Andes',0.00,0.00,NULL,NULL,NULL,NULL,NULL,'A6'),(108,'Mendoza - Maipú - Cruz de Piedra',0.00,0.00,NULL,NULL,NULL,NULL,NULL,'B8'),(109,'Mendoza - Maipú - Las Barrancas',0.00,0.00,NULL,NULL,NULL,NULL,NULL,'C0'),(110,'Mendoza - Maipú - Lumlunta',0.00,0.00,NULL,NULL,NULL,NULL,NULL,'B9'),(111,'Mendoza - Maipú - Russell',0.00,0.00,NULL,NULL,NULL,NULL,NULL,'B7'),(112,'Mendoza - Malargue - Río Grande',0.00,0.00,NULL,NULL,NULL,NULL,NULL,'B3'),(113,'Mendoza - Malargue - Agua Escondida',0.00,0.00,NULL,NULL,NULL,NULL,NULL,'B5'),(114,'Mendoza - Malargue - Malargue',0.00,0.00,NULL,NULL,NULL,NULL,NULL,'B2'),(115,'Mendoza - Malargue - Río Barrancas',0.00,0.00,NULL,NULL,NULL,NULL,NULL,'B4'),(116,'Mendoza - Resto Distritos Maipu',0.00,0.00,NULL,NULL,NULL,NULL,NULL,'C1'),(117,'Mendoza - Resto distritos Malargue',0.00,0.00,NULL,NULL,NULL,NULL,NULL,'B6'),(118,'Mendoza - Resto distritos Rivadavia',0.00,0.00,NULL,NULL,NULL,NULL,NULL,'C7'),(119,'Mendoza - Resto distritos San Rafael',0.00,0.00,NULL,NULL,NULL,NULL,NULL,'B1'),(120,'Mendoza - Resto distritos Tunuyán',0.00,0.00,NULL,NULL,NULL,NULL,NULL,'A7'),(121,'Mendoza - Resto distritos Tupungato',0.00,0.00,NULL,NULL,NULL,NULL,NULL,'A3'),(122,'Mendoza - Rivadavia - El Mirador',0.00,0.00,NULL,NULL,NULL,NULL,NULL,'C2'),(123,'Mendoza - Rivadavia - Reducción',0.00,0.00,NULL,NULL,NULL,NULL,NULL,'C4'),(124,'Mendoza - Rivadavia - Los Campamentos',0.00,0.00,NULL,NULL,NULL,NULL,NULL,'C3'),(125,'Mendoza - Rivadavia - Medrano',0.00,0.00,NULL,NULL,NULL,NULL,NULL,'C6'),(126,'Mendoza - San Carlos - Pareditas',0.00,0.00,NULL,NULL,NULL,NULL,NULL,'A8'),(127,'Mendoza - San Rafael - Cuadro Venegas',0.00,0.00,NULL,NULL,NULL,NULL,NULL,'B0'),(128,'Mendoza - Tunuyán - Los Arboles',0.00,0.00,NULL,NULL,NULL,NULL,NULL,'A4'),(129,'Mendoza - Tunuyán - Los Chacayes',0.00,0.00,NULL,NULL,NULL,NULL,NULL,'A5'),(130,'Mendoza - Tupungato - Anchoris',0.00,0.00,NULL,NULL,NULL,NULL,NULL,'A2'),(131,'Mendoza - Tupungato - Zapata',0.00,0.00,NULL,NULL,NULL,NULL,NULL,'A0'),(132,'Mendoza - Tupungato - San José',0.00,0.00,NULL,NULL,NULL,NULL,NULL,'A1'),(133,'Pascua Lama',0.00,0.00,NULL,NULL,NULL,NULL,NULL,'E3'),(134,'Salta - Gral San Martín - Tartagal y su elido urbano',0.00,0.00,NULL,NULL,NULL,NULL,NULL,'D3'),(135,'Salta - Los Andes',0.00,0.00,NULL,NULL,NULL,NULL,NULL,'D0'),(136,'Salta - Oran - San Ramón de la Nueva Oran y su ejido urbano',0.00,0.00,NULL,NULL,NULL,NULL,NULL,'C8'),(137,'Salta - Resto distritos Gral. San Martín',0.00,0.00,NULL,NULL,NULL,NULL,NULL,'D4'),(138,'Salta - Resto distritos Oran',0.00,0.00,NULL,NULL,NULL,NULL,NULL,'C9'),(139,'Salta - Rivadavia',0.00,0.00,NULL,NULL,NULL,NULL,NULL,'D2'),(140,'Salta - Santa Victoria',0.00,0.00,NULL,NULL,NULL,NULL,NULL,'D1');
/*!40000 ALTER TABLE `zones` ENABLE KEYS */;
UNLOCK TABLES;
/*!40103 SET TIME_ZONE=@OLD_TIME_ZONE */;

/*!40101 SET SQL_MODE=@OLD_SQL_MODE */;
/*!40014 SET FOREIGN_KEY_CHECKS=@OLD_FOREIGN_KEY_CHECKS */;
/*!40014 SET UNIQUE_CHECKS=@OLD_UNIQUE_CHECKS */;
/*!40101 SET CHARACTER_SET_CLIENT=@OLD_CHARACTER_SET_CLIENT */;
/*!40101 SET CHARACTER_SET_RESULTS=@OLD_CHARACTER_SET_RESULTS */;
/*!40101 SET COLLATION_CONNECTION=@OLD_COLLATION_CONNECTION */;
/*!40111 SET SQL_NOTES=@OLD_SQL_NOTES */;

-- Dump completed on 2018-01-09 21:12:58
